ExternalOrderRef,CustomerNo,OrderDateText,Sku,Qty,UnitPriceText,PromoCode,CurrencyCode,SourceSystem
EXT-0001,C1000,2026-06-29,SKU-01-0001,2,29.99,SAVE10,USD,WEB
EXT-0001,C1000,2026-06-29,SKU-01-0002,1,59.99,SAVE10,USD,WEB
EXT-0002,C1003,2026-06-29,SKU-01-0003,1,120.00,,GBP,WEB
EXT-0003,C1006,2026-06-28,SKU-02-0004,3,15.50,WELCOME15,EUR,WEB
EXT-0003,C1006,2026-06-28,SKU-02-0005,2,42.00,WELCOME15,EUR,WEB
EXT-0004,C1001,2026-06-28,SKU-02-0006,5,9.99,20OFF100,USD,WEB
EXT-0005,C1009,2026-06-27,SKU-03-0008,1,399.00,VIP25,USD,WEB
EXT-0005,C1009,2026-06-27,SKU-03-0009,1,89.00,VIP25,USD,WEB
EXT-0006,C1002,2026-06-27,SKU-NOPE-0000,1,10.00,,USD,WEB
EXT-0007,C9999,2026-06-27,SKU-04-0010,1,20.00,,USD,WEB
EXT-0008,C1004,2026-06-26,SKU-04-0011,0,20.00,,USD,WEB
EXT-0009,C1441,2026-07-26,SKU-20-0131,3,116.78,,USD,MOBILE
EXT-0010,C1291,2026-07-26,SKU-03-0366,3,878.48,BEAUTY18,USD,WEB
EXT-0010,C1291,2026-07-26,SKU-31-0584,4,841.03,BEAUTY18,USD,WEB
EXT-0010,C1291,2026-07-26,SKU-05-0256,6,620.90,BEAUTY18,USD,WEB
EXT-0010,C1291,2026-07-26,SKU-33-0250,6,838.11,BEAUTY18,USD,WEB
EXT-0010,C1291,2026-07-26,SKU-07-0482,3,767.24,BEAUTY18,USD,WEB
EXT-0011,C1168,2026-07-29,SKU-27-0160,4,464.77,,USD,WEB
EXT-0011,C1168,2026-07-29,SKU-06-0257,1,449.85,,USD,WEB
EXT-0011,C1168,2026-07-29,SKU-04-0283,6,221.40,,USD,WEB
EXT-0011,C1168,2026-07-29,SKU-08-0483,3,61.38,,USD,WEB
EXT-0011,C1168,2026-07-29,SKU-27-0468,1,747.29,,USD,WEB
EXT-0012,C1266,2026-07-28,SKU-06-0285,1,912.88,LAPSED30,USD,WEB
EXT-0012,C1266,2026-07-28,SKU-12-0571,6,36.84,LAPSED30,USD,WEB
EXT-0012,C1266,2026-07-28,SKU-34-0251,3,268.00,LAPSED30,USD,WEB
EXT-0013,C1318,2026-07-26,SKU-13-0516,6,13.83,BOGOBOOKS,CAD,WEB
EXT-0013,C1318,2026-07-26,SKU-30-0387,2,579.72,BOGOBOOKS,CAD,WEB
EXT-0013,C1318,2026-07-26,SKU-17-0296,4,223.01,BOGOBOOKS,CAD,WEB
EXT-0013,C1318,2026-07-26,SKU-14-0377,2,104.33,BOGOBOOKS,CAD,WEB
EXT-0013,C1318,2026-07-26,SKU-17-0051,5,920.98,BOGOBOOKS,CAD,WEB
EXT-0014,C1236,2026-07-27,SKU-31-0276,1,227.24,,USD,PARTNER
EXT-0014,C1236,2026-07-27,SKU-11-0262,3,116.61,,USD,PARTNER
EXT-0015,C1249,2026-07-29,SKU-10-0485,4,276.25,SUMMER15,GBP,MOBILE
EXT-0015,C1249,2026-07-29,SKU-20-0467,2,684.07,SUMMER15,GBP,MOBILE
EXT-0015,C1249,2026-07-29,SKU-16-0463,5,77.04,SUMMER15,GBP,MOBILE
EXT-0015,C1249,2026-07-29,SKU-34-0531,1,310.19,SUMMER15,GBP,MOBILE
EXT-0015,C1249,2026-07-29,SKU-06-0017,3,130.44,SUMMER15,GBP,MOBILE
EXT-0016,C1253,2026-07-26,SKU-28-0189,2,854.75,10OFF50,USD,WEB
EXT-0017,C1432,2026-07-26,SKU-31-0584,4,860.65,AUDIO25,USD,MOBILE
EXT-0017,C1432,2026-07-26,SKU-04-0115,1,155.36,AUDIO25,USD,MOBILE
EXT-0017,C1432,2026-07-26,SKU-13-0096,2,1119.88,AUDIO25,USD,MOBILE
EXT-0017,C1432,2026-07-26,SKU-02-0085,4,343.39,AUDIO25,USD,MOBILE
EXT-0017,C1432,2026-07-26,SKU-34-0307,5,825.26,AUDIO25,USD,MOBILE
EXT-0018,C1444,2026-07-26,SKU-19-0298,4,525.55,GAMING5,USD,WEB
EXT-0018,C1444,2026-07-26,SKU-03-0142,1,39.78,GAMING5,USD,WEB
EXT-0019,C1351,2026-07-30,SKU-34-0139,5,282.40,,USD,WEB
EXT-0019,C1351,2026-07-30,SKU-11-0430,2,276.64,,USD,WEB
EXT-0019,C1351,2026-07-30,SKU-07-0202,5,147.12,,USD,WEB
EXT-0019,C1351,2026-07-30,SKU-17-0324,4,976.42,,USD,WEB
EXT-0019,C1351,2026-07-30,SKU-07-0510,6,731.13,,USD,WEB
EXT-0020,C1370,2026-07-26,SKU-03-0422,2,1038.69,,USD,WEB
EXT-0020,C1370,2026-07-26,SKU-11-0374,3,210.63,,USD,WEB
EXT-0020,C1370,2026-07-26,SKU-05-0508,4,78.56,,USD,WEB
EXT-0021,C1314,2026-07-30,SKU-12-0207,4,473.61,,CAD,MOBILE
EXT-0021,C1314,2026-07-30,SKU-19-0270,1,498.82,,CAD,MOBILE
EXT-0021,C1314,2026-07-30,SKU-08-0259,5,841.50,,CAD,MOBILE
EXT-0021,C1314,2026-07-30,SKU-31-0444,3,943.20,,CAD,MOBILE
EXT-0022,C1468,2026-07-24,SKU-08-0399,6,612.53,,USD,WEB
EXT-0022,C1468,2026-07-24,SKU-09-0456,2,203.51,,USD,WEB
EXT-0022,C1468,2026-07-24,SKU-09-0596,1,531.80,,USD,WEB
EXT-0022,C1468,2026-07-24,SKU-32-0473,6,6.74,,USD,WEB
EXT-0023,C1328,2026-07-29,SKU-02-0197,4,385.54,,USD,WEB
EXT-0023,C1328,2026-07-29,SKU-28-0469,5,719.46,,USD,WEB
EXT-0023,C1328,2026-07-29,SKU-09-0025,2,352.90,,USD,WEB
EXT-0023,C1328,2026-07-29,SKU-12-0291,3,1004.28,,USD,WEB
EXT-0024,C1378,2026-07-27,SKU-09-0540,4,154.97,,USD,POS
EXT-0024,C1378,2026-07-27,SKU-08-0287,2,785.26,,USD,POS
EXT-0025,C1093,2026-07-29,SKU-14-0125,4,573.70,LAPSED30,USD,WEB
EXT-0025,C1093,2026-07-29,SKU-13-0038,2,198.29,LAPSED30,USD,WEB
EXT-0025,C1093,2026-07-29,SKU-31-0472,1,760.79,LAPSED30,USD,WEB
EXT-0025,C1093,2026-07-29,SKU-17-0212,2,311.99,LAPSED30,USD,WEB
EXT-0026,C1498,2026-07-27,SKU-27-0188,4,762.09,SHIPFREE,USD,PARTNER
EXT-0026,C1498,2026-07-27,SKU-30-0219,6,359.54,SHIPFREE,USD,PARTNER
EXT-0026,C1498,2026-07-27,SKU-34-0083,4,446.67,SHIPFREE,USD,PARTNER
EXT-0026,C1498,2026-07-27,SKU-05-0200,5,832.63,SHIPFREE,USD,PARTNER
EXT-0027,C1409,2026-07-25,SKU-08-0455,6,610.46,AUDIO25,EUR,WEB
EXT-0027,C1409,2026-07-25,SKU-09-0456,1,188.00,AUDIO25,EUR,WEB
EXT-0027,C1409,2026-07-25,SKU-32-0529,2,132.44,AUDIO25,EUR,WEB
EXT-0027,C1409,2026-07-25,SKU-10-0233,2,408.16,AUDIO25,EUR,WEB
EXT-0027,C1409,2026-07-25,SKU-01-0476,4,388.33,AUDIO25,EUR,WEB
EXT-0028,C1382,2026-07-29,SKU-04-0591,1,299.95,,USD,PARTNER
EXT-0028,C1382,2026-07-29,SKU-31-0080,4,40.96,,USD,PARTNER
EXT-0028,C1382,2026-07-29,SKU-20-0243,6,754.55,,USD,PARTNER
EXT-0028,C1382,2026-07-29,SKU-30-0247,1,161.53,,USD,PARTNER
EXT-0028,C1382,2026-07-29,SKU-10-0541,3,558.89,,USD,PARTNER
EXT-0029,C1319,2026-07-29,SKU-05-0368,2,664.96,,USD,POS
EXT-0029,C1319,2026-07-29,SKU-17-0464,3,383.35,,USD,POS
EXT-0029,C1319,2026-07-29,SKU-07-0510,6,732.28,,USD,POS
EXT-0029,C1319,2026-07-29,SKU-09-0232,5,580.05,,USD,POS
EXT-0030,C1422,2026-07-28,SKU-12-0347,4,621.19,,USD,PARTNER
EXT-0031,C1082,2026-07-25,SKU-15-0490,3,742.06,,USD,WEB
EXT-0031,C1082,2026-07-25,SKU-33-0474,2,78.56,,USD,WEB
EXT-0031,C1082,2026-07-25,SKU-18-0101,5,56.69,,USD,WEB
EXT-0031,C1082,2026-07-25,SKU-07-0482,6,776.00,,USD,WEB
EXT-0032,C1280,2026-07-30,SKU-04-0283,1,223.53,,USD,WEB
EXT-0032,C1280,2026-07-30,SKU-19-0438,1,523.49,,USD,WEB
EXT-0032,C1280,2026-07-30,SKU-12-0263,2,977.21,,USD,WEB
EXT-0032,C1280,2026-07-30,SKU-06-0369,2,871.62,,USD,WEB
EXT-0033,C1115,2026-07-30,SKU-09-0428,1,1061.45,BOGOBOOKS,USD,MOBILE
EXT-0033,C1115,2026-07-30,SKU-29-0582,2,861.06,BOGOBOOKS,USD,MOBILE
EXT-0033,C1115,2026-07-30,SKU-02-0561,3,380.17,BOGOBOOKS,USD,MOBILE
EXT-0033,C1115,2026-07-30,SKU-17-0324,6,966.60,BOGOBOOKS,USD,MOBILE
EXT-0033,C1115,2026-07-30,SKU-34-0167,5,567.55,BOGOBOOKS,USD,MOBILE
EXT-0034,C1101,2026-07-30,SKU-07-0062,4,87.35,,USD,WEB
EXT-0034,C1101,2026-07-30,SKU-06-0453,3,297.13,,USD,WEB
EXT-0034,C1101,2026-07-30,SKU-34-0111,4,176.30,,USD,WEB
EXT-0034,C1101,2026-07-30,SKU-18-0101,3,56.43,,USD,WEB
EXT-0034,C1101,2026-07-30,SKU-07-0118,3,477.98,,USD,WEB
EXT-0035,C1099,2026-07-27,SKU-02-0225,1,255.76,,USD,PARTNER
EXT-0035,C1099,2026-07-27,SKU-19-0056,3,440.30,,USD,PARTNER
EXT-0035,C1099,2026-07-27,SKU-15-0518,5,490.02,,USD,PARTNER
EXT-0035,C1099,2026-07-27,SKU-31-0556,6,380.65,,USD,PARTNER
EXT-0035,C1099,2026-07-27,SKU-14-0042,2,707.70,,USD,PARTNER
EXT-0036,C1373,2026-07-30,SKU-17-0184,3,351.32,,USD,WEB
EXT-0036,C1373,2026-07-30,SKU-15-0378,6,352.39,,USD,WEB
EXT-0036,C1373,2026-07-30,SKU-30-0275,6,474.81,,USD,WEB
EXT-0037,C1207,2026-07-25,SKU-12-0599,1,256.02,,EUR,MOBILE
EXT-0038,C1496,2026-07-28,SKU-17-0100,4,41.81,,USD,WEB
EXT-0038,C1496,2026-07-28,SKU-08-0455,5,660.37,,USD,WEB
EXT-0038,C1496,2026-07-28,SKU-07-0258,5,411.48,,USD,WEB
EXT-0038,C1496,2026-07-28,SKU-02-0337,5,269.27,,USD,WEB
EXT-0039,C1145,2026-07-24,SKU-09-0092,6,16.76,FREESHIP,USD,PARTNER
EXT-0039,C1145,2026-07-24,SKU-07-0021,3,318.44,FREESHIP,USD,PARTNER
EXT-0039,C1145,2026-07-24,SKU-13-0544,5,924.46,FREESHIP,USD,PARTNER
EXT-0040,C1281,2026-07-26,SKU-02-0337,5,221.17,,GBP,WEB
EXT-0040,C1281,2026-07-26,SKU-32-0389,2,749.00,,GBP,WEB
EXT-0040,C1281,2026-07-26,SKU-07-0454,5,477.24,,GBP,WEB
EXT-0040,C1281,2026-07-26,SKU-01-0003,4,84.65,,GBP,WEB
EXT-0041,C1137,2026-07-25,SKU-29-0498,2,772.46,,GBP,WEB
EXT-0041,C1137,2026-07-25,SKU-08-0147,2,362.03,,GBP,WEB
EXT-0041,C1137,2026-07-25,SKU-05-0564,5,20.67,,GBP,WEB
EXT-0041,C1137,2026-07-25,SKU-14-0545,2,184.82,,GBP,WEB
EXT-0042,C1076,2026-07-29,SKU-20-0523,4,1127.46,,USD,WEB
EXT-0042,C1076,2026-07-29,SKU-14-0433,5,767.47,,USD,WEB
EXT-0043,C1281,2026-07-26,SKU-29-0582,5,845.12,SUMMER15,USD,WEB
EXT-0043,C1281,2026-07-26,SKU-32-0305,4,469.37,SUMMER15,USD,WEB
EXT-0043,C1281,2026-07-26,SKU-13-0460,4,246.53,SUMMER15,USD,WEB
EXT-0043,C1281,2026-07-26,SKU-13-0037,6,302.59,SUMMER15,USD,WEB
EXT-0044,C1131,2026-07-30,SKU-02-0197,2,294.94,BOGOSOCKS,GBP,WEB
EXT-0044,C1131,2026-07-30,SKU-11-0122,1,459.10,BOGOSOCKS,GBP,WEB
EXT-0044,C1131,2026-07-30,SKU-13-0516,5,8.03,BOGOSOCKS,GBP,WEB
EXT-0044,C1131,2026-07-30,SKU-32-0333,4,535.17,BOGOSOCKS,GBP,WEB
EXT-0045,C1055,2026-07-27,SKU-16-0547,2,958.96,,CAD,POS
EXT-0045,C1055,2026-07-27,SKU-16-0211,4,661.31,,CAD,POS
EXT-0045,C1055,2026-07-27,SKU-07-0146,3,1107.45,,CAD,POS
EXT-0046,C1235,2026-07-26,SKU-09-0092,2,17.21,AUDIO25,USD,WEB
EXT-0046,C1235,2026-07-26,SKU-31-0528,5,746.96,AUDIO25,USD,WEB
EXT-0046,C1235,2026-07-26,SKU-30-0107,5,223.91,AUDIO25,USD,WEB
EXT-0047,C1306,2026-07-28,SKU-08-0315,1,786.13,SAVE10,EUR,WEB
EXT-0048,C1203,2026-07-26,SKU-02-0309,6,650.10,KITCHEN12,EUR,WEB
EXT-0049,C1083,2026-07-25,SKU-18-0269,4,245.60,,USD,WEB
EXT-0050,C1145,2026-07-25,SKU-28-0357,3,540.91,,USD,WEB
EXT-0051,C1487,2026-07-25,SKU-19-0438,6,520.07,BOGOSOCKS,USD,WEB
EXT-0051,C1487,2026-07-25,SKU-28-0357,6,556.61,BOGOSOCKS,USD,WEB
EXT-0051,C1487,2026-07-25,SKU-14-0069,5,907.53,BOGOSOCKS,USD,WEB
EXT-0052,C1104,2026-07-27,SKU-16-0155,3,868.56,,GBP,POS
EXT-0052,C1104,2026-07-27,SKU-05-0452,6,145.02,,GBP,POS
EXT-0052,C1104,2026-07-27,SKU-07-0202,4,117.79,,GBP,POS
EXT-0052,C1104,2026-07-27,SKU-17-0576,4,257.36,,GBP,POS
EXT-0053,C1429,2026-07-24,SKU-05-0480,2,210.75,,USD,MOBILE
EXT-0053,C1429,2026-07-24,SKU-03-0008,3,215.06,,USD,MOBILE
EXT-0054,C1274,2026-07-27,SKU-14-0209,2,989.21,,USD,WEB
EXT-0054,C1274,2026-07-27,SKU-09-0148,4,311.53,,USD,WEB
EXT-0055,C1132,2026-07-26,SKU-16-0323,1,204.03,FREESHIP,GBP,WEB
EXT-0056,C1112,2026-07-30,SKU-34-0111,1,135.09,,GBP,POS
EXT-0056,C1112,2026-07-30,SKU-01-0168,4,79.87,,GBP,POS
EXT-0056,C1112,2026-07-30,SKU-13-0152,2,7.96,,GBP,POS
EXT-0056,C1112,2026-07-30,SKU-03-0114,6,69.61,,GBP,POS
EXT-0057,C1418,2026-07-25,SKU-34-0279,5,1059.23,,USD,MOBILE
EXT-0057,C1418,2026-07-25,SKU-07-0370,1,530.26,,USD,MOBILE
EXT-0057,C1418,2026-07-25,SKU-14-0181,2,46.65,,USD,MOBILE
EXT-0057,C1418,2026-07-25,SKU-33-0390,6,503.65,,USD,MOBILE
EXT-0058,C1125,2026-07-27,SKU-18-0381,1,109.46,50OFF300,EUR,POS
EXT-0059,C1275,2026-07-27,SKU-04-0451,1,407.44,,USD,PARTNER
EXT-0059,C1275,2026-07-27,SKU-03-0170,4,243.92,,USD,PARTNER
EXT-0059,C1275,2026-07-27,SKU-17-0408,4,613.26,,USD,PARTNER
EXT-0059,C1275,2026-07-27,SKU-04-0199,5,575.69,,USD,PARTNER
EXT-0059,C1275,2026-07-27,SKU-32-0585,6,143.38,,USD,PARTNER
EXT-0060,C1131,2026-07-25,SKU-03-0198,5,940.06,,USD,PARTNER
EXT-0060,C1131,2026-07-25,SKU-11-0542,3,805.66,,USD,PARTNER
EXT-0060,C1131,2026-07-25,SKU-02-0337,6,276.48,,USD,PARTNER
EXT-0060,C1131,2026-07-25,SKU-19-0130,1,302.36,,USD,PARTNER
EXT-0061,C1158,2026-07-30,SKU-05-0564,6,26.95,,USD,WEB
EXT-0062,C1158,2026-07-28,SKU-20-0579,5,519.23,,USD,POS
EXT-0063,C1080,2026-07-25,SKU-03-0008,1,219.87,20OFF100,USD,MOBILE
EXT-0063,C1080,2026-07-25,SKU-20-0495,4,773.69,20OFF100,USD,MOBILE
EXT-0064,C1181,2026-07-28,SKU-13-0039,1,102.52,,EUR,WEB
EXT-0064,C1181,2026-07-28,SKU-32-0221,1,219.57,,EUR,WEB
EXT-0065,C1261,2026-07-28,SKU-17-0050,3,563.83,TECH10,USD,PARTNER
EXT-0065,C1261,2026-07-28,SKU-02-0281,3,299.65,TECH10,USD,PARTNER
EXT-0066,C1159,2026-07-30,SKU-11-0262,3,154.91,10OFF50,CAD,POS
EXT-0066,C1159,2026-07-30,SKU-27-0272,4,763.35,10OFF50,CAD,POS
EXT-0066,C1159,2026-07-30,SKU-10-0485,6,479.36,10OFF50,CAD,POS
EXT-0067,C1435,2026-07-24,SKU-15-0070,6,277.81,,GBP,POS
EXT-0067,C1435,2026-07-24,SKU-28-0441,2,336.17,,GBP,POS
EXT-0068,C1167,2026-07-27,SKU-17-0492,5,346.93,,USD,MOBILE
EXT-0068,C1167,2026-07-27,SKU-16-0379,1,109.28,,USD,MOBILE
EXT-0068,C1167,2026-07-27,SKU-03-0394,5,461.06,,USD,MOBILE
EXT-0069,C1048,2026-07-29,SKU-27-0384,2,115.99,,GBP,WEB
EXT-0069,C1048,2026-07-29,SKU-05-0396,6,407.40,,GBP,WEB
EXT-0069,C1048,2026-07-29,SKU-17-0464,2,306.30,,GBP,WEB
EXT-0070,C1088,2026-07-28,SKU-06-0016,5,137.94,WELCOME15,USD,WEB
EXT-0070,C1088,2026-07-28,SKU-14-0209,6,1000.58,WELCOME15,USD,WEB
EXT-0070,C1088,2026-07-28,SKU-08-0567,6,367.25,WELCOME15,USD,WEB
EXT-0070,C1088,2026-07-28,SKU-07-0426,1,129.82,WELCOME15,USD,WEB
EXT-0070,C1088,2026-07-28,SKU-18-0101,1,56.32,WELCOME15,USD,WEB
EXT-0071,C1213,2026-07-29,SKU-29-0302,1,143.00,,USD,MOBILE
EXT-0071,C1213,2026-07-29,SKU-31-0556,3,380.81,,USD,MOBILE
EXT-0071,C1213,2026-07-29,SKU-01-0588,2,713.46,,USD,MOBILE
EXT-0071,C1213,2026-07-29,SKU-10-0028,2,297.67,,USD,MOBILE
EXT-0071,C1213,2026-07-29,SKU-12-0515,4,283.08,,USD,MOBILE
EXT-0072,C1342,2026-07-25,SKU-09-0120,2,21.60,,CAD,WEB
EXT-0073,C1258,2026-07-30,SKU-01-0476,2,432.87,,USD,POS
EXT-0073,C1258,2026-07-30,SKU-01-0336,2,502.81,,USD,POS
EXT-0074,C1426,2026-07-24,SKU-19-0214,4,136.40,,USD,POS
EXT-0074,C1426,2026-07-24,SKU-18-0325,6,570.95,,USD,POS
EXT-0074,C1426,2026-07-24,SKU-32-0501,4,270.55,,USD,POS
EXT-0075,C1175,2026-07-26,SKU-03-0170,6,257.53,BEAUTY18,USD,MOBILE
EXT-0075,C1175,2026-07-26,SKU-15-0266,3,370.71,BEAUTY18,USD,MOBILE
EXT-0075,C1175,2026-07-26,SKU-32-0585,6,141.38,BEAUTY18,USD,MOBILE
EXT-0075,C1175,2026-07-26,SKU-02-0393,6,613.08,BEAUTY18,USD,MOBILE
EXT-0076,C1052,2026-07-24,SKU-34-0195,2,292.66,,USD,WEB
EXT-0076,C1052,2026-07-24,SKU-16-0155,6,1107.99,,USD,WEB
EXT-0076,C1052,2026-07-24,SKU-11-0150,5,596.12,,USD,WEB
EXT-0076,C1052,2026-07-24,SKU-28-0077,3,339.38,,USD,WEB
EXT-0077,C1114,2026-07-27,SKU-04-0367,6,1110.50,,CAD,WEB
EXT-0077,C1114,2026-07-27,SKU-09-0064,2,298.48,,CAD,WEB
EXT-0077,C1114,2026-07-27,SKU-03-0198,3,1233.18,,CAD,WEB
EXT-0078,C1114,2026-07-26,SKU-28-0581,5,38.28,BOGOBOOKS,GBP,PARTNER
EXT-0078,C1114,2026-07-26,SKU-07-0230,4,347.54,BOGOBOOKS,GBP,PARTNER
EXT-0079,C1152,2026-07-24,SKU-20-0551,6,459.12,,USD,WEB
EXT-0080,C1247,2026-07-26,SKU-18-0213,5,50.70,,USD,WEB
EXT-0080,C1247,2026-07-26,SKU-03-0366,4,876.50,,USD,WEB
EXT-0080,C1247,2026-07-26,SKU-13-0236,1,977.27,,USD,WEB
EXT-0080,C1247,2026-07-26,SKU-20-0060,1,631.20,,USD,WEB
EXT-0080,C1247,2026-07-26,SKU-15-0378,3,358.63,,USD,WEB
EXT-0081,C1324,2026-07-26,SKU-20-0299,1,787.96,TECH10,USD,WEB
EXT-0081,C1324,2026-07-26,SKU-33-0474,1,80.39,TECH10,USD,WEB
EXT-0082,C1089,2026-07-25,SKU-32-0389,1,994.00,,USD,POS
EXT-0082,C1089,2026-07-25,SKU-28-0469,1,724.80,,USD,POS
EXT-0082,C1089,2026-07-25,SKU-12-0179,6,666.17,,USD,POS
EXT-0082,C1089,2026-07-25,SKU-27-0384,4,150.13,,USD,POS
EXT-0082,C1089,2026-07-25,SKU-16-0099,2,980.38,,USD,POS
EXT-0083,C1457,2026-07-27,SKU-10-0485,6,357.01,,USD,WEB
EXT-0083,C1457,2026-07-27,SKU-29-0470,1,219.72,,USD,WEB
EXT-0083,C1457,2026-07-27,SKU-31-0388,4,266.92,,USD,WEB
EXT-0084,C1171,2026-07-29,SKU-08-0022,3,185.90,TECH10,CAD,PARTNER
EXT-0084,C1171,2026-07-29,SKU-01-0420,4,1483.45,TECH10,CAD,PARTNER
EXT-0084,C1171,2026-07-29,SKU-04-0199,3,766.66,TECH10,CAD,PARTNER
EXT-0084,C1171,2026-07-29,SKU-34-0419,5,552.64,TECH10,CAD,PARTNER
EXT-0085,C1077,2026-07-26,SKU-31-0528,1,1051.14,BOGOBOOKS,CAD,PARTNER
EXT-0085,C1077,2026-07-26,SKU-17-0212,3,432.12,BOGOBOOKS,CAD,PARTNER
EXT-0085,C1077,2026-07-26,SKU-09-0344,2,601.40,BOGOBOOKS,CAD,PARTNER
EXT-0086,C1333,2026-07-26,SKU-19-0354,5,910.17,BOGOSOCKS,USD,PARTNER
EXT-0087,C1429,2026-07-28,SKU-09-0316,5,675.83,,USD,PARTNER
EXT-0088,C1268,2026-07-30,SKU-01-0336,3,409.58,,GBP,MOBILE
EXT-0088,C1268,2026-07-30,SKU-08-0175,2,693.82,,GBP,MOBILE
EXT-0088,C1268,2026-07-30,SKU-04-0010,5,357.10,,GBP,MOBILE
EXT-0088,C1268,2026-07-30,SKU-27-0356,4,298.54,,GBP,MOBILE
EXT-0088,C1268,2026-07-30,SKU-01-0392,4,629.85,,GBP,MOBILE
EXT-0089,C1170,2026-07-29,SKU-16-0239,1,619.97,,USD,PARTNER
EXT-0089,C1170,2026-07-29,SKU-30-0583,3,477.58,,USD,PARTNER
EXT-0089,C1170,2026-07-29,SKU-17-0296,3,159.24,,USD,PARTNER
EXT-0090,C1247,2026-07-26,SKU-06-0593,5,1128.96,,USD,MOBILE
EXT-0090,C1247,2026-07-26,SKU-07-0538,1,560.45,,USD,MOBILE
EXT-0091,C1491,2026-07-26,SKU-08-0343,6,463.42,,EUR,WEB
EXT-0091,C1491,2026-07-26,SKU-01-0308,2,23.19,,EUR,WEB
EXT-0091,C1491,2026-07-26,SKU-20-0131,6,110.29,,EUR,WEB
EXT-0092,C1285,2026-07-29,SKU-07-0174,6,702.62,,USD,WEB
EXT-0092,C1285,2026-07-29,SKU-16-0183,6,876.76,,USD,WEB
EXT-0092,C1285,2026-07-29,SKU-29-0582,5,838.26,,USD,WEB
EXT-0092,C1285,2026-07-29,SKU-09-0344,4,440.19,,USD,WEB
EXT-0093,C1145,2026-07-26,SKU-16-0491,6,1213.63,,USD,WEB
EXT-0093,C1145,2026-07-26,SKU-06-0117,6,67.17,,USD,WEB
EXT-0094,C1279,2026-07-27,SKU-05-0396,5,510.54,BOOKS5,USD,POS
EXT-0094,C1279,2026-07-27,SKU-15-0210,3,740.29,BOOKS5,USD,POS
EXT-0094,C1279,2026-07-27,SKU-07-0021,1,320.87,BOOKS5,USD,POS
EXT-0094,C1279,2026-07-27,SKU-09-0484,5,82.40,BOOKS5,USD,POS
EXT-0095,C1259,2026-07-29,SKU-34-0447,1,113.91,,CAD,MOBILE
EXT-0095,C1259,2026-07-29,SKU-15-0154,3,1077.12,,CAD,MOBILE
EXT-0095,C1259,2026-07-29,SKU-31-0360,6,686.84,,CAD,MOBILE
EXT-0095,C1259,2026-07-29,SKU-09-0027,5,78.05,,CAD,MOBILE
EXT-0095,C1259,2026-07-29,SKU-04-0507,6,353.15,,CAD,MOBILE
EXT-0096,C1387,2026-07-25,SKU-08-0147,5,468.13,,USD,PARTNER
EXT-0096,C1387,2026-07-25,SKU-14-0293,1,216.76,,USD,PARTNER
EXT-0096,C1387,2026-07-25,SKU-18-0073,3,131.71,,USD,PARTNER
EXT-0097,C1062,2026-07-28,SKU-20-0467,6,867.46,SHIPVIP,USD,PARTNER
EXT-0097,C1062,2026-07-28,SKU-01-0168,4,99.04,SHIPVIP,USD,PARTNER
EXT-0097,C1062,2026-07-28,SKU-30-0443,5,683.04,SHIPVIP,USD,PARTNER
EXT-0097,C1062,2026-07-28,SKU-15-0045,3,318.91,SHIPVIP,USD,PARTNER
EXT-0098,C1080,2026-07-27,SKU-31-0444,3,686.29,,USD,WEB
EXT-0098,C1080,2026-07-27,SKU-03-0366,3,863.56,,USD,WEB
EXT-0098,C1080,2026-07-27,SKU-16-0491,4,1220.26,,USD,WEB
EXT-0098,C1080,2026-07-27,SKU-16-0099,3,1022.45,,USD,WEB
EXT-0098,C1080,2026-07-27,SKU-32-0277,4,879.07,,USD,WEB
EXT-0099,C1167,2026-07-26,SKU-12-0487,2,50.83,BOOKS5,GBP,WEB
EXT-0099,C1167,2026-07-26,SKU-02-0309,1,545.64,BOOKS5,GBP,WEB
EXT-0100,C1279,2026-07-28,SKU-11-0032,1,810.78,,USD,PARTNER
EXT-0100,C1279,2026-07-28,SKU-01-0280,3,406.32,,USD,PARTNER
EXT-0101,C1212,2026-07-27,SKU-01-0308,6,24.22,,USD,MOBILE
EXT-0102,C1342,2026-07-26,SKU-12-0035,4,944.23,,CAD,WEB
EXT-0102,C1342,2026-07-26,SKU-03-0282,4,211.34,,CAD,WEB
EXT-0103,C1313,2026-07-24,SKU-33-0558,5,820.56,,USD,POS
EXT-0103,C1313,2026-07-24,SKU-10-0317,3,854.21,,USD,POS
EXT-0103,C1313,2026-07-24,SKU-13-0404,1,472.43,,USD,POS
EXT-0103,C1313,2026-07-24,SKU-18-0052,5,27.61,,USD,POS
EXT-0104,C1146,2026-07-24,SKU-17-0156,3,5.84,KITCHEN12,GBP,WEB
EXT-0104,C1146,2026-07-24,SKU-05-0116,2,402.46,KITCHEN12,GBP,WEB
EXT-0104,C1146,2026-07-24,SKU-08-0595,5,14.36,KITCHEN12,GBP,WEB
EXT-0105,C1045,2026-07-30,SKU-03-0562,5,574.59,WELCOME15,USD,PARTNER
EXT-0105,C1045,2026-07-30,SKU-28-0441,2,429.87,WELCOME15,USD,PARTNER
EXT-0105,C1045,2026-07-30,SKU-32-0137,3,375.52,WELCOME15,USD,PARTNER
EXT-0105,C1045,2026-07-30,SKU-04-0451,1,390.96,WELCOME15,USD,PARTNER
EXT-0105,C1045,2026-07-30,SKU-17-0050,3,537.30,WELCOME15,USD,PARTNER
EXT-0106,C1348,2026-07-27,SKU-02-0365,3,237.14,,USD,WEB
EXT-0106,C1348,2026-07-27,SKU-11-0262,4,116.48,,USD,WEB
EXT-0106,C1348,2026-07-27,SKU-05-0396,2,535.51,,USD,WEB
EXT-0107,C1114,2026-07-27,SKU-32-0529,2,148.79,KITCHEN12,USD,WEB
EXT-0107,C1114,2026-07-27,SKU-17-0548,5,647.46,KITCHEN12,USD,WEB
EXT-0107,C1114,2026-07-27,SKU-02-0004,1,599.96,KITCHEN12,USD,WEB
EXT-0107,C1114,2026-07-27,SKU-03-0394,2,466.80,KITCHEN12,USD,WEB
EXT-0107,C1114,2026-07-27,SKU-04-0227,6,759.19,KITCHEN12,USD,WEB
EXT-0108,C1172,2026-07-29,SKU-04-0283,4,219.75,,USD,MOBILE
EXT-0108,C1172,2026-07-29,SKU-17-0240,1,250.08,,USD,MOBILE
EXT-0109,C1312,2026-07-27,SKU-09-0120,1,15.94,,USD,WEB
EXT-0109,C1312,2026-07-27,SKU-03-0226,4,311.83,,USD,WEB
EXT-0109,C1312,2026-07-27,SKU-16-0575,1,403.15,,USD,WEB
EXT-0109,C1312,2026-07-27,SKU-10-0093,3,642.11,,USD,WEB
EXT-0109,C1312,2026-07-27,SKU-31-0164,6,591.46,,USD,WEB
EXT-0110,C1072,2026-07-25,SKU-04-0087,5,496.18,,USD,MOBILE
EXT-0110,C1072,2026-07-25,SKU-04-0479,1,282.87,,USD,MOBILE
EXT-0110,C1072,2026-07-25,SKU-06-0453,4,307.86,,USD,MOBILE
EXT-0111,C1085,2026-07-27,SKU-19-0550,4,170.85,,USD,MOBILE
EXT-0111,C1085,2026-07-27,SKU-15-0154,1,803.04,,USD,MOBILE
EXT-0112,C1108,2026-07-29,SKU-34-0139,2,294.17,BEAUTY18,USD,PARTNER
EXT-0112,C1108,2026-07-29,SKU-12-0151,5,83.19,BEAUTY18,USD,PARTNER
EXT-0112,C1108,2026-07-29,SKU-33-0250,6,841.80,BEAUTY18,USD,PARTNER
EXT-0113,C1219,2026-07-27,SKU-31-0472,3,745.03,10OFF50,USD,WEB
EXT-0113,C1219,2026-07-27,SKU-18-0297,6,539.15,10OFF50,USD,WEB
EXT-0113,C1219,2026-07-27,SKU-27-0132,5,652.78,10OFF50,USD,WEB
EXT-0113,C1219,2026-07-27,SKU-03-0506,1,466.74,10OFF50,USD,WEB
EXT-0113,C1219,2026-07-27,SKU-33-0362,3,594.08,10OFF50,USD,WEB
EXT-0114,C1387,2026-07-25,SKU-02-0113,6,325.66,,USD,PARTNER
EXT-0114,C1387,2026-07-25,SKU-20-0467,5,880.31,,USD,PARTNER
EXT-0115,C1217,2026-07-29,SKU-05-0424,2,340.42,SHIPVIP,USD,PARTNER
EXT-0116,C1285,2026-07-25,SKU-18-0577,1,395.98,,USD,WEB
EXT-0116,C1285,2026-07-25,SKU-27-0552,4,783.75,,USD,WEB
EXT-0116,C1285,2026-07-25,SKU-27-0496,5,1020.54,,USD,WEB
EXT-0116,C1285,2026-07-25,SKU-28-0217,2,720.38,,USD,WEB
EXT-0116,C1285,2026-07-25,SKU-01-0001,3,91.59,,USD,WEB
EXT-0117,C1494,2026-07-25,SKU-03-0534,3,193.59,,USD,POS
EXT-0117,C1494,2026-07-25,SKU-09-0204,3,603.79,,USD,POS
EXT-0118,C1302,2026-07-30,SKU-28-0385,1,148.39,,USD,MOBILE
EXT-0118,C1302,2026-07-30,SKU-17-0296,3,157.25,,USD,MOBILE
EXT-0119,C1296,2026-07-29,SKU-28-0217,3,708.08,TECH10,USD,WEB
EXT-0119,C1296,2026-07-29,SKU-04-0283,5,222.66,TECH10,USD,WEB
EXT-0120,C1082,2026-07-28,SKU-08-0315,6,844.55,,USD,POS
EXT-0120,C1082,2026-07-28,SKU-10-0121,3,664.18,,USD,POS
EXT-0120,C1082,2026-07-28,SKU-15-0182,4,695.84,,USD,POS
EXT-0120,C1082,2026-07-28,SKU-34-0391,6,220.19,,USD,POS
EXT-0121,C1342,2026-07-29,SKU-33-0250,3,816.73,,USD,WEB
EXT-0121,C1342,2026-07-29,SKU-20-0523,5,1078.80,,USD,WEB
EXT-0121,C1342,2026-07-29,SKU-05-0013,1,513.86,,USD,WEB
EXT-0121,C1342,2026-07-29,SKU-27-0160,5,459.21,,USD,WEB
EXT-0121,C1342,2026-07-29,SKU-16-0211,2,482.11,,USD,WEB
EXT-0122,C1354,2026-07-30,SKU-07-0538,5,442.89,25OFF150,GBP,POS
EXT-0122,C1354,2026-07-30,SKU-09-0316,6,547.45,25OFF150,GBP,POS
EXT-0122,C1354,2026-07-30,SKU-04-0283,3,177.39,25OFF150,GBP,POS
EXT-0122,C1354,2026-07-30,SKU-16-0099,6,778.54,25OFF150,GBP,POS
EXT-0123,C1093,2026-07-28,SKU-20-0327,3,953.64,,USD,WEB
EXT-0123,C1093,2026-07-28,SKU-14-0377,1,76.24,,USD,WEB
EXT-0123,C1093,2026-07-28,SKU-07-0454,5,602.21,,USD,WEB
EXT-0123,C1093,2026-07-28,SKU-29-0218,5,168.95,,USD,WEB
EXT-0123,C1093,2026-07-28,SKU-08-0483,1,59.37,,USD,WEB
EXT-0124,C1283,2026-07-26,SKU-10-0569,1,234.74,,USD,MOBILE
EXT-0124,C1283,2026-07-26,SKU-19-0102,4,555.57,,USD,MOBILE
EXT-0124,C1283,2026-07-26,SKU-18-0577,4,409.60,,USD,MOBILE
EXT-0125,C1334,2026-07-25,SKU-13-0488,4,430.21,,USD,POS
EXT-0125,C1334,2026-07-25,SKU-05-0368,2,651.11,,USD,POS
EXT-0126,C1083,2026-07-29,SKU-32-0305,1,480.24,,USD,POS
EXT-0126,C1083,2026-07-29,SKU-30-0331,3,98.27,,USD,POS
EXT-0127,C1395,2026-07-27,SKU-32-0361,3,193.36,,GBP,WEB
EXT-0128,C1323,2026-07-28,SKU-12-0035,4,694.51,20OFF100,USD,MOBILE
EXT-0129,C1375,2026-07-30,SKU-33-0390,1,504.79,,USD,POS
EXT-0129,C1375,2026-07-30,SKU-05-0452,5,192.32,,USD,POS
EXT-0129,C1375,2026-07-30,SKU-02-0533,6,26.44,,USD,POS
EXT-0129,C1375,2026-07-30,SKU-13-0460,4,251.82,,USD,POS
EXT-0130,C1484,2026-07-24,SKU-31-0248,6,380.31,,USD,WEB
EXT-0130,C1484,2026-07-24,SKU-31-0416,6,1078.91,,USD,WEB
EXT-0130,C1484,2026-07-24,SKU-19-0494,5,602.90,,USD,WEB
EXT-0130,C1484,2026-07-24,SKU-14-0209,1,1018.53,,USD,WEB
EXT-0130,C1484,2026-07-24,SKU-11-0542,3,776.58,,USD,WEB
EXT-0131,C1419,2026-07-25,SKU-19-0522,2,320.87,KITCHEN12,EUR,WEB
EXT-0131,C1419,2026-07-25,SKU-31-0584,2,811.76,KITCHEN12,EUR,WEB
EXT-0131,C1419,2026-07-25,SKU-14-0349,1,121.58,KITCHEN12,EUR,WEB
EXT-0132,C1082,2026-07-28,SKU-19-0438,4,406.97,,GBP,PARTNER
EXT-0132,C1082,2026-07-28,SKU-08-0539,3,43.03,,GBP,PARTNER
EXT-0132,C1082,2026-07-28,SKU-03-0086,5,680.36,,GBP,PARTNER
EXT-0132,C1082,2026-07-28,SKU-32-0473,1,5.35,,GBP,PARTNER
EXT-0132,C1082,2026-07-28,SKU-13-0264,2,500.82,,GBP,PARTNER
EXT-0133,C1370,2026-07-25,SKU-07-0454,3,593.29,,USD,MOBILE
EXT-0133,C1370,2026-07-25,SKU-20-0579,2,523.30,,USD,MOBILE
EXT-0133,C1370,2026-07-25,SKU-34-0223,5,535.75,,USD,MOBILE
EXT-0134,C1400,2026-07-28,SKU-14-0573,1,178.04,KITCHEN12,USD,MOBILE
EXT-0134,C1400,2026-07-28,SKU-10-0028,6,306.24,KITCHEN12,USD,MOBILE
EXT-0134,C1400,2026-07-28,SKU-33-0222,2,406.32,KITCHEN12,USD,MOBILE
EXT-0134,C1400,2026-07-28,SKU-19-0438,4,522.28,KITCHEN12,USD,MOBILE
EXT-0135,C1084,2026-07-30,SKU-27-0468,3,757.80,,USD,WEB
EXT-0135,C1084,2026-07-30,SKU-17-0100,1,42.04,,USD,WEB
EXT-0135,C1084,2026-07-30,SKU-16-0211,1,474.64,,USD,WEB
EXT-0135,C1084,2026-07-30,SKU-05-0256,5,591.97,,USD,WEB
EXT-0135,C1084,2026-07-30,SKU-11-0570,6,834.49,,USD,WEB
EXT-0136,C1164,2026-07-24,SKU-11-0374,6,287.60,BOOKS5,CAD,MOBILE
EXT-0137,C1209,2026-07-27,SKU-06-0017,1,166.31,,USD,MOBILE
EXT-0137,C1209,2026-07-27,SKU-34-0083,1,438.52,,USD,MOBILE
EXT-0137,C1209,2026-07-27,SKU-04-0171,6,399.99,,USD,MOBILE
EXT-0137,C1209,2026-07-27,SKU-30-0107,4,220.32,,USD,MOBILE
EXT-0137,C1209,2026-07-27,SKU-28-0581,5,47.00,,USD,MOBILE
EXT-0138,C1194,2026-07-25,SKU-03-0254,5,528.24,10OFF50,GBP,WEB
EXT-0139,C1282,2026-07-24,SKU-09-0288,3,232.99,,USD,WEB
EXT-0139,C1282,2026-07-24,SKU-12-0543,2,762.22,,USD,WEB
EXT-0139,C1282,2026-07-24,SKU-33-0082,5,208.11,,USD,WEB
EXT-0139,C1282,2026-07-24,SKU-06-0481,1,327.49,,USD,WEB
EXT-0140,C1344,2026-07-29,SKU-33-0278,6,140.32,,GBP,WEB
EXT-0140,C1344,2026-07-29,SKU-09-0568,3,672.14,,GBP,WEB
EXT-0141,C1142,2026-07-24,SKU-12-0543,5,764.25,,USD,POS
EXT-0142,C1230,2026-07-29,SKU-17-0240,2,233.96,,EUR,PARTNER
EXT-0142,C1230,2026-07-29,SKU-10-0205,6,572.00,,EUR,PARTNER
EXT-0142,C1230,2026-07-29,SKU-13-0037,6,271.91,,EUR,PARTNER
EXT-0143,C1070,2026-07-26,SKU-32-0585,5,143.55,,USD,POS
EXT-0143,C1070,2026-07-26,SKU-08-0595,1,18.19,,USD,POS
EXT-0143,C1070,2026-07-26,SKU-12-0263,5,1001.61,,USD,POS
EXT-0143,C1070,2026-07-26,SKU-08-0119,2,48.66,,USD,POS
EXT-0143,C1070,2026-07-26,SKU-30-0359,4,351.46,,USD,POS
EXT-0144,C1447,2026-07-27,SKU-18-0381,2,117.57,,USD,MOBILE
EXT-0144,C1447,2026-07-27,SKU-01-0196,6,274.00,,USD,MOBILE
EXT-0144,C1447,2026-07-27,SKU-01-0002,6,118.10,,USD,MOBILE
EXT-0145,C1275,2026-07-29,SKU-34-0447,4,80.90,10OFF50,USD,PARTNER
EXT-0145,C1275,2026-07-29,SKU-07-0118,1,467.15,10OFF50,USD,PARTNER
EXT-0145,C1275,2026-07-29,SKU-33-0194,3,302.07,10OFF50,USD,PARTNER
EXT-0145,C1275,2026-07-29,SKU-01-0140,4,558.49,10OFF50,USD,PARTNER
EXT-0145,C1275,2026-07-29,SKU-02-0505,6,650.15,10OFF50,USD,PARTNER
EXT-0146,C1474,2026-07-30,SKU-02-0337,4,268.74,BOGOSOCKS,USD,MOBILE
EXT-0146,C1474,2026-07-30,SKU-33-0166,4,1050.28,BOGOSOCKS,USD,MOBILE
EXT-0146,C1474,2026-07-30,SKU-06-0173,1,102.68,BOGOSOCKS,USD,MOBILE
EXT-0146,C1474,2026-07-30,SKU-12-0487,1,64.65,BOGOSOCKS,USD,MOBILE
EXT-0146,C1474,2026-07-30,SKU-03-0142,6,38.30,BOGOSOCKS,USD,MOBILE
EXT-0147,C1316,2026-07-27,SKU-03-0590,6,65.80,,GBP,WEB
EXT-0147,C1316,2026-07-27,SKU-28-0329,3,674.23,,GBP,WEB
EXT-0148,C1083,2026-07-24,SKU-31-0444,1,717.50,,USD,WEB
EXT-0148,C1083,2026-07-24,SKU-02-0421,4,213.67,,USD,WEB
EXT-0148,C1083,2026-07-24,SKU-33-0586,3,727.81,,USD,WEB
EXT-0148,C1083,2026-07-24,SKU-20-0495,3,761.56,,USD,WEB
EXT-0148,C1083,2026-07-24,SKU-14-0349,6,130.27,,USD,WEB
EXT-0149,C1197,2026-07-24,SKU-03-0590,4,65.66,,GBP,PARTNER
EXT-0149,C1197,2026-07-24,SKU-32-0333,1,528.90,,GBP,PARTNER
EXT-0150,C1169,2026-07-29,SKU-01-0476,5,429.24,SUMMER15,USD,POS
EXT-0150,C1169,2026-07-29,SKU-02-0421,3,218.56,SUMMER15,USD,POS
EXT-0150,C1169,2026-07-29,SKU-33-0138,1,880.59,SUMMER15,USD,POS
EXT-0151,C1264,2026-07-27,SKU-10-0457,2,35.18,BOGOBOOKS,GBP,PARTNER
EXT-0151,C1264,2026-07-27,SKU-09-0027,3,43.41,BOGOBOOKS,GBP,PARTNER
EXT-0152,C1057,2026-07-26,SKU-11-0066,1,65.68,,USD,POS
EXT-0152,C1057,2026-07-26,SKU-16-0046,4,33.00,,USD,POS
EXT-0153,C1420,2026-07-28,SKU-11-0150,6,600.89,,USD,WEB
EXT-0153,C1420,2026-07-28,SKU-30-0555,2,46.88,,USD,WEB
EXT-0154,C1362,2026-07-28,SKU-09-0025,3,487.96,,CAD,WEB
EXT-0154,C1362,2026-07-28,SKU-12-0319,4,590.86,,CAD,WEB
EXT-0155,C1264,2026-07-24,SKU-02-0225,4,251.55,,USD,POS
EXT-0155,C1264,2026-07-24,SKU-09-0148,5,311.60,,USD,POS
EXT-0156,C1433,2026-07-24,SKU-18-0577,5,399.23,KITCHEN12,USD,WEB
EXT-0156,C1433,2026-07-24,SKU-13-0600,4,679.00,KITCHEN12,USD,WEB
EXT-0156,C1433,2026-07-24,SKU-02-0421,4,220.51,KITCHEN12,USD,WEB
EXT-0157,C1295,2026-07-28,SKU-08-0203,1,73.40,SUMMER15,EUR,MOBILE
EXT-0157,C1295,2026-07-28,SKU-13-0376,1,567.60,SUMMER15,EUR,MOBILE
EXT-0157,C1295,2026-07-28,SKU-27-0216,3,457.35,SUMMER15,EUR,MOBILE
EXT-0157,C1295,2026-07-28,SKU-11-0486,2,517.91,SUMMER15,EUR,MOBILE
EXT-0158,C1192,2026-07-26,SKU-27-0188,2,735.73,BOGOSOCKS,USD,POS
EXT-0158,C1192,2026-07-26,SKU-10-0065,1,277.39,BOGOSOCKS,USD,POS
EXT-0158,C1192,2026-07-26,SKU-31-0388,4,273.49,BOGOSOCKS,USD,POS
EXT-0158,C1192,2026-07-26,SKU-05-0536,3,729.75,BOGOSOCKS,USD,POS
EXT-0158,C1192,2026-07-26,SKU-14-0377,1,76.92,BOGOSOCKS,USD,POS
EXT-0159,C1409,2026-07-27,SKU-01-0476,1,389.65,10OFF50,EUR,MOBILE
EXT-0159,C1409,2026-07-27,SKU-13-0037,3,285.13,10OFF50,EUR,MOBILE
EXT-0159,C1409,2026-07-27,SKU-19-0550,5,157.73,10OFF50,EUR,MOBILE
EXT-0159,C1409,2026-07-27,SKU-29-0162,2,290.00,10OFF50,EUR,MOBILE
EXT-0159,C1409,2026-07-27,SKU-07-0174,1,653.04,10OFF50,EUR,MOBILE
EXT-0160,C1329,2026-07-26,SKU-01-0420,4,1088.04,,USD,POS
EXT-0160,C1329,2026-07-26,SKU-17-0212,3,319.41,,USD,POS
EXT-0160,C1329,2026-07-26,SKU-27-0356,1,374.76,,USD,POS
EXT-0161,C1432,2026-07-24,SKU-18-0297,2,474.98,BEAUTY18,EUR,WEB
EXT-0161,C1432,2026-07-24,SKU-10-0429,2,729.39,BEAUTY18,EUR,WEB
EXT-0161,C1432,2026-07-24,SKU-12-0035,2,622.83,BEAUTY18,EUR,WEB
EXT-0161,C1432,2026-07-24,SKU-08-0203,3,72.75,BEAUTY18,EUR,WEB
EXT-0161,C1432,2026-07-24,SKU-13-0320,4,235.35,BEAUTY18,EUR,WEB
EXT-0162,C1095,2026-07-29,SKU-04-0283,4,225.65,,USD,POS
EXT-0163,C1305,2026-07-28,SKU-33-0082,3,210.69,,USD,WEB
EXT-0163,C1305,2026-07-28,SKU-09-0232,6,598.31,,USD,WEB
EXT-0163,C1305,2026-07-28,SKU-05-0228,5,641.00,,USD,WEB
EXT-0163,C1305,2026-07-28,SKU-29-0498,2,984.35,,USD,WEB
EXT-0163,C1305,2026-07-28,SKU-15-0154,2,773.72,,USD,WEB
EXT-0164,C1133,2026-07-24,SKU-33-0194,2,236.33,SHIPFREE,GBP,MOBILE
EXT-0164,C1133,2026-07-24,SKU-14-0069,1,681.62,SHIPFREE,GBP,MOBILE
EXT-0164,C1133,2026-07-24,SKU-09-0027,3,43.39,SHIPFREE,GBP,MOBILE
EXT-0165,C1203,2026-07-25,SKU-05-0396,5,528.26,20OFF100,USD,WEB
EXT-0165,C1203,2026-07-25,SKU-08-0091,4,295.76,20OFF100,USD,WEB
EXT-0165,C1203,2026-07-25,SKU-20-0243,1,753.31,20OFF100,USD,WEB
EXT-0166,C1384,2026-07-30,SKU-34-0307,3,795.71,,USD,MOBILE
EXT-0166,C1384,2026-07-30,SKU-16-0211,5,492.68,,USD,MOBILE
EXT-0167,C1382,2026-07-30,SKU-16-0463,4,97.58,,USD,PARTNER
EXT-0167,C1382,2026-07-30,SKU-06-0453,3,309.26,,USD,PARTNER
EXT-0168,C1246,2026-07-24,SKU-04-0115,2,117.49,SHIPFREE,GBP,WEB
EXT-0168,C1246,2026-07-24,SKU-04-0395,4,279.17,SHIPFREE,GBP,WEB
EXT-0168,C1246,2026-07-24,SKU-02-0505,2,520.48,SHIPFREE,GBP,WEB
EXT-0168,C1246,2026-07-24,SKU-28-0105,5,222.39,SHIPFREE,GBP,WEB
EXT-0169,C1051,2026-07-29,SKU-16-0155,6,1123.41,,USD,MOBILE
EXT-0169,C1051,2026-07-29,SKU-29-0162,6,310.30,,USD,MOBILE
EXT-0169,C1051,2026-07-29,SKU-04-0535,1,287.48,,USD,MOBILE
EXT-0169,C1051,2026-07-29,SKU-28-0161,1,597.44,,USD,MOBILE
EXT-0169,C1051,2026-07-29,SKU-30-0443,5,683.88,,USD,MOBILE
EXT-0170,C1114,2026-07-24,SKU-27-0384,5,152.31,50OFF300,USD,POS
EXT-0170,C1114,2026-07-24,SKU-20-0299,4,794.70,50OFF300,USD,POS
EXT-0170,C1114,2026-07-24,SKU-20-0495,1,768.41,50OFF300,USD,POS
EXT-0170,C1114,2026-07-24,SKU-18-0521,5,23.73,50OFF300,USD,POS
EXT-0170,C1114,2026-07-24,SKU-07-0454,1,586.21,50OFF300,USD,POS
EXT-0171,C1079,2026-07-26,SKU-01-0336,2,509.05,,USD,PARTNER
EXT-0171,C1079,2026-07-26,SKU-11-0262,4,112.64,,USD,PARTNER
EXT-0171,C1079,2026-07-26,SKU-02-0281,3,299.85,,USD,PARTNER
EXT-0172,C1343,2026-07-27,SKU-08-0259,4,629.41,,USD,MOBILE
EXT-0172,C1343,2026-07-27,SKU-01-0224,2,695.78,,USD,MOBILE
EXT-0172,C1343,2026-07-27,SKU-07-0062,1,86.64,,USD,MOBILE
EXT-0172,C1343,2026-07-27,SKU-08-0399,4,642.20,,USD,MOBILE
EXT-0172,C1343,2026-07-27,SKU-02-0337,6,285.02,,USD,MOBILE
EXT-0173,C1048,2026-07-27,SKU-12-0151,3,87.00,AUDIO25,USD,WEB
EXT-0173,C1048,2026-07-27,SKU-32-0501,3,267.82,AUDIO25,USD,WEB
EXT-0174,C1353,2026-07-30,SKU-15-0154,4,777.45,BOGOSOCKS,USD,PARTNER
EXT-0174,C1353,2026-07-30,SKU-18-0493,5,82.82,BOGOSOCKS,USD,PARTNER
EXT-0174,C1353,2026-07-30,SKU-20-0327,6,920.07,BOGOSOCKS,USD,PARTNER
EXT-0174,C1353,2026-07-30,SKU-12-0403,3,130.89,BOGOSOCKS,USD,PARTNER
EXT-0175,C1229,2026-07-25,SKU-08-0231,1,632.79,50OFF300,EUR,PARTNER
EXT-0175,C1229,2026-07-25,SKU-31-0416,6,995.44,50OFF300,EUR,PARTNER
EXT-0175,C1229,2026-07-25,SKU-10-0429,3,760.05,50OFF300,EUR,PARTNER
EXT-0175,C1229,2026-07-25,SKU-27-0244,3,140.80,50OFF300,EUR,PARTNER
EXT-0176,C1421,2026-07-26,SKU-33-0558,3,810.44,VIP25,USD,PARTNER
EXT-0176,C1421,2026-07-26,SKU-14-0125,3,566.59,VIP25,USD,PARTNER
EXT-0177,C1066,2026-07-24,SKU-31-0584,5,873.09,,USD,MOBILE
EXT-0177,C1066,2026-07-24,SKU-14-0181,1,46.11,,USD,MOBILE
EXT-0177,C1066,2026-07-24,SKU-15-0406,2,1105.38,,USD,MOBILE
EXT-0178,C1340,2026-07-25,SKU-03-0282,5,149.01,,USD,MOBILE
EXT-0178,C1340,2026-07-25,SKU-32-0361,6,251.44,,USD,MOBILE
EXT-0178,C1340,2026-07-25,SKU-20-0299,4,793.58,,USD,MOBILE
EXT-0179,C1349,2026-07-29,SKU-01-0476,1,394.06,,EUR,PARTNER
EXT-0179,C1349,2026-07-29,SKU-09-0400,5,290.34,,EUR,PARTNER
EXT-0179,C1349,2026-07-29,SKU-10-0261,1,84.45,,EUR,PARTNER
EXT-0180,C1055,2026-07-30,SKU-09-0025,1,284.84,,GBP,MOBILE
EXT-0180,C1055,2026-07-30,SKU-12-0095,3,703.29,,GBP,MOBILE
EXT-0180,C1055,2026-07-30,SKU-27-0132,5,509.51,,GBP,MOBILE
EXT-0180,C1055,2026-07-30,SKU-12-0207,1,266.93,,GBP,MOBILE
EXT-0180,C1055,2026-07-30,SKU-09-0400,5,244.00,,GBP,MOBILE
EXT-0181,C1093,2026-07-30,SKU-20-0439,6,621.40,,USD,WEB
EXT-0181,C1093,2026-07-30,SKU-18-0054,1,186.68,,USD,WEB
EXT-0181,C1093,2026-07-30,SKU-33-0250,3,796.72,,USD,WEB
EXT-0181,C1093,2026-07-30,SKU-28-0469,3,719.15,,USD,WEB
EXT-0181,C1093,2026-07-30,SKU-12-0375,5,353.95,,USD,WEB
EXT-0182,C1147,2026-07-29,SKU-33-0250,1,1080.44,,CAD,POS
EXT-0182,C1147,2026-07-29,SKU-31-0080,3,53.60,,CAD,POS
EXT-0182,C1147,2026-07-29,SKU-12-0431,1,569.96,,CAD,POS
EXT-0182,C1147,2026-07-29,SKU-03-0534,5,263.61,,CAD,POS
EXT-0183,C1369,2026-07-27,SKU-16-0519,5,605.87,,GBP,MOBILE
EXT-0184,C1375,2026-07-24,SKU-12-0543,4,752.38,,USD,MOBILE
EXT-0184,C1375,2026-07-24,SKU-33-0278,1,182.94,,USD,MOBILE
EXT-0184,C1375,2026-07-24,SKU-19-0298,5,514.18,,USD,MOBILE
EXT-0184,C1375,2026-07-24,SKU-13-0292,1,996.68,,USD,MOBILE
EXT-0184,C1375,2026-07-24,SKU-06-0341,1,449.83,,USD,MOBILE
EXT-0185,C1228,2026-07-27,SKU-34-0111,6,143.22,,GBP,WEB
EXT-0185,C1228,2026-07-27,SKU-16-0435,1,200.95,,GBP,WEB
EXT-0186,C1137,2026-07-28,SKU-08-0287,4,799.97,,USD,WEB
EXT-0186,C1137,2026-07-28,SKU-17-0492,4,348.64,,USD,WEB
EXT-0186,C1137,2026-07-28,SKU-30-0079,5,707.39,,USD,WEB
EXT-0187,C1455,2026-07-30,SKU-17-0324,1,992.66,WELCOME15,USD,POS
EXT-0187,C1455,2026-07-30,SKU-03-0310,1,600.81,WELCOME15,USD,POS
EXT-0187,C1455,2026-07-30,SKU-10-0457,3,46.99,WELCOME15,USD,POS
EXT-0187,C1455,2026-07-30,SKU-15-0462,5,211.61,WELCOME15,USD,POS
EXT-0188,C1073,2026-07-26,SKU-27-0524,4,782.01,KITCHEN12,USD,MOBILE
EXT-0188,C1073,2026-07-26,SKU-02-0197,6,386.68,KITCHEN12,USD,MOBILE
EXT-0189,C1410,2026-07-28,SKU-11-0374,3,214.29,,USD,WEB
EXT-0189,C1410,2026-07-28,SKU-27-0356,6,372.64,,USD,WEB
EXT-0189,C1410,2026-07-28,SKU-08-0022,3,137.26,,USD,WEB
EXT-0189,C1410,2026-07-28,SKU-18-0465,6,580.18,,USD,WEB
EXT-0189,C1410,2026-07-28,SKU-17-0464,3,395.62,,USD,WEB
EXT-0190,C1213,2026-07-27,SKU-34-0111,4,174.44,10OFF50,USD,PARTNER
EXT-0190,C1213,2026-07-27,SKU-11-0262,4,116.37,10OFF50,USD,PARTNER
EXT-0191,C1079,2026-07-29,SKU-02-0006,3,411.53,,USD,WEB
EXT-0191,C1079,2026-07-29,SKU-07-0314,5,85.97,,USD,WEB
EXT-0192,C1424,2026-07-24,SKU-09-0344,5,433.12,50OFF300,USD,MOBILE
EXT-0192,C1424,2026-07-24,SKU-30-0303,5,942.07,50OFF300,USD,MOBILE
EXT-0192,C1424,2026-07-24,SKU-20-0383,1,18.19,50OFF300,USD,MOBILE
EXT-0192,C1424,2026-07-24,SKU-15-0043,1,249.01,50OFF300,USD,MOBILE
EXT-0192,C1424,2026-07-24,SKU-03-0478,3,825.91,50OFF300,USD,MOBILE
EXT-0193,C1491,2026-07-30,SKU-08-0511,4,276.91,,USD,WEB
EXT-0193,C1491,2026-07-30,SKU-15-0098,1,113.90,,USD,WEB
EXT-0193,C1491,2026-07-30,SKU-12-0487,2,63.47,,USD,WEB
EXT-0193,C1491,2026-07-30,SKU-18-0577,3,411.99,,USD,WEB
EXT-0193,C1491,2026-07-30,SKU-15-0238,4,599.20,,USD,WEB
EXT-0194,C1198,2026-07-29,SKU-02-0169,4,90.74,,EUR,WEB
EXT-0194,C1198,2026-07-29,SKU-20-0159,6,949.17,,EUR,WEB
EXT-0194,C1198,2026-07-29,SKU-02-0449,5,524.68,,EUR,WEB
EXT-0194,C1198,2026-07-29,SKU-04-0563,3,495.51,,EUR,WEB
EXT-0195,C1172,2026-07-26,SKU-30-0303,1,940.17,,USD,MOBILE
EXT-0196,C1468,2026-07-30,SKU-01-0280,1,392.36,,USD,WEB
EXT-0196,C1468,2026-07-30,SKU-32-0557,1,193.40,,USD,WEB
EXT-0196,C1468,2026-07-30,SKU-27-0076,4,569.74,,USD,WEB
EXT-0196,C1468,2026-07-30,SKU-10-0029,6,731.00,,USD,WEB
EXT-0196,C1468,2026-07-30,SKU-33-0306,3,45.95,,USD,WEB
EXT-0197,C1239,2026-07-27,SKU-29-0246,4,749.81,,GBP,WEB
EXT-0197,C1239,2026-07-27,SKU-33-0530,6,206.69,,GBP,WEB
EXT-0197,C1239,2026-07-27,SKU-08-0371,5,445.70,,GBP,WEB
EXT-0197,C1239,2026-07-27,SKU-08-0119,3,36.87,,GBP,WEB
EXT-0198,C1233,2026-07-28,SKU-19-0382,4,235.04,,USD,POS
EXT-0199,C1486,2026-07-27,SKU-31-0584,5,783.69,,EUR,PARTNER
EXT-0199,C1486,2026-07-27,SKU-14-0237,5,843.92,,EUR,PARTNER
EXT-0200,C1206,2026-07-30,SKU-13-0264,3,620.63,,USD,POS
EXT-0200,C1206,2026-07-30,SKU-20-0299,6,776.80,,USD,POS
EXT-0201,C1425,2026-07-30,SKU-02-0449,5,527.86,,EUR,PARTNER
EXT-0202,C1385,2026-07-26,SKU-17-0268,5,1147.71,,USD,WEB
EXT-0202,C1385,2026-07-26,SKU-14-0489,6,404.69,,USD,WEB
EXT-0202,C1385,2026-07-26,SKU-02-0006,3,418.93,,USD,WEB
EXT-0202,C1385,2026-07-26,SKU-19-0102,2,562.81,,USD,WEB
EXT-0202,C1385,2026-07-26,SKU-09-0025,6,355.29,,USD,WEB
EXT-0203,C1383,2026-07-24,SKU-15-0350,2,980.60,,USD,WEB
EXT-0203,C1383,2026-07-24,SKU-18-0353,3,805.73,,USD,WEB
EXT-0203,C1383,2026-07-24,SKU-02-0337,5,279.81,,USD,WEB
EXT-0204,C1459,2026-07-25,SKU-28-0301,2,323.17,20OFF100,USD,WEB
EXT-0204,C1459,2026-07-25,SKU-27-0104,4,642.46,20OFF100,USD,WEB
EXT-0204,C1459,2026-07-25,SKU-12-0207,3,343.77,20OFF100,USD,WEB
EXT-0205,C1311,2026-07-28,SKU-06-0229,2,452.26,,USD,MOBILE
EXT-0206,C1205,2026-07-26,SKU-10-0429,2,819.73,,USD,PARTNER
EXT-0206,C1205,2026-07-26,SKU-20-0059,2,541.66,,USD,PARTNER
EXT-0206,C1205,2026-07-26,SKU-17-0548,2,676.97,,USD,PARTNER
EXT-0206,C1205,2026-07-26,SKU-07-0019,5,433.15,,USD,PARTNER
EXT-0207,C1315,2026-07-28,SKU-10-0513,3,1108.78,,CAD,PARTNER
EXT-0207,C1315,2026-07-28,SKU-14-0040,1,604.84,,CAD,PARTNER
EXT-0208,C1122,2026-07-28,SKU-20-0243,4,588.54,AUDIO25,GBP,PARTNER
EXT-0208,C1122,2026-07-28,SKU-15-0044,4,80.66,AUDIO25,GBP,PARTNER
EXT-0208,C1122,2026-07-28,SKU-29-0078,5,504.75,AUDIO25,GBP,PARTNER
EXT-0209,C1227,2026-07-25,SKU-18-0409,5,442.21,,GBP,POS
EXT-0209,C1227,2026-07-25,SKU-04-0563,1,407.90,,GBP,POS
EXT-0209,C1227,2026-07-25,SKU-31-0444,1,546.08,,GBP,POS
EXT-0209,C1227,2026-07-25,SKU-30-0219,3,284.09,,GBP,POS
EXT-0210,C1089,2026-07-24,SKU-28-0385,2,146.73,,USD,MOBILE
EXT-0210,C1089,2026-07-24,SKU-34-0391,4,216.12,,USD,MOBILE
EXT-0210,C1089,2026-07-24,SKU-06-0397,3,840.18,,USD,MOBILE
EXT-0211,C1473,2026-07-27,SKU-02-0005,3,275.62,WELCOME15,EUR,WEB
EXT-0212,C1367,2026-07-28,SKU-14-0181,2,45.18,SAVE10,USD,WEB
EXT-0212,C1367,2026-07-28,SKU-34-0195,4,284.51,SAVE10,USD,WEB
EXT-0212,C1367,2026-07-28,SKU-30-0331,5,98.31,SAVE10,USD,WEB
EXT-0212,C1367,2026-07-28,SKU-15-0490,2,752.60,SAVE10,USD,WEB
EXT-0213,C1438,2026-07-24,SKU-18-0381,6,161.22,,CAD,POS
EXT-0214,C1368,2026-07-28,SKU-03-0394,6,452.73,KITCHEN12,USD,WEB
EXT-0215,C1239,2026-07-27,SKU-09-0204,5,582.88,,USD,POS
EXT-0215,C1239,2026-07-27,SKU-33-0334,1,653.88,,USD,POS
EXT-0215,C1239,2026-07-27,SKU-17-0296,3,160.82,,USD,POS
EXT-0216,C1287,2026-07-24,SKU-06-0145,5,1033.55,,USD,MOBILE
EXT-0216,C1287,2026-07-24,SKU-31-0556,3,376.23,,USD,MOBILE
EXT-0217,C1485,2026-07-29,SKU-13-0236,5,1002.29,,USD,MOBILE
EXT-0217,C1485,2026-07-29,SKU-20-0243,4,717.25,,USD,MOBILE
EXT-0217,C1485,2026-07-29,SKU-33-0390,3,527.08,,USD,MOBILE
EXT-0217,C1485,2026-07-29,SKU-05-0014,1,302.87,,USD,MOBILE
EXT-0217,C1485,2026-07-29,SKU-20-0059,4,514.13,,USD,MOBILE
EXT-0218,C1410,2026-07-29,SKU-14-0069,3,869.58,,USD,MOBILE
EXT-0218,C1410,2026-07-29,SKU-10-0289,2,205.96,,USD,MOBILE
EXT-0218,C1410,2026-07-29,SKU-15-0350,6,993.73,,USD,MOBILE
EXT-0218,C1410,2026-07-29,SKU-18-0185,5,552.87,,USD,MOBILE
EXT-0219,C1207,2026-07-27,SKU-05-0228,3,628.02,KITCHEN12,USD,POS
EXT-0219,C1207,2026-07-27,SKU-12-0035,5,681.26,KITCHEN12,USD,POS
EXT-0219,C1207,2026-07-27,SKU-13-0180,4,910.48,KITCHEN12,USD,POS
EXT-0220,C1125,2026-07-27,SKU-08-0483,2,60.94,GAMING5,USD,PARTNER
EXT-0220,C1125,2026-07-27,SKU-19-0158,3,1008.92,GAMING5,USD,PARTNER
EXT-0221,C1152,2026-07-27,SKU-11-0234,3,642.58,VIP25,USD,PARTNER
EXT-0221,C1152,2026-07-27,SKU-13-0208,3,1031.36,VIP25,USD,PARTNER
EXT-0222,C1224,2026-07-25,SKU-27-0104,4,634.74,,USD,WEB
EXT-0222,C1224,2026-07-25,SKU-10-0177,2,627.58,,USD,WEB
EXT-0223,C1296,2026-07-28,SKU-10-0373,6,401.80,,USD,WEB
EXT-0223,C1296,2026-07-28,SKU-05-0536,4,731.27,,USD,WEB
EXT-0223,C1296,2026-07-28,SKU-34-0167,6,588.51,,USD,WEB
EXT-0223,C1296,2026-07-28,SKU-31-0164,6,581.15,,USD,WEB
EXT-0223,C1296,2026-07-28,SKU-27-0356,6,371.35,,USD,WEB
EXT-0224,C1051,2026-07-27,SKU-28-0385,3,121.00,FREESHIP,GBP,WEB
EXT-0224,C1051,2026-07-27,SKU-30-0275,4,367.33,FREESHIP,GBP,WEB
EXT-0224,C1051,2026-07-27,SKU-02-0449,1,460.81,FREESHIP,GBP,WEB
EXT-0224,C1051,2026-07-27,SKU-09-0568,5,647.46,FREESHIP,GBP,WEB
EXT-0225,C1457,2026-07-26,SKU-07-0118,4,466.82,,USD,WEB
EXT-0225,C1457,2026-07-26,SKU-09-0025,5,359.07,,USD,WEB
EXT-0225,C1457,2026-07-26,SKU-20-0075,1,130.16,,USD,WEB
EXT-0225,C1457,2026-07-26,SKU-28-0469,2,726.35,,USD,WEB
EXT-0225,C1457,2026-07-26,SKU-28-0189,1,859.77,,USD,WEB
EXT-0226,C1110,2026-07-24,SKU-28-0357,6,525.83,,USD,WEB
EXT-0226,C1110,2026-07-24,SKU-20-0439,1,617.86,,USD,WEB
EXT-0226,C1110,2026-07-24,SKU-12-0179,1,663.36,,USD,WEB
EXT-0226,C1110,2026-07-24,SKU-03-0422,6,1013.22,,USD,WEB
EXT-0226,C1110,2026-07-24,SKU-33-0474,2,78.57,,USD,WEB
EXT-0227,C1160,2026-07-30,SKU-13-0292,3,1345.84,BOGOBOOKS,CAD,WEB
EXT-0227,C1160,2026-07-30,SKU-27-0132,1,889.17,BOGOBOOKS,CAD,WEB
EXT-0227,C1160,2026-07-30,SKU-04-0311,3,771.86,BOGOBOOKS,CAD,WEB
EXT-0227,C1160,2026-07-30,SKU-27-0216,6,697.89,BOGOBOOKS,CAD,WEB
EXT-0227,C1160,2026-07-30,SKU-18-0493,5,111.34,BOGOBOOKS,CAD,WEB
EXT-0228,C1070,2026-07-24,SKU-09-0027,3,50.79,,EUR,PARTNER
EXT-0228,C1070,2026-07-24,SKU-29-0134,4,401.45,,EUR,PARTNER
EXT-0228,C1070,2026-07-24,SKU-31-0444,4,642.56,,EUR,PARTNER
EXT-0228,C1070,2026-07-24,SKU-09-0232,2,565.35,,EUR,PARTNER
EXT-0229,C1338,2026-07-30,SKU-14-0321,4,441.27,,USD,WEB
EXT-0230,C1457,2026-07-28,SKU-12-0207,4,344.54,,USD,WEB
EXT-0230,C1457,2026-07-28,SKU-18-0073,3,128.52,,USD,WEB
EXT-0230,C1457,2026-07-28,SKU-02-0533,2,27.39,,USD,WEB
EXT-0230,C1457,2026-07-28,SKU-30-0107,4,220.77,,USD,WEB
EXT-0231,C1102,2026-07-24,SKU-04-0367,6,823.03,50OFF300,USD,PARTNER
EXT-0231,C1102,2026-07-24,SKU-16-0435,5,255.49,50OFF300,USD,PARTNER
EXT-0231,C1102,2026-07-24,SKU-17-0520,2,115.29,50OFF300,USD,PARTNER
EXT-0231,C1102,2026-07-24,SKU-19-0270,1,378.11,50OFF300,USD,PARTNER
EXT-0232,C1146,2026-07-25,SKU-12-0035,3,650.12,,EUR,WEB
EXT-0232,C1146,2026-07-25,SKU-08-0259,2,576.01,,EUR,WEB
EXT-0232,C1146,2026-07-25,SKU-20-0579,4,486.89,,EUR,WEB
EXT-0232,C1146,2026-07-25,SKU-04-0143,4,69.77,,EUR,WEB
EXT-0232,C1146,2026-07-25,SKU-18-0269,5,219.34,,EUR,WEB
EXT-0233,C1483,2026-07-24,SKU-01-0112,3,587.18,,EUR,WEB
EXT-0233,C1483,2026-07-24,SKU-31-0472,3,687.84,,EUR,WEB
EXT-0234,C1202,2026-07-30,SKU-07-0090,1,859.64,VIP25,USD,WEB
EXT-0234,C1202,2026-07-30,SKU-11-0430,5,281.50,VIP25,USD,WEB
EXT-0234,C1202,2026-07-30,SKU-02-0533,2,26.65,VIP25,USD,WEB
EXT-0234,C1202,2026-07-30,SKU-09-0148,6,306.12,VIP25,USD,WEB
EXT-0235,C1091,2026-07-29,SKU-08-0595,6,25.24,25OFF150,CAD,POS
EXT-0235,C1091,2026-07-29,SKU-17-0184,1,471.05,25OFF150,CAD,POS
EXT-0235,C1091,2026-07-29,SKU-03-0170,2,336.54,25OFF150,CAD,POS
EXT-0235,C1091,2026-07-29,SKU-11-0234,5,856.66,25OFF150,CAD,POS
EXT-0236,C1206,2026-07-30,SKU-15-0043,3,245.96,MAXEDOUT,USD,MOBILE
EXT-0236,C1206,2026-07-30,SKU-20-0215,5,250.16,MAXEDOUT,USD,MOBILE
EXT-0236,C1206,2026-07-30,SKU-11-0033,4,493.40,MAXEDOUT,USD,MOBILE
EXT-0236,C1206,2026-07-30,SKU-19-0102,5,566.05,MAXEDOUT,USD,MOBILE
EXT-0236,C1206,2026-07-30,SKU-05-0088,3,742.50,MAXEDOUT,USD,MOBILE
EXT-0237,C1180,2026-07-29,SKU-30-0443,6,671.15,,USD,POS
EXT-0237,C1180,2026-07-29,SKU-33-0586,4,713.38,,USD,POS
EXT-0238,C1302,2026-07-30,SKU-14-0041,2,94.13,,USD,PARTNER
EXT-0238,C1302,2026-07-30,SKU-18-0054,2,187.27,,USD,PARTNER
EXT-0239,C1070,2026-07-30,SKU-07-0426,3,124.66,AUDIO25,USD,WEB
EXT-0239,C1070,2026-07-30,SKU-28-0301,4,326.87,AUDIO25,USD,WEB
EXT-0240,C1047,2026-07-24,SKU-03-0534,4,153.51,,GBP,WEB
EXT-0240,C1047,2026-07-24,SKU-17-0184,4,262.39,,GBP,WEB
EXT-0240,C1047,2026-07-24,SKU-07-0566,6,332.89,,GBP,WEB
EXT-0240,C1047,2026-07-24,SKU-01-0003,6,85.01,,GBP,WEB
EXT-0240,C1047,2026-07-24,SKU-18-0297,3,421.37,,GBP,WEB
EXT-0241,C1070,2026-07-29,SKU-20-0131,2,91.95,WELCOME15,GBP,WEB
EXT-0241,C1070,2026-07-29,SKU-11-0234,2,513.84,WELCOME15,GBP,WEB
EXT-0241,C1070,2026-07-29,SKU-01-0532,5,462.84,WELCOME15,GBP,WEB
EXT-0241,C1070,2026-07-29,SKU-33-0082,6,171.90,WELCOME15,GBP,WEB
EXT-0241,C1070,2026-07-29,SKU-19-0494,4,472.83,WELCOME15,GBP,WEB
EXT-0242,C1365,2026-07-26,SKU-28-0525,1,477.49,GAMING5,USD,POS
EXT-0242,C1365,2026-07-26,SKU-32-0249,5,727.80,GAMING5,USD,POS
EXT-0242,C1365,2026-07-26,SKU-32-0585,5,142.71,GAMING5,USD,POS
EXT-0242,C1365,2026-07-26,SKU-30-0107,5,221.23,GAMING5,USD,POS
EXT-0243,C1406,2026-07-29,SKU-07-0454,2,586.08,MAXEDOUT,USD,WEB
EXT-0243,C1406,2026-07-29,SKU-30-0471,6,243.27,MAXEDOUT,USD,WEB
EXT-0243,C1406,2026-07-29,SKU-08-0455,4,685.63,MAXEDOUT,USD,WEB
EXT-0243,C1406,2026-07-29,SKU-20-0439,3,638.21,MAXEDOUT,USD,WEB
EXT-0243,C1406,2026-07-29,SKU-16-0351,6,315.36,MAXEDOUT,USD,WEB
EXT-0244,C1224,2026-07-28,SKU-10-0205,2,2732.17,,USD,WEB
EXT-0245,C1307,2026-07-28,SKU-05-0396,2,2351.35,,USD,WEB
EXT-0246,C1066,2026-07-28,SKU-12-0319,2,2010.26,,USD,WEB
EXT-0247,C1391,2026-07-28,SKU-06-0173,2,460.07,,USD,WEB
EXT-0248,C1356,2026-07-28,SKU-10-0513,2,3729.63,,USD,WEB
EXT-0249,C1133,2026-07-28,SKU-09-0400,2,1406.94,,USD,WEB
EXT-0250,C1473,2026-07-28,SKU-XX-7000,1,19.99,,USD,WEB
EXT-0251,C1439,2026-07-28,SKU-XX-7001,1,19.99,,USD,WEB
EXT-0252,C1340,2026-07-28,SKU-XX-7002,1,19.99,,USD,WEB
EXT-0253,C9800,2026-07-28,SKU-03-0254,1,688.12,,USD,WEB
EXT-0254,C9801,2026-07-28,SKU-20-0299,1,780.24,,USD,WEB
EXT-0255,C1269,2026-07-28,SKU-03-0007,1,149.13,,USD,WEB
EXT-0256,C1077,2026-07-28,SKU-08-0023,1,11.90,,USD,WEB
EXT-0257,C9100,2026-07-28,SKU-15-0044,1,99.43,,USD,WEB
EXT-0258,C1046,2026-07-28,SKU-13-0152,1,10.30,,USD,WEB
EXT-0259,C1398,2026-07-28,SKU-14-0461,0,230.54,,USD,WEB
EXT-0260,C1258,2026-07-28,SKU-14-0042,-3,670.81,,USD,WEB
EXT-0261,C1195,2026-07-28,SKU-29-0302,two,142.12,,USD,WEB
EXT-0262,C1145,2026-07-28,SKU-16-0575,2,,,USD,WEB
EXT-0263,C1140,2026-07-28,SKU-06-0537,2,n/a,,USD,WEB
EXT-0264,C1446,2026-07-28,SKU-20-0060,2,-10.00,,USD,WEB
EXT-0265,C1212,31/07/2026,SKU-32-0417,1,368.90,,USD,WEB
EXT-0266,C1200,31/07/2026,SKU-09-0232,1,593.41,,USD,WEB
EXT-0267,C1215,2026-07-28,SKU-17-0100,1,41.32,,ZZZ,WEB
EXT-0268,C1130,2026-07-28,SKU-04-0395,1,357.76,,ZZZ,WEB
EXT-0269,C1272,2026-07-28,SKU-20-0467,1,884.34,NOSUCHPROMO,USD,WEB
EXT-0270,C1099,2026-07-28,SKU-15-0406,1,1090.28,NOSUCHPROMO,USD,WEB
EXT-0271,C1337,2026-07-28,SKU-30-0163,1,322.55,,USD,WEB
EXT-0271,C1170,2026-07-28,SKU-30-0499,1,624.31,,USD,WEB
EXT-0272,C1288,2026-07-28,SKU-12-0179,1,677.26,,USD,WEB
EXT-0272,C1288,2026-07-28,SKU-12-0179,3,674.40,,USD,WEB
EXT-0273,C1492,2026-07-28,SKU-03-0422,1,988.46,,USD,WEB
EXT-0273,C1492,2026-07-28,SKU-03-0422,3,1039.91,,USD,WEB
EXT-0274,C1420,2026-07-28,SKU-16-0463,1,93.79,,USD,WEB
EXT-0274,C1420,2026-07-28,SKU-16-0463,3,94.70,,USD,WEB
EXT-0275,C1308,2026-07-28,SKU-01-0003,1,103.18,,USD,WEB
EXT-0275,C1308,2026-07-28,SKU-01-0003,3,104.06,,USD,WEB
EXT-0276,C1112,2026-07-28,SKU-10-0485,2,356.05,,USD,WEB
EXT-0276,C1112,2026-07-28,SKU-04-0507,1,256.03,,USD,WEB
EXT-0277,C1419,2026-07-28,SKU-15-0044,2,103.73,,USD,WEB
EXT-0277,C1419,2026-07-28,SKU-32-0277,1,858.31,,USD,WEB
EXT-0278,C1404,2026-07-28,SKU-32-0445,2,922.25,,USD,WEB
EXT-0278,C1404,2026-07-28,SKU-09-0456,1,199.13,,USD,WEB
