FromCurrency,ToCurrency,RateDateText,RateText
USD,GBP,2026-06-30,0.7850
USD,EUR,2026-06-30,0.9250
USD,CAD,2026-06-30,1.3550
USD,GBP,2026-07-29,0.7843
USD,GBP,2026-07-30,0.7850
USD,EUR,2026-07-29,0.9237
USD,EUR,2026-07-30,0.9234
USD,CAD,2026-07-29,1.3547
USD,CAD,2026-07-30,1.3564
USD,AUD,2026-07-29,1.5225
USD,AUD,2026-07-30,1.5230
USD,JPY,2026-07-29,157.2896
USD,JPY,2026-07-30,157.2012
USD,CHF,2026-07-29,0.8864
USD,CHF,2026-07-30,0.8853
USD,SEK,2026-07-29,10.6183
USD,SEK,2026-07-30,10.6166
USD,NOK,2026-07-29,10.9068
USD,NOK,2026-07-30,10.8995
USD,DKK,2026-07-29,6.9013
USD,DKK,2026-07-30,6.9130
USD,PLN,2026-07-29,4.0424
USD,PLN,2026-07-30,4.0544
USD,MXN,2026-07-29,18.2886
USD,MXN,2026-07-30,18.3010
USD,GBP,not-a-date,0.7900
USD,EUR,2026-07-31,not-a-number
USD,ZZZ,2026-07-31,1.0000
,CAD,2026-07-31,1.3600
