CustomerId,CustomerNo,FirstName,LastName,Email,Phone,CountryCode,Status
1,C1000,Noah,Williams,noah.williams80@example.com,+1-555-6143,IE,ACTIVE
2,C1001,Lucas,Nowak,lucas.nowak52@example.com,+1-555-5844,IE,ACTIVE
3,C1002,Emma,Garcia,emma.garcia73@example.com,+1-555-5930,GB,ACTIVE
4,C1003,Marie,Schmidt,marie.schmidt57@example.com,+1-555-8244,FR,ACTIVE
5,C1004,Ben,Garcia,ben.garcia37@example.com,+1-555-9445,US,ACTIVE
6,C1005,Lucas,Kelly,lucas.kelly26@example.com,+1-555-3414,GB,ACTIVE
7,C1006,Pierre,Williams,pierre.williams54@example.com,+1-555-4185,FR,ACTIVE
8,C1007,Linda,Jones,linda.jones97@example.com,+1-555-2746,US,ACTIVE
9,C1008,Olivia,Johnson,olivia.johnson32@example.com,+1-555-2988,CA,ACTIVE
10,C1009,Hans,Schmidt,hans.schmidt79@example.com,+1-555-9270,FR,ACTIVE
11,C1010,Ben,Walsh,ben.walsh34@example.com,+1-555-5050,FR,ACTIVE
12,C1011,Sean,Walsh,sean.walsh36@example.com,+1-555-8206,GB,ACTIVE
13,C1012,Hans,Williams,hans.williams20@example.com,+1-555-4788,US,ACTIVE
14,C1013,John,Nowak,john.nowak43@example.com,+1-555-9890,DE,ACTIVE
15,C1014,Marie,Smith,marie.smith49@example.com,+1-555-8814,GB,ACTIVE
16,C1015,Noah,Davis,noah.davis29@example.com,+1-555-5471,FR,ACTIVE
17,C1016,Emma,Garcia,emma.garcia17@example.com,+1-555-9751,FR,ACTIVE
18,C1017,James,Williams,james.williams18@example.com,+1-555-8564,DE,ACTIVE
19,C1018,Sarah,Schmidt,sarah.schmidt36@example.com,+1-555-7906,DE,ACTIVE
20,C1019,Liam,Davis,liam.davis84@example.com,+1-555-1659,US,ACTIVE
21,C1020,Robert,Davis,robert.davis61@example.com,+1-555-2874,US,ACTIVE
22,C1021,Liam,Garcia,liam.garcia78@example.com,+1-555-2876,GB,ACTIVE
23,C1022,Marie,Rossi,marie.rossi92@example.com,+1-555-4249,DE,ACTIVE
24,C1023,Lucas,Brown,lucas.brown6@example.com,+1-555-6688,GB,ACTIVE
25,C1024,Sarah,Smith,sarah.smith63@example.com,+1-555-2729,DE,ACTIVE
26,C1025,Olivia,Jones,olivia.jones23@example.com,+1-555-9548,DE,ACTIVE
27,C1026,Hans,Walsh,hans.walsh56@example.com,+1-555-5397,FR,ACTIVE
28,C1027,Olivia,Rossi,olivia.rossi4@example.com,+1-555-9098,IE,ACTIVE
29,C1028,Liam,Murphy,liam.murphy36@example.com,+1-555-5526,IE,ACTIVE
30,C1029,John,Davis,john.davis63@example.com,+1-555-4937,DE,ACTIVE
31,C1030,Olivia,Smith,olivia.smith38@example.com,+1-555-4630,US,ACTIVE
32,C1031,Aoife,Dubois,aoife.dubois96@example.com,+1-555-6419,DE,ACTIVE
33,C1032,Patricia,Miller,patricia.miller16@example.com,+1-555-9779,IE,ACTIVE
34,C1033,David,Kelly,david.kelly25@example.com,+1-555-5853,US,ACTIVE
35,C1034,Robert,Murphy,robert.murphy7@example.com,+1-555-5786,US,ACTIVE
36,C1035,Aoife,Brown,aoife.brown74@example.com,+1-555-5658,US,ACTIVE
37,C1036,David,Walsh,david.walsh9@example.com,+1-555-7565,US,ACTIVE
38,C1037,Mary,Jones,mary.jones73@example.com,+1-555-5978,US,ACTIVE
39,C1038,Noah,Davis,noah.davis49@example.com,+1-555-8381,CA,ACTIVE
40,C1039,Noah,Kelly,noah.kelly80@example.com,+1-555-1986,GB,ACTIVE
41,C9001,Noah,Williams,noah.williams80@example.com,+1-555-0000,IE,ACTIVE
42,C9002,Bob,Garcia,bob.different@example.com,+1-555-9445,US,ACTIVE
43,C9100,Blocked,User,blocked@example.com,+1-555-1111,US,BLOCKED
44,C1044,Liam,Kaur,liam.kaur44@example.com,+1-555-4049,BR,ACTIVE
45,C1045,Liam,Moreau,liam.moreau45@example.com,+1-555-1968,ZA,ACTIVE
46,C1046,Chloe,Vargas,chloe.vargas46@example.com,+1-555-4521,PL,INACTIVE
47,C1047,Freya,Berg,freya.berg47@example.com,+1-555-5421,ZA,ACTIVE
48,C1048,Iris,Nakamura,iris.nakamura48@example.com,+1-555-5163,DE,ACTIVE
49,C1049,Nadia,Haugen,nadia.haugen49@example.com,+1-555-4639,FI,ACTIVE
50,C1050,Noah,Andersson,noah.andersson50@example.com,+1-555-8539,MX,ACTIVE
51,C1051,Felix,Silva,felix.silva51@example.com,+1-555-2753,ZA,ACTIVE
52,C1052,Maja,Dubois,maja.dubois52@example.com,+1-555-8983,AU,ACTIVE
53,C1053,Ines,Brennan,ines.brennan53@example.com,+1-555-2614,NL,ACTIVE
54,C1054,Pablo,Haugen,pablo.haugen54@example.com,+1-555-9590,CH,ACTIVE
55,C1055,Iris,Silva,iris.silva55@example.com,+1-555-7615,NZ,ACTIVE
56,C1056,Chloe,Novak,chloe.novak56@example.com,+1-555-3127,CL,ACTIVE
57,C1057,Ava,Meyer,ava.meyer57@example.com,+1-555-7329,AR,ACTIVE
58,C1058,Anja,Kowalski,anja.kowalski58@example.com,+1-555-8944,DE,ACTIVE
59,C1059,Maja,Petrov,maja.petrov59@example.com,+1-555-8283,FI,INACTIVE
60,C1060,Emma,Andersson,emma.andersson60@example.com,+1-555-8325,NO,BLOCKED
61,C1061,Zoe,Hansen,zoe.hansen61@example.com,+1-555-9832,DE,ACTIVE
62,C1062,Ava,Andersson,ava.andersson62@example.com,+1-555-8108,SE,ACTIVE
63,C1063,Pablo,Reyes,pablo.reyes63@example.com,+1-555-9883,FI,ACTIVE
64,C1064,Felix,Costa,felix.costa64@example.com,+1-555-7433,AT,ACTIVE
65,C1065,Ethan,Murphy,ethan.murphy65@example.com,+1-555-1611,SG,ACTIVE
66,C1066,Hugo,Berg,hugo.berg66@example.com,+1-555-7853,ES,ACTIVE
67,C1067,Marek,Virtanen,marek.virtanen67@example.com,+1-555-4665,CH,BLOCKED
68,C1068,Lena,Vargas,lena.vargas68@example.com,+1-555-7888,MX,ACTIVE
69,C1069,Liam,Meyer,liam.meyer69@example.com,+1-555-3651,GR,ACTIVE
70,C1070,Noah,Hansen,noah.hansen70@example.com,+1-555-8950,FR,ACTIVE
71,C1071,Ravi,Nakamura,ravi.nakamura71@example.com,+1-555-2042,AR,ACTIVE
72,C1072,Ethan,Reyes,ethan.reyes72@example.com,+1-555-6314,ZA,ACTIVE
73,C1073,Theo,Garcia,theo.garcia73@example.com,+1-555-1237,DE,ACTIVE
74,C1074,Kai,Weber,kai.weber74@example.com,+1-555-8217,JP,ACTIVE
75,C1075,Felix,Reyes,felix.reyes75@example.com,+1-555-8003,NO,ACTIVE
76,C1076,Rune,Doyle,rune.doyle76@example.com,+1-555-2039,ES,ACTIVE
77,C1077,Felix,Reyes,felix.reyes77@example.com,+1-555-9748,BE,ACTIVE
78,C1078,Ava,Weber,ava.weber78@example.com,+1-555-8580,AR,ACTIVE
79,C1079,Hugo,Silva,hugo.silva79@example.com,+1-555-5398,IL,ACTIVE
80,C1080,Iris,Okafor,iris.okafor80@example.com,+1-555-6372,IT,ACTIVE
81,C1081,Bruno,Lopez,bruno.lopez81@example.com,+1-555-8226,NL,ACTIVE
82,C1082,Sofia,Andersson,sofia.andersson82@example.com,+1-555-4013,BR,ACTIVE
83,C1083,Otto,Hansen,otto.hansen83@example.com,+1-555-1702,SG,ACTIVE
84,C1084,Otto,Nowak,otto.nowak84@example.com,+1-555-9751,CL,ACTIVE
85,C1085,Olivia,Schmidt,olivia.schmidt85@example.com,+1-555-3270,FI,ACTIVE
86,C1086,Felix,Doyle,felix.doyle86@example.com,+1-555-7643,NZ,ACTIVE
87,C1087,Olivia,Hansen,olivia.hansen87@example.com,+1-555-7971,NL,ACTIVE
88,C1088,Emma,Okafor,emma.okafor88@example.com,+1-555-9972,AR,ACTIVE
89,C1089,Ava,Kaur,ava.kaur89@example.com,+1-555-7422,DK,ACTIVE
90,C1090,Freya,Hansen,freya.hansen90@example.com,+1-555-9751,FR,ACTIVE
91,C1091,Iris,Meyer,iris.meyer91@example.com,+1-555-3474,MX,ACTIVE
92,C1092,Rune,Dubois,rune.dubois92@example.com,+1-555-7303,IT,ACTIVE
93,C1093,Bruno,Lindqvist,bruno.lindqvist93@example.com,+1-555-2941,BE,ACTIVE
94,C1094,Maja,Virtanen,maja.virtanen94@example.com,+1-555-1518,PL,ACTIVE
95,C1095,Mia,Costa,mia.costa95@example.com,+1-555-9903,ZA,ACTIVE
96,C1096,Alma,Fischer,alma.fischer96@example.com,+1-555-1419,DK,ACTIVE
97,C1097,Emma,Berg,emma.berg97@example.com,+1-555-4937,PT,ACTIVE
98,C1098,Hugo,Fischer,hugo.fischer98@example.com,+1-555-8553,AE,BLOCKED
99,C1099,Alma,Moreau,alma.moreau99@example.com,+1-555-4326,NL,ACTIVE
100,C1100,Noah,Meyer,noah.meyer100@example.com,+1-555-8215,BR,ACTIVE
101,C1101,Chloe,Fischer,chloe.fischer101@example.com,+1-555-2054,CH,ACTIVE
102,C1102,Freya,Vargas,freya.vargas102@example.com,+1-555-9688,BE,ACTIVE
103,C1103,Lucas,Reyes,lucas.reyes103@example.com,+1-555-5633,FI,ACTIVE
104,C1104,Hugo,Kelly,hugo.kelly104@example.com,+1-555-3215,IE,ACTIVE
105,C1105,Milan,Silva,milan.silva105@example.com,+1-555-1064,FR,ACTIVE
106,C1106,Aiden,Larsen,aiden.larsen106@example.com,+1-555-7369,IE,ACTIVE
107,C1107,Lena,Moreau,lena.moreau107@example.com,+1-555-2304,PL,ACTIVE
108,C1108,Kai,Kelly,kai.kelly108@example.com,+1-555-1065,DK,ACTIVE
109,C1109,Alma,Andersson,alma.andersson109@example.com,+1-555-7555,AE,ACTIVE
110,C1110,Yusuf,Kaur,yusuf.kaur110@example.com,+1-555-1587,IT,ACTIVE
111,C1111,Noah,Lindqvist,noah.lindqvist111@example.com,+1-555-2217,AU,ACTIVE
112,C1112,Rune,Kowalski,rune.kowalski112@example.com,+1-555-4844,SE,ACTIVE
113,C1113,Bruno,Dubois,bruno.dubois113@example.com,+1-555-4730,FI,ACTIVE
114,C1114,Olivia,Brennan,olivia.brennan114@example.com,+1-555-3952,SG,ACTIVE
115,C1115,Nora,Vargas,nora.vargas115@example.com,+1-555-5368,ZA,ACTIVE
116,C1116,Pablo,Costa,pablo.costa116@example.com,+1-555-9185,JP,ACTIVE
117,C1117,Nora,Rossi,nora.rossi117@example.com,+1-555-3633,NZ,ACTIVE
118,C1118,Mia,Dubois,mia.dubois118@example.com,+1-555-4993,SG,ACTIVE
119,C1119,Chloe,Novak,chloe.novak119@example.com,+1-555-4495,DK,ACTIVE
120,C1120,Hugo,Schmidt,hugo.schmidt120@example.com,+1-555-5604,PT,ACTIVE
121,C1121,Sara,Kowalski,sara.kowalski121@example.com,+1-555-7840,IE,ACTIVE
122,C1122,Zoe,Silva,zoe.silva122@example.com,+1-555-7112,SE,ACTIVE
123,C1123,Noah,Meyer,noah.meyer123@example.com,+1-555-2401,FI,ACTIVE
124,C1124,Milan,Dubois,milan.dubois124@example.com,+1-555-8555,BR,ACTIVE
125,C1125,Ines,Schmidt,ines.schmidt125@example.com,+1-555-2866,AE,ACTIVE
126,C1126,Nadia,Lindqvist,nadia.lindqvist126@example.com,+1-555-8196,ZA,ACTIVE
127,C1127,Bruno,Dubois,bruno.dubois127@example.com,+1-555-3337,BR,ACTIVE
128,C1128,Olivia,Brennan,olivia.brennan128@example.com,+1-555-8795,CA,ACTIVE
129,C1129,Kai,Kaur,kai.kaur129@example.com,+1-555-7511,JP,BLOCKED
130,C1130,Alma,Okafor,alma.okafor130@example.com,+1-555-6979,MX,ACTIVE
131,C1131,Olivia,Weber,olivia.weber131@example.com,+1-555-1598,AU,ACTIVE
132,C1132,Sara,Weber,sara.weber132@example.com,+1-555-2937,DK,ACTIVE
133,C1133,Freya,Reyes,freya.reyes133@example.com,+1-555-7332,NL,ACTIVE
134,C1134,Freya,Murphy,freya.murphy134@example.com,+1-555-2915,AR,ACTIVE
135,C1135,Noah,Nakamura,noah.nakamura135@example.com,+1-555-3322,NZ,ACTIVE
136,C1136,Emma,Rossi,emma.rossi136@example.com,+1-555-2805,NZ,ACTIVE
137,C1137,Bruno,Lindqvist,bruno.lindqvist137@example.com,+1-555-8561,US,ACTIVE
138,C1138,Lena,Nowak,lena.nowak138@example.com,+1-555-7676,NL,ACTIVE
139,C1139,Olivia,Doyle,olivia.doyle139@example.com,+1-555-1367,AR,ACTIVE
140,C1140,Chloe,Weber,chloe.weber140@example.com,+1-555-4645,NO,ACTIVE
141,C1141,Lucas,Lopez,lucas.lopez141@example.com,+1-555-6917,NO,ACTIVE
142,C1142,Nora,Doyle,nora.doyle142@example.com,+1-555-7093,PT,ACTIVE
143,C1143,Sara,Meyer,sara.meyer143@example.com,+1-555-3040,IT,ACTIVE
144,C1144,Maja,Haugen,maja.haugen144@example.com,+1-555-6326,NZ,ACTIVE
145,C1145,Zoe,Garcia,zoe.garcia145@example.com,+1-555-7325,IL,ACTIVE
146,C1146,Iris,Schmidt,iris.schmidt146@example.com,+1-555-2380,DE,ACTIVE
147,C1147,Ava,Andersson,ava.andersson147@example.com,+1-555-7656,NO,ACTIVE
148,C1148,Pablo,Costa,pablo.costa148@example.com,+1-555-1045,FR,ACTIVE
149,C1149,Anja,Lopez,anja.lopez149@example.com,+1-555-2798,SG,ACTIVE
150,C1150,Yusuf,Williams,yusuf.williams150@example.com,+1-555-2626,AT,ACTIVE
151,C1151,Maja,Williams,maja.williams151@example.com,+1-555-7123,IL,ACTIVE
152,C1152,Kai,Costa,kai.costa152@example.com,+1-555-9853,ES,ACTIVE
153,C1153,Sofia,Kelly,sofia.kelly153@example.com,+1-555-6239,BE,ACTIVE
154,C1154,Sofia,Novak,sofia.novak154@example.com,+1-555-4696,JP,ACTIVE
155,C1155,Emma,Lindqvist,emma.lindqvist155@example.com,+1-555-1710,FI,ACTIVE
156,C1156,Ethan,Costa,ethan.costa156@example.com,+1-555-5112,PT,ACTIVE
157,C1157,Liam,Petrov,liam.petrov157@example.com,+1-555-1363,BR,ACTIVE
158,C1158,Otto,Andersson,otto.andersson158@example.com,+1-555-3906,IE,ACTIVE
159,C1159,Nadia,Silva,nadia.silva159@example.com,+1-555-8238,US,ACTIVE
160,C1160,Anja,Petrov,anja.petrov160@example.com,+1-555-3477,PL,ACTIVE
161,C1161,Ines,Williams,ines.williams161@example.com,+1-555-7355,SE,ACTIVE
162,C1162,Milan,Nowak,milan.nowak162@example.com,+1-555-6755,PT,ACTIVE
163,C1163,Yusuf,Novak,yusuf.novak163@example.com,+1-555-7215,PT,ACTIVE
164,C1164,Sofia,Meyer,sofia.meyer164@example.com,+1-555-6293,SG,ACTIVE
165,C1165,Kai,Petrov,kai.petrov165@example.com,+1-555-1162,DK,ACTIVE
166,C1166,Ines,Hansen,ines.hansen166@example.com,+1-555-4478,BR,ACTIVE
167,C1167,Ava,Nowak,ava.nowak167@example.com,+1-555-3924,CA,ACTIVE
168,C1168,Lena,Larsen,lena.larsen168@example.com,+1-555-1226,PL,ACTIVE
169,C1169,Anja,Okafor,anja.okafor169@example.com,+1-555-4769,FR,ACTIVE
170,C1170,Anja,Virtanen,anja.virtanen170@example.com,+1-555-2030,AU,ACTIVE
171,C1171,Noah,Larsen,noah.larsen171@example.com,+1-555-8222,HK,ACTIVE
172,C1172,Ravi,Murphy,ravi.murphy172@example.com,+1-555-3487,DE,ACTIVE
173,C1173,Sofia,Costa,sofia.costa173@example.com,+1-555-4643,CH,ACTIVE
174,C1174,Chloe,Schmidt,chloe.schmidt174@example.com,+1-555-4997,PT,BLOCKED
175,C1175,Yusuf,Kaur,yusuf.kaur175@example.com,+1-555-6911,JP,ACTIVE
176,C1176,Mia,Hansen,mia.hansen176@example.com,+1-555-5298,AE,ACTIVE
177,C1177,Ines,Murphy,ines.murphy177@example.com,+1-555-8798,AR,ACTIVE
178,C1178,Aiden,Haugen,aiden.haugen178@example.com,+1-555-2044,JP,ACTIVE
179,C1179,Yusuf,Virtanen,yusuf.virtanen179@example.com,+1-555-7150,GB,ACTIVE
180,C1180,Anja,Williams,anja.williams180@example.com,+1-555-4268,BR,ACTIVE
181,C1181,Sofia,Laurent,sofia.laurent181@example.com,+1-555-2259,AU,ACTIVE
182,C1182,Ethan,Virtanen,ethan.virtanen182@example.com,+1-555-6716,AE,ACTIVE
183,C1183,Ava,Doyle,ava.doyle183@example.com,+1-555-8567,AE,ACTIVE
184,C1184,Ravi,Williams,ravi.williams184@example.com,+1-555-7369,DE,ACTIVE
185,C1185,Nora,Moreau,nora.moreau185@example.com,+1-555-2445,US,ACTIVE
186,C1186,Marek,Dubois,marek.dubois186@example.com,+1-555-5040,GB,INACTIVE
187,C1187,Maja,Murphy,maja.murphy187@example.com,+1-555-8272,DK,ACTIVE
188,C1188,Lena,Costa,lena.costa188@example.com,+1-555-4065,PT,ACTIVE
189,C1189,Theo,Moreau,theo.moreau189@example.com,+1-555-5221,BE,ACTIVE
190,C1190,Hugo,Nakamura,hugo.nakamura190@example.com,+1-555-1280,AT,ACTIVE
191,C1191,Felix,Larsen,felix.larsen191@example.com,+1-555-8136,FR,ACTIVE
192,C1192,Emma,Lindqvist,emma.lindqvist192@example.com,+1-555-9461,AR,ACTIVE
193,C1193,Noah,Berg,noah.berg193@example.com,+1-555-9358,US,ACTIVE
194,C1194,Chloe,Virtanen,chloe.virtanen194@example.com,+1-555-3976,PT,ACTIVE
195,C1195,Chloe,Lopez,chloe.lopez195@example.com,+1-555-6832,ZA,ACTIVE
196,C1196,Zoe,Dubois,zoe.dubois196@example.com,+1-555-2882,ZA,ACTIVE
197,C1197,Emma,Okafor,emma.okafor197@example.com,+1-555-7815,CH,ACTIVE
198,C1198,Ravi,Novak,ravi.novak198@example.com,+1-555-8361,PL,ACTIVE
199,C1199,Pablo,Haugen,pablo.haugen199@example.com,+1-555-4359,IE,ACTIVE
200,C1200,Ethan,Brennan,ethan.brennan200@example.com,+1-555-2185,GB,ACTIVE
201,C1201,Chloe,Berg,chloe.berg201@example.com,+1-555-7710,JP,ACTIVE
202,C1202,Felix,Fischer,felix.fischer202@example.com,+1-555-6094,BR,ACTIVE
203,C1203,Alma,Costa,alma.costa203@example.com,+1-555-1924,AU,ACTIVE
204,C1204,Ava,Virtanen,ava.virtanen204@example.com,+1-555-4129,LU,ACTIVE
205,C1205,Nadia,Dubois,nadia.dubois205@example.com,+1-555-7420,AU,ACTIVE
206,C1206,Maja,Hansen,maja.hansen206@example.com,+1-555-4402,GR,ACTIVE
207,C1207,Bruno,Nakamura,bruno.nakamura207@example.com,+1-555-9391,LU,ACTIVE
208,C1208,Theo,Weber,theo.weber208@example.com,+1-555-8335,ZA,ACTIVE
209,C1209,Nadia,Doyle,nadia.doyle209@example.com,+1-555-9658,LU,ACTIVE
210,C1210,Aiden,Williams,aiden.williams210@example.com,+1-555-8835,CH,BLOCKED
211,C1211,Theo,Okafor,theo.okafor211@example.com,+1-555-7059,PT,ACTIVE
212,C1212,Alma,Laurent,alma.laurent212@example.com,+1-555-8619,AE,ACTIVE
213,C1213,Bruno,Hansen,bruno.hansen213@example.com,+1-555-4941,AU,ACTIVE
214,C1214,Iris,Nakamura,iris.nakamura214@example.com,+1-555-8081,DE,ACTIVE
215,C1215,Elif,Schmidt,elif.schmidt215@example.com,+1-555-3753,AU,ACTIVE
216,C1216,Yusuf,Williams,yusuf.williams216@example.com,+1-555-9021,SG,ACTIVE
217,C1217,Marek,Bauer,marek.bauer217@example.com,+1-555-2788,AT,ACTIVE
218,C1218,Chloe,Rossi,chloe.rossi218@example.com,+1-555-4385,FI,ACTIVE
219,C1219,Bruno,Murphy,bruno.murphy219@example.com,+1-555-4448,PL,ACTIVE
220,C1220,Hugo,Virtanen,hugo.virtanen220@example.com,+1-555-6345,NZ,ACTIVE
221,C1221,Liam,Okafor,liam.okafor221@example.com,+1-555-2092,BR,ACTIVE
222,C1222,Emma,Andersson,emma.andersson222@example.com,+1-555-2953,US,ACTIVE
223,C1223,Elif,Jensen,elif.jensen223@example.com,+1-555-1464,IE,ACTIVE
224,C1224,Anja,Costa,anja.costa224@example.com,+1-555-2236,AE,ACTIVE
225,C1225,Ravi,Haugen,ravi.haugen225@example.com,+1-555-7283,FI,ACTIVE
226,C1226,Lena,Okafor,lena.okafor226@example.com,+1-555-7413,LU,ACTIVE
227,C1227,Elif,Okafor,elif.okafor227@example.com,+1-555-9447,PL,ACTIVE
228,C1228,Marek,Larsen,marek.larsen228@example.com,+1-555-1868,PL,ACTIVE
229,C1229,Otto,Kelly,otto.kelly229@example.com,+1-555-6924,DE,ACTIVE
230,C1230,Ravi,Larsen,ravi.larsen230@example.com,+1-555-2163,FR,ACTIVE
231,C1231,Rune,Kelly,rune.kelly231@example.com,+1-555-7236,HK,ACTIVE
232,C1232,Liam,Petrov,liam.petrov232@example.com,+1-555-1409,HK,ACTIVE
233,C1233,Zoe,Lindqvist,zoe.lindqvist233@example.com,+1-555-3520,FR,ACTIVE
234,C1234,Sofia,Virtanen,sofia.virtanen234@example.com,+1-555-7610,CH,ACTIVE
235,C1235,Elif,Andersson,elif.andersson235@example.com,+1-555-9360,GB,ACTIVE
236,C1236,Hugo,Kaur,hugo.kaur236@example.com,+1-555-3241,ZA,ACTIVE
237,C1237,Noah,Lindqvist,noah.lindqvist237@example.com,+1-555-3624,FI,ACTIVE
238,C1238,Ethan,Meyer,ethan.meyer238@example.com,+1-555-6497,AE,ACTIVE
239,C1239,Ines,Doyle,ines.doyle239@example.com,+1-555-6188,SG,ACTIVE
240,C1240,Iris,Doyle,iris.doyle240@example.com,+1-555-1866,FI,ACTIVE
241,C1241,Liam,Andersson,liam.andersson241@example.com,+1-555-4416,GR,ACTIVE
242,C1242,Mia,Doyle,mia.doyle242@example.com,+1-555-6069,PL,ACTIVE
243,C1243,Milan,Andersson,milan.andersson243@example.com,+1-555-8876,AT,ACTIVE
244,C1244,Felix,Bauer,felix.bauer244@example.com,+1-555-7562,BE,ACTIVE
245,C1245,Sofia,Novak,sofia.novak245@example.com,+1-555-4721,BE,ACTIVE
246,C1246,Rune,Virtanen,rune.virtanen246@example.com,+1-555-7959,NZ,ACTIVE
247,C1247,Liam,Larsen,liam.larsen247@example.com,+1-555-8428,SG,ACTIVE
248,C1248,Otto,Nakamura,otto.nakamura248@example.com,+1-555-8768,AT,ACTIVE
249,C1249,Kai,Rossi,kai.rossi249@example.com,+1-555-9549,CL,ACTIVE
250,C1250,Lucas,Williams,lucas.williams250@example.com,+1-555-1306,FI,ACTIVE
251,C1251,Ava,Bauer,ava.bauer251@example.com,+1-555-7400,MX,ACTIVE
252,C1252,Olivia,Brennan,olivia.brennan252@example.com,+1-555-9594,SG,ACTIVE
253,C1253,Iris,Lindqvist,iris.lindqvist253@example.com,+1-555-3434,BE,ACTIVE
254,C1254,Freya,Berg,freya.berg254@example.com,+1-555-2488,CH,ACTIVE
255,C1255,Theo,Lopez,theo.lopez255@example.com,+1-555-6589,FI,ACTIVE
256,C1256,Felix,Kowalski,felix.kowalski256@example.com,+1-555-1922,BR,ACTIVE
257,C1257,Hugo,Vargas,hugo.vargas257@example.com,+1-555-2572,IE,ACTIVE
258,C1258,Iris,Nakamura,iris.nakamura258@example.com,+1-555-8054,SE,ACTIVE
259,C1259,Otto,Kowalski,otto.kowalski259@example.com,+1-555-7758,PT,ACTIVE
260,C1260,Marek,Schmidt,marek.schmidt260@example.com,+1-555-7871,IL,ACTIVE
261,C1261,Milan,Reyes,milan.reyes261@example.com,+1-555-7477,ES,ACTIVE
262,C1262,Elif,Nowak,elif.nowak262@example.com,+1-555-4789,IT,ACTIVE
263,C1263,Iris,Haugen,iris.haugen263@example.com,+1-555-2300,ZA,ACTIVE
264,C1264,Ines,Berg,ines.berg264@example.com,+1-555-9728,CA,ACTIVE
265,C1265,Felix,Weber,felix.weber265@example.com,+1-555-2572,HK,ACTIVE
266,C1266,Alma,Brennan,alma.brennan266@example.com,+1-555-2343,NL,ACTIVE
267,C1267,Alma,Dubois,alma.dubois267@example.com,+1-555-4445,ZA,ACTIVE
268,C1268,Alma,Dubois,alma.dubois268@example.com,+1-555-1837,DK,ACTIVE
269,C1269,Mia,Silva,mia.silva269@example.com,+1-555-2801,AE,ACTIVE
270,C1270,Otto,Okafor,otto.okafor270@example.com,+1-555-2403,DK,ACTIVE
271,C1271,Zoe,Kelly,zoe.kelly271@example.com,+1-555-9654,NZ,ACTIVE
272,C1272,Maja,Nakamura,maja.nakamura272@example.com,+1-555-9587,PL,ACTIVE
273,C1273,Alma,Moreau,alma.moreau273@example.com,+1-555-8279,CH,ACTIVE
274,C1274,Aiden,Kowalski,aiden.kowalski274@example.com,+1-555-3592,BE,ACTIVE
275,C1275,Ethan,Fischer,ethan.fischer275@example.com,+1-555-4942,AR,ACTIVE
276,C1276,Noah,Schmidt,noah.schmidt276@example.com,+1-555-2044,AE,ACTIVE
277,C1277,Iris,Kowalski,iris.kowalski277@example.com,+1-555-1312,HK,ACTIVE
278,C1278,Iris,Lopez,iris.lopez278@example.com,+1-555-5446,CH,ACTIVE
279,C1279,Ravi,Schmidt,ravi.schmidt279@example.com,+1-555-8115,ES,ACTIVE
280,C1280,Ravi,Kowalski,ravi.kowalski280@example.com,+1-555-6333,SG,ACTIVE
281,C1281,Hugo,Reyes,hugo.reyes281@example.com,+1-555-9009,PT,ACTIVE
282,C1282,Bruno,Bauer,bruno.bauer282@example.com,+1-555-8662,FI,ACTIVE
283,C1283,Otto,Berg,otto.berg283@example.com,+1-555-7489,US,ACTIVE
284,C1284,Elif,Bauer,elif.bauer284@example.com,+1-555-1063,CL,ACTIVE
285,C1285,Sara,Nowak,sara.nowak285@example.com,+1-555-9745,AT,ACTIVE
286,C1286,Lena,Schmidt,lena.schmidt286@example.com,+1-555-5505,NO,ACTIVE
287,C1287,Rune,Kowalski,rune.kowalski287@example.com,+1-555-6871,GB,ACTIVE
288,C1288,Olivia,Nowak,olivia.nowak288@example.com,+1-555-1253,GB,ACTIVE
289,C1289,Anja,Larsen,anja.larsen289@example.com,+1-555-7695,PL,ACTIVE
290,C1290,Yusuf,Weber,yusuf.weber290@example.com,+1-555-8277,AR,ACTIVE
291,C1291,Rune,Nakamura,rune.nakamura291@example.com,+1-555-3673,ES,ACTIVE
292,C1292,Emma,Schmidt,emma.schmidt292@example.com,+1-555-1062,LU,ACTIVE
293,C1293,Ines,Reyes,ines.reyes293@example.com,+1-555-4468,AR,ACTIVE
294,C1294,Emma,Laurent,emma.laurent294@example.com,+1-555-8041,AE,ACTIVE
295,C1295,Lucas,Kowalski,lucas.kowalski295@example.com,+1-555-3318,FI,ACTIVE
296,C1296,Ava,Meyer,ava.meyer296@example.com,+1-555-4667,ES,ACTIVE
297,C1297,Otto,Hansen,otto.hansen297@example.com,+1-555-4446,BR,ACTIVE
298,C1298,Kai,Moreau,kai.moreau298@example.com,+1-555-7163,HK,ACTIVE
299,C1299,Kai,Kaur,kai.kaur299@example.com,+1-555-6419,NO,ACTIVE
300,C1300,Aiden,Lopez,aiden.lopez300@example.com,+1-555-3029,BR,ACTIVE
301,C1301,Freya,Lindqvist,freya.lindqvist301@example.com,+1-555-4919,GB,ACTIVE
302,C1302,Freya,Schmidt,freya.schmidt302@example.com,+1-555-3334,PL,ACTIVE
303,C1303,Aiden,Virtanen,aiden.virtanen303@example.com,+1-555-4234,NO,ACTIVE
304,C1304,Milan,Kowalski,milan.kowalski304@example.com,+1-555-8894,CH,ACTIVE
305,C1305,Anja,Williams,anja.williams305@example.com,+1-555-6287,FR,ACTIVE
306,C1306,Sara,Kowalski,sara.kowalski306@example.com,+1-555-3961,GR,ACTIVE
307,C1307,Anja,Williams,anja.williams307@example.com,+1-555-3883,IE,ACTIVE
308,C1308,Marek,Meyer,marek.meyer308@example.com,+1-555-3947,GR,ACTIVE
309,C1309,Rune,Andersson,rune.andersson309@example.com,+1-555-7146,NZ,ACTIVE
310,C1310,Olivia,Moreau,olivia.moreau310@example.com,+1-555-4735,FR,ACTIVE
311,C1311,Alma,Nakamura,alma.nakamura311@example.com,+1-555-4748,LU,ACTIVE
312,C1312,Sara,Laurent,sara.laurent312@example.com,+1-555-9408,AT,ACTIVE
313,C1313,Ava,Nakamura,ava.nakamura313@example.com,+1-555-1141,MX,ACTIVE
314,C1314,Aiden,Doyle,aiden.doyle314@example.com,+1-555-7494,MX,ACTIVE
315,C1315,Mia,Kelly,mia.kelly315@example.com,+1-555-4578,DE,ACTIVE
316,C1316,Milan,Moreau,milan.moreau316@example.com,+1-555-6853,FR,ACTIVE
317,C1317,Pablo,Novak,pablo.novak317@example.com,+1-555-8438,DE,ACTIVE
318,C1318,Olivia,Moreau,olivia.moreau318@example.com,+1-555-3118,ZA,ACTIVE
319,C1319,Theo,Vargas,theo.vargas319@example.com,+1-555-1916,PT,ACTIVE
320,C1320,Olivia,Novak,olivia.novak320@example.com,+1-555-8109,BE,ACTIVE
321,C1321,Anja,Haugen,anja.haugen321@example.com,+1-555-2642,DE,ACTIVE
322,C1322,Rune,Kelly,rune.kelly322@example.com,+1-555-2310,BE,ACTIVE
323,C1323,Hugo,Kowalski,hugo.kowalski323@example.com,+1-555-9587,JP,ACTIVE
324,C1324,Ava,Schmidt,ava.schmidt324@example.com,+1-555-9588,FR,ACTIVE
325,C1325,Felix,Rossi,felix.rossi325@example.com,+1-555-9470,NL,ACTIVE
326,C1326,Nora,Silva,nora.silva326@example.com,+1-555-1578,BR,ACTIVE
327,C1327,Marek,Schmidt,marek.schmidt327@example.com,+1-555-2984,IT,INACTIVE
328,C1328,Zoe,Reyes,zoe.reyes328@example.com,+1-555-4206,AE,ACTIVE
329,C1329,Sara,Okafor,sara.okafor329@example.com,+1-555-8547,LU,ACTIVE
330,C1330,Nadia,Rossi,nadia.rossi330@example.com,+1-555-7271,BE,ACTIVE
331,C1331,Hugo,Garcia,hugo.garcia331@example.com,+1-555-2928,LU,ACTIVE
332,C1332,Sara,Kaur,sara.kaur332@example.com,+1-555-7090,MX,ACTIVE
333,C1333,Alma,Jensen,alma.jensen333@example.com,+1-555-6141,AR,ACTIVE
334,C1334,Freya,Jensen,freya.jensen334@example.com,+1-555-2823,BE,ACTIVE
335,C1335,Kai,Jensen,kai.jensen335@example.com,+1-555-7715,HK,INACTIVE
336,C1336,Elif,Moreau,elif.moreau336@example.com,+1-555-1034,NZ,ACTIVE
337,C1337,Sara,Kaur,sara.kaur337@example.com,+1-555-5283,SE,ACTIVE
338,C1338,Anja,Brennan,anja.brennan338@example.com,+1-555-4764,JP,ACTIVE
339,C1339,Iris,Vargas,iris.vargas339@example.com,+1-555-2228,NO,ACTIVE
340,C1340,Ethan,Lopez,ethan.lopez340@example.com,+1-555-7300,PL,ACTIVE
341,C1341,Pablo,Dubois,pablo.dubois341@example.com,+1-555-5005,AU,ACTIVE
342,C1342,Maja,Williams,maja.williams342@example.com,+1-555-4289,GB,ACTIVE
343,C1343,Marek,Lindqvist,marek.lindqvist343@example.com,+1-555-8017,AE,ACTIVE
344,C1344,Freya,Larsen,freya.larsen344@example.com,+1-555-1074,US,ACTIVE
345,C1345,Zoe,Williams,zoe.williams345@example.com,+1-555-4417,BR,ACTIVE
346,C1346,Felix,Haugen,felix.haugen346@example.com,+1-555-3140,GB,ACTIVE
347,C1347,Lena,Jensen,lena.jensen347@example.com,+1-555-5057,NZ,ACTIVE
348,C1348,Ava,Novak,ava.novak348@example.com,+1-555-9724,SE,ACTIVE
349,C1349,Bruno,Kaur,bruno.kaur349@example.com,+1-555-2681,CA,ACTIVE
350,C1350,Aiden,Murphy,aiden.murphy350@example.com,+1-555-7512,PT,ACTIVE
351,C1351,Zoe,Brennan,zoe.brennan351@example.com,+1-555-5233,FI,ACTIVE
352,C1352,Chloe,Doyle,chloe.doyle352@example.com,+1-555-2690,DK,ACTIVE
353,C1353,Lena,Novak,lena.novak353@example.com,+1-555-8626,NZ,ACTIVE
354,C1354,Lucas,Hansen,lucas.hansen354@example.com,+1-555-3424,AR,ACTIVE
355,C1355,Milan,Kowalski,milan.kowalski355@example.com,+1-555-9157,BR,ACTIVE
356,C1356,Ines,Hansen,ines.hansen356@example.com,+1-555-3558,US,ACTIVE
357,C1357,Ravi,Jensen,ravi.jensen357@example.com,+1-555-1816,ZA,ACTIVE
358,C1358,Milan,Doyle,milan.doyle358@example.com,+1-555-9902,HK,ACTIVE
359,C1359,Pablo,Lopez,pablo.lopez359@example.com,+1-555-6399,IE,BLOCKED
360,C1360,Marek,Weber,marek.weber360@example.com,+1-555-7323,AT,ACTIVE
361,C1361,Ava,Hansen,ava.hansen361@example.com,+1-555-1802,CL,ACTIVE
362,C1362,Anja,Brennan,anja.brennan362@example.com,+1-555-6609,JP,ACTIVE
363,C1363,Felix,Silva,felix.silva363@example.com,+1-555-5022,LU,ACTIVE
364,C1364,Noah,Andersson,noah.andersson364@example.com,+1-555-6260,MX,INACTIVE
365,C1365,Pablo,Virtanen,pablo.virtanen365@example.com,+1-555-6911,DE,ACTIVE
366,C1366,Maja,Moreau,maja.moreau366@example.com,+1-555-3740,ES,ACTIVE
367,C1367,Alma,Novak,alma.novak367@example.com,+1-555-6079,CH,ACTIVE
368,C1368,Hugo,Williams,hugo.williams368@example.com,+1-555-5933,HK,ACTIVE
369,C1369,Milan,Lindqvist,milan.lindqvist369@example.com,+1-555-1761,IL,ACTIVE
370,C1370,Felix,Moreau,felix.moreau370@example.com,+1-555-8965,DE,ACTIVE
371,C1371,Liam,Rossi,liam.rossi371@example.com,+1-555-1913,AT,ACTIVE
372,C1372,Iris,Hansen,iris.hansen372@example.com,+1-555-1004,PT,ACTIVE
373,C1373,Felix,Andersson,felix.andersson373@example.com,+1-555-6600,SG,ACTIVE
374,C1374,Liam,Schmidt,liam.schmidt374@example.com,+1-555-6519,FI,ACTIVE
375,C1375,Lucas,Brennan,lucas.brennan375@example.com,+1-555-8015,CL,ACTIVE
376,C1376,Elif,Nakamura,elif.nakamura376@example.com,+1-555-5880,CA,ACTIVE
377,C1377,Aiden,Kaur,aiden.kaur377@example.com,+1-555-4049,NZ,ACTIVE
378,C1378,Ravi,Reyes,ravi.reyes378@example.com,+1-555-1484,IE,ACTIVE
379,C1379,Ravi,Doyle,ravi.doyle379@example.com,+1-555-3746,IE,ACTIVE
380,C1380,Emma,Murphy,emma.murphy380@example.com,+1-555-9767,IT,ACTIVE
381,C1381,Alma,Schmidt,alma.schmidt381@example.com,+1-555-9556,LU,ACTIVE
382,C1382,Lucas,Hansen,lucas.hansen382@example.com,+1-555-9639,MX,ACTIVE
383,C1383,Elif,Fischer,elif.fischer383@example.com,+1-555-4330,BE,ACTIVE
384,C1384,Milan,Jensen,milan.jensen384@example.com,+1-555-6466,NO,ACTIVE
385,C1385,Mia,Vargas,mia.vargas385@example.com,+1-555-4274,IL,ACTIVE
386,C1386,Marek,Bauer,marek.bauer386@example.com,+1-555-4702,NZ,ACTIVE
387,C1387,Pablo,Petrov,pablo.petrov387@example.com,+1-555-4798,BE,ACTIVE
388,C1388,Iris,Larsen,iris.larsen388@example.com,+1-555-9433,US,ACTIVE
389,C1389,Ethan,Rossi,ethan.rossi389@example.com,+1-555-6484,CL,ACTIVE
390,C1390,Liam,Meyer,liam.meyer390@example.com,+1-555-3600,FR,ACTIVE
391,C1391,Sofia,Okafor,sofia.okafor391@example.com,+1-555-6069,CL,ACTIVE
392,C1392,Lucas,Larsen,lucas.larsen392@example.com,+1-555-5155,BR,ACTIVE
393,C1393,Chloe,Lopez,chloe.lopez393@example.com,+1-555-6817,SE,ACTIVE
394,C1394,Bruno,Dubois,bruno.dubois394@example.com,+1-555-3483,SG,ACTIVE
395,C1395,Maja,Moreau,maja.moreau395@example.com,+1-555-9962,BE,ACTIVE
396,C1396,Noah,Petrov,noah.petrov396@example.com,+1-555-1923,SE,ACTIVE
397,C1397,Otto,Jensen,otto.jensen397@example.com,+1-555-8738,IT,ACTIVE
398,C1398,Freya,Larsen,freya.larsen398@example.com,+1-555-2587,AU,ACTIVE
399,C1399,Olivia,Schmidt,olivia.schmidt399@example.com,+1-555-2731,CH,ACTIVE
400,C1400,Theo,Nowak,theo.nowak400@example.com,+1-555-6356,IT,ACTIVE
401,C1401,Otto,Kelly,otto.kelly401@example.com,+1-555-3884,MX,ACTIVE
402,C1402,Kai,Rossi,kai.rossi402@example.com,+1-555-4773,AU,ACTIVE
403,C1403,Anja,Nakamura,anja.nakamura403@example.com,+1-555-2816,ES,ACTIVE
404,C1404,Liam,Virtanen,liam.virtanen404@example.com,+1-555-6645,SE,ACTIVE
405,C1405,Sara,Larsen,sara.larsen405@example.com,+1-555-4098,HK,ACTIVE
406,C1406,Otto,Weber,otto.weber406@example.com,+1-555-2893,IE,ACTIVE
407,C1407,Alma,Meyer,alma.meyer407@example.com,+1-555-5145,ZA,ACTIVE
408,C1408,Zoe,Berg,zoe.berg408@example.com,+1-555-6920,FI,ACTIVE
409,C1409,Bruno,Nowak,bruno.nowak409@example.com,+1-555-8631,AR,ACTIVE
410,C1410,Theo,Andersson,theo.andersson410@example.com,+1-555-5882,SG,ACTIVE
411,C1411,Rune,Laurent,rune.laurent411@example.com,+1-555-1827,DK,ACTIVE
412,C1412,Marek,Costa,marek.costa412@example.com,+1-555-3138,AT,ACTIVE
413,C1413,Noah,Lopez,noah.lopez413@example.com,+1-555-2404,NL,ACTIVE
414,C1414,Theo,Lopez,theo.lopez414@example.com,+1-555-1486,DE,ACTIVE
415,C1415,Noah,Kelly,noah.kelly415@example.com,+1-555-4331,FR,ACTIVE
416,C1416,Mia,Murphy,mia.murphy416@example.com,+1-555-4114,GB,INACTIVE
417,C1417,Milan,Haugen,milan.haugen417@example.com,+1-555-9490,US,ACTIVE
418,C1418,Felix,Doyle,felix.doyle418@example.com,+1-555-8347,PL,ACTIVE
419,C1419,Ines,Hansen,ines.hansen419@example.com,+1-555-7567,CA,ACTIVE
420,C1420,Ava,Larsen,ava.larsen420@example.com,+1-555-6862,DE,ACTIVE
421,C1421,Milan,Williams,milan.williams421@example.com,+1-555-1354,IE,ACTIVE
422,C1422,Liam,Williams,liam.williams422@example.com,+1-555-6555,SE,ACTIVE
423,C1423,Marek,Petrov,marek.petrov423@example.com,+1-555-5620,FR,ACTIVE
424,C1424,Aiden,Murphy,aiden.murphy424@example.com,+1-555-4927,JP,ACTIVE
425,C1425,Ravi,Lindqvist,ravi.lindqvist425@example.com,+1-555-2325,NL,ACTIVE
426,C1426,Emma,Brennan,emma.brennan426@example.com,+1-555-9599,US,ACTIVE
427,C1427,Nadia,Kaur,nadia.kaur427@example.com,+1-555-9461,MX,ACTIVE
428,C1428,Kai,Virtanen,kai.virtanen428@example.com,+1-555-4769,IT,ACTIVE
429,C1429,Ethan,Petrov,ethan.petrov429@example.com,+1-555-3433,LU,ACTIVE
430,C1430,Ava,Murphy,ava.murphy430@example.com,+1-555-7831,MX,ACTIVE
431,C1431,Sara,Laurent,sara.laurent431@example.com,+1-555-6433,IL,ACTIVE
432,C1432,Maja,Nowak,maja.nowak432@example.com,+1-555-6978,CL,ACTIVE
433,C1433,Felix,Rossi,felix.rossi433@example.com,+1-555-3620,DE,ACTIVE
434,C1434,Rune,Brennan,rune.brennan434@example.com,+1-555-5389,AT,ACTIVE
435,C1435,Iris,Silva,iris.silva435@example.com,+1-555-4472,BR,ACTIVE
436,C1436,Nora,Dubois,nora.dubois436@example.com,+1-555-2961,BR,ACTIVE
437,C1437,Milan,Kowalski,milan.kowalski437@example.com,+1-555-7120,AU,ACTIVE
438,C1438,Elif,Schmidt,elif.schmidt438@example.com,+1-555-4100,PT,ACTIVE
439,C1439,Aiden,Costa,aiden.costa439@example.com,+1-555-8218,IT,ACTIVE
440,C1440,Kai,Lopez,kai.lopez440@example.com,+1-555-6142,IT,ACTIVE
441,C1441,Liam,Costa,liam.costa441@example.com,+1-555-2730,ZA,ACTIVE
442,C1442,Sofia,Vargas,sofia.vargas442@example.com,+1-555-2029,CL,ACTIVE
443,C1443,Olivia,Rossi,olivia.rossi443@example.com,+1-555-6317,FR,ACTIVE
444,C1444,Hugo,Petrov,hugo.petrov444@example.com,+1-555-4577,JP,ACTIVE
445,C1445,Alma,Berg,alma.berg445@example.com,+1-555-3314,PL,ACTIVE
446,C1446,Ravi,Dubois,ravi.dubois446@example.com,+1-555-2935,FI,ACTIVE
447,C1447,Zoe,Lopez,zoe.lopez447@example.com,+1-555-2045,CH,ACTIVE
448,C1448,Lucas,Costa,lucas.costa448@example.com,+1-555-5709,FR,INACTIVE
449,C1449,Liam,Petrov,liam.petrov449@example.com,+1-555-4643,DK,ACTIVE
450,C1450,Anja,Andersson,anja.andersson450@example.com,+1-555-3975,JP,ACTIVE
451,C1451,Elif,Jensen,elif.jensen451@example.com,+1-555-5157,NL,ACTIVE
452,C1452,Pablo,Murphy,pablo.murphy452@example.com,+1-555-3334,SE,ACTIVE
453,C1453,Lucas,Kaur,lucas.kaur453@example.com,+1-555-1539,JP,ACTIVE
454,C1454,Nadia,Novak,nadia.novak454@example.com,+1-555-1224,AE,ACTIVE
455,C1455,Ava,Petrov,ava.petrov455@example.com,+1-555-4169,IT,ACTIVE
456,C1456,Sofia,Andersson,sofia.andersson456@example.com,+1-555-4712,IT,ACTIVE
457,C1457,Milan,Nakamura,milan.nakamura457@example.com,+1-555-7225,NZ,ACTIVE
458,C1458,Zoe,Larsen,zoe.larsen458@example.com,+1-555-4289,FR,ACTIVE
459,C1459,Otto,Lindqvist,otto.lindqvist459@example.com,+1-555-9131,SG,ACTIVE
460,C1460,Ines,Weber,ines.weber460@example.com,+1-555-6444,GR,ACTIVE
461,C1461,Yusuf,Petrov,yusuf.petrov461@example.com,+1-555-4049,GB,ACTIVE
462,C1462,Lucas,Virtanen,lucas.virtanen462@example.com,+1-555-2849,GR,ACTIVE
463,C1463,Rune,Dubois,rune.dubois463@example.com,+1-555-7077,BE,ACTIVE
464,C1464,Ava,Brennan,ava.brennan464@example.com,+1-555-5424,US,ACTIVE
465,C1465,Elif,Bauer,elif.bauer465@example.com,+1-555-6765,MX,ACTIVE
466,C1466,Anja,Jensen,anja.jensen466@example.com,+1-555-5324,DK,ACTIVE
467,C1467,Hugo,Jensen,hugo.jensen467@example.com,+1-555-3324,BR,ACTIVE
468,C1468,Mia,Hansen,mia.hansen468@example.com,+1-555-9251,GR,ACTIVE
469,C1469,Rune,Lindqvist,rune.lindqvist469@example.com,+1-555-7729,CA,ACTIVE
470,C1470,Felix,Larsen,felix.larsen470@example.com,+1-555-2579,GB,ACTIVE
471,C1471,Marek,Nowak,marek.nowak471@example.com,+1-555-6373,DE,ACTIVE
472,C1472,Marek,Kelly,marek.kelly472@example.com,+1-555-7559,JP,ACTIVE
473,C1473,Milan,Andersson,milan.andersson473@example.com,+1-555-8254,DE,ACTIVE
474,C1474,Sofia,Jensen,sofia.jensen474@example.com,+1-555-4520,LU,ACTIVE
475,C1475,Ava,Rossi,ava.rossi475@example.com,+1-555-4127,SG,ACTIVE
476,C1476,Anja,Weber,anja.weber476@example.com,+1-555-3431,IT,ACTIVE
477,C1477,Zoe,Costa,zoe.costa477@example.com,+1-555-6062,SE,ACTIVE
478,C1478,Felix,Virtanen,felix.virtanen478@example.com,+1-555-8967,NL,ACTIVE
479,C1479,Marek,Schmidt,marek.schmidt479@example.com,+1-555-8810,BR,ACTIVE
480,C1480,Ines,Reyes,ines.reyes480@example.com,+1-555-5021,US,ACTIVE
481,C1481,Felix,Kaur,felix.kaur481@example.com,+1-555-9454,AE,ACTIVE
482,C1482,Lucas,Lindqvist,lucas.lindqvist482@example.com,+1-555-3858,NL,ACTIVE
483,C1483,Aiden,Silva,aiden.silva483@example.com,+1-555-1947,PL,ACTIVE
484,C1484,Hugo,Brennan,hugo.brennan484@example.com,+1-555-6801,NL,ACTIVE
485,C1485,Elif,Haugen,elif.haugen485@example.com,+1-555-2737,PL,ACTIVE
486,C1486,Pablo,Costa,pablo.costa486@example.com,+1-555-3502,PT,ACTIVE
487,C1487,Alma,Schmidt,alma.schmidt487@example.com,+1-555-8280,BR,ACTIVE
488,C1488,Iris,Bauer,iris.bauer488@example.com,+1-555-8851,JP,ACTIVE
489,C1489,Lucas,Lopez,lucas.lopez489@example.com,+1-555-9707,JP,ACTIVE
490,C1490,Zoe,Dubois,zoe.dubois490@example.com,+1-555-7200,CA,ACTIVE
491,C1491,Olivia,Meyer,olivia.meyer491@example.com,+1-555-4571,NL,ACTIVE
492,C1492,Sara,Meyer,sara.meyer492@example.com,+1-555-8530,LU,ACTIVE
493,C1493,Aiden,Andersson,aiden.andersson493@example.com,+1-555-5027,PT,ACTIVE
494,C1494,Aiden,Kelly,aiden.kelly494@example.com,+1-555-2568,DK,ACTIVE
495,C1495,Lena,Dubois,lena.dubois495@example.com,+1-555-4938,AE,ACTIVE
496,C1496,Freya,Lindqvist,freya.lindqvist496@example.com,+1-555-2207,DK,ACTIVE
497,C1497,Felix,Vargas,felix.vargas497@example.com,+1-555-4296,US,ACTIVE
498,C1498,Ines,Bauer,ines.bauer498@example.com,+1-555-3330,PT,ACTIVE
499,C1499,Kai,Petrov,kai.petrov499@example.com,+1-555-1313,AR,ACTIVE
500,C1500,Felix,Moreau,felix.moreau500@example.com,+1-555-9886,PT,ACTIVE
