AddressId,CustomerId,AddressType,Line1,Line2,City,PostCode,CountryCode,IsDefault
1,1,SHIP,680 High Street,,Springfield,49363,IE,1
2,2,SHIP,568 High Street,,London,35144,IE,1
3,3,SHIP,416 High Street,,Toronto,10053,GB,1
4,3,BILL,216 Market Road,,Billtown,66346,GB,0
5,4,SHIP,692 High Street,,London,77000,FR,1
6,5,SHIP,680 High Street,,Paris,91167,US,1
7,5,BILL,839 Market Road,,Billtown,40784,US,0
8,6,SHIP,26 High Street,,Springfield,42092,GB,1
9,7,SHIP,736 High Street,,Paris,60328,FR,1
10,8,SHIP,798 High Street,,Berlin,38683,US,1
11,8,BILL,981 Market Road,,Billtown,77889,US,0
12,9,SHIP,468 High Street,,London,70901,CA,1
13,10,SHIP,437 High Street,,Toronto,68446,FR,1
14,11,SHIP,861 High Street,,Paris,46347,FR,1
15,12,SHIP,80 High Street,,Paris,47450,GB,1
16,12,BILL,344 Market Road,,Billtown,51904,GB,0
17,13,SHIP,393 High Street,,Paris,30028,US,1
18,14,SHIP,478 High Street,,Berlin,18161,DE,1
19,14,BILL,431 Market Road,,Billtown,61049,DE,0
20,15,SHIP,7 High Street,,Dublin,49139,GB,1
21,16,SHIP,447 High Street,,Berlin,13804,FR,1
22,16,BILL,685 Market Road,,Billtown,99016,FR,0
23,17,SHIP,28 High Street,,Berlin,87580,FR,1
24,18,SHIP,187 High Street,,Springfield,44099,DE,1
25,18,BILL,217 Market Road,,Billtown,69598,DE,0
26,19,SHIP,259 High Street,,Springfield,71644,DE,1
27,19,BILL,553 Market Road,,Billtown,16826,DE,0
28,20,SHIP,773 High Street,,Springfield,42411,US,1
29,20,BILL,21 Market Road,,Billtown,91439,US,0
30,21,SHIP,578 High Street,,London,70952,US,1
31,22,SHIP,797 High Street,,London,50768,GB,1
32,22,BILL,27 Market Road,,Billtown,50888,GB,0
33,23,SHIP,78 High Street,,Toronto,92213,DE,1
34,23,BILL,714 Market Road,,Billtown,49529,DE,0
35,24,SHIP,546 High Street,,Berlin,96706,GB,1
36,24,BILL,519 Market Road,,Billtown,94874,GB,0
37,25,SHIP,444 High Street,,Dublin,93307,DE,1
38,26,SHIP,989 High Street,,Paris,45400,DE,1
39,27,SHIP,331 High Street,,London,21359,FR,1
40,27,BILL,462 Market Road,,Billtown,41963,FR,0
41,28,SHIP,872 High Street,,Dublin,33834,IE,1
42,29,SHIP,570 High Street,,Springfield,77715,IE,1
43,30,SHIP,708 High Street,,Berlin,94659,DE,1
44,31,SHIP,415 High Street,,Paris,41890,US,1
45,31,BILL,596 Market Road,,Billtown,58368,US,0
46,32,SHIP,361 High Street,,Paris,69473,DE,1
47,32,BILL,258 Market Road,,Billtown,40217,DE,0
48,33,SHIP,974 High Street,,Paris,34267,IE,1
49,33,BILL,757 Market Road,,Billtown,73464,IE,0
50,34,SHIP,233 High Street,,Dublin,33519,US,1
51,34,BILL,726 Market Road,,Billtown,80010,US,0
52,35,SHIP,715 High Street,,London,93606,US,1
53,36,SHIP,481 High Street,,Berlin,67733,US,1
54,36,BILL,989 Market Road,,Billtown,16734,US,0
55,37,SHIP,504 High Street,,Springfield,85631,US,1
56,38,SHIP,88 High Street,,London,25525,US,1
57,39,SHIP,931 High Street,,Berlin,48974,CA,1
58,40,SHIP,625 High Street,,Paris,23006,GB,1
59,41,SHIP,213 High Street,,Paris,37659,IE,1
60,41,BILL,84 Market Road,,Billtown,30585,IE,0
61,42,SHIP,246 High Street,,London,82350,US,1
62,42,BILL,3 Market Road,,Billtown,63545,US,0
63,43,SHIP,462 High Street,,Paris,87832,US,1
64,44,SHIP,343 Mill Lane,,Springfield,44322,BR,1
65,44,BILL,126 Park Avenue,,Springfield,19397,BR,0
66,45,SHIP,460 Oak Drive,,Springfield,65556,ZA,1
67,45,BILL,20 Queens Way,,Springfield,67911,ZA,0
68,46,SHIP,471 Kings Road,,Springfield,95886,PL,1
69,46,BILL,743 Maple Terrace,,Springfield,99905,PL,0
70,47,SHIP,627 Riverside Walk,,Springfield,83112,ZA,1
71,48,SHIP,859 Market Square,,Hamburg,47597,DE,1
72,49,SHIP,703 Cedar Close,,Springfield,20087,FI,1
73,49,BILL,368 Queens Way,,Springfield,38264,FI,0
74,50,SHIP,133 Mill Lane,,Springfield,15282,MX,1
75,51,SHIP,278 Mill Lane,,Springfield,19560,ZA,1
76,52,SHIP,197 Cedar Close,,Melbourne,53914,AU,1
77,53,SHIP,424 Mill Lane,,Amsterdam,23636,NL,1
78,54,SHIP,163 Bridge Street,,Springfield,42353,CH,1
79,54,BILL,246 Market Square,,Springfield,70677,CH,0
80,55,SHIP,809 Cedar Close,,Springfield,92996,NZ,1
81,56,SHIP,797 Park Avenue,,Springfield,82354,CL,1
82,56,BILL,380 Mill Lane,,Springfield,88008,CL,0
83,57,SHIP,201 High Street,,Springfield,24666,AR,1
84,57,BILL,43 Bridge Street,,Springfield,91531,AR,0
85,58,SHIP,421 Cedar Close,,Berlin,62541,DE,1
86,58,BILL,400 Bridge Street,,Berlin,90995,DE,0
87,59,SHIP,237 Mill Lane,,Springfield,74222,FI,1
88,59,BILL,533 Bridge Street,,Springfield,33175,FI,0
89,60,SHIP,367 Riverside Walk,,Springfield,58193,NO,1
90,61,SHIP,322 Market Square,,Munich,32829,DE,1
91,62,SHIP,250 Bridge Street,,Stockholm,79898,SE,1
92,63,SHIP,792 Oak Drive,,Springfield,89631,FI,1
93,63,BILL,948 Elm Grove,,Springfield,52645,FI,0
94,64,SHIP,790 Bridge Street,,Springfield,63198,AT,1
95,65,SHIP,328 High Street,,Singapore,32349,SG,1
96,66,SHIP,75 Park Avenue,,Springfield,88777,ES,1
97,66,BILL,943 Kings Road,,Springfield,49207,ES,0
98,67,SHIP,585 Cedar Close,,Springfield,13478,CH,1
99,68,SHIP,413 Bridge Street,,Springfield,18199,MX,1
100,69,SHIP,656 Elm Grove,,Springfield,35076,GR,1
101,70,SHIP,868 Elm Grove,,Lyon,71250,FR,1
102,71,SHIP,130 Maple Terrace,,Springfield,23336,AR,1
103,71,BILL,952 Kings Road,,Springfield,19957,AR,0
104,72,SHIP,567 Mill Lane,,Springfield,37421,ZA,1
105,73,SHIP,782 High Street,,Hamburg,94475,DE,1
106,73,BILL,287 Maple Terrace,,Hamburg,59002,DE,0
107,74,SHIP,594 Queens Way,,Tokyo,19266,JP,1
108,75,SHIP,292 Bridge Street,,Springfield,85955,NO,1
109,76,SHIP,98 Cedar Close,,Springfield,62176,ES,1
110,77,SHIP,329 Market Square,,Springfield,69538,BE,1
111,78,SHIP,439 Maple Terrace,,Springfield,68475,AR,1
112,79,SHIP,647 High Street,,Springfield,56253,IL,1
113,80,SHIP,360 Park Avenue,,Springfield,30376,IT,1
114,81,SHIP,490 Church Street,,Amsterdam,68910,NL,1
115,81,BILL,373 Park Avenue,,Utrecht,95802,NL,0
116,82,SHIP,884 Oak Drive,,Springfield,93470,BR,1
117,83,SHIP,745 Church Street,,Singapore,16721,SG,1
118,83,BILL,530 Elm Grove,,Singapore,25545,SG,0
119,84,SHIP,670 Bridge Street,,Springfield,39711,CL,1
120,85,SHIP,332 Kings Road,,Springfield,23612,FI,1
121,86,SHIP,896 Maple Terrace,,Springfield,81330,NZ,1
122,87,SHIP,183 Bridge Street,,Amsterdam,88805,NL,1
123,88,SHIP,655 High Street,,Springfield,70379,AR,1
124,89,SHIP,668 Queens Way,,Springfield,52078,DK,1
125,90,SHIP,61 Riverside Walk,,Paris,42910,FR,1
126,91,SHIP,276 Riverside Walk,,Springfield,64457,MX,1
127,91,BILL,57 High Street,,Springfield,27118,MX,0
128,92,SHIP,710 High Street,,Springfield,22706,IT,1
129,93,SHIP,400 Station Road,,Springfield,32606,BE,1
130,94,SHIP,372 Market Square,,Springfield,68503,PL,1
131,94,BILL,475 Station Road,,Springfield,74714,PL,0
132,95,SHIP,123 Maple Terrace,,Springfield,29870,ZA,1
133,96,SHIP,617 Station Road,,Springfield,84456,DK,1
134,97,SHIP,324 Maple Terrace,,Springfield,53751,PT,1
135,98,SHIP,985 Bridge Street,,Springfield,67579,AE,1
136,99,SHIP,798 Station Road,,Rotterdam,90501,NL,1
137,99,BILL,653 Queens Way,,Utrecht,65711,NL,0
138,100,SHIP,311 Riverside Walk,,Springfield,40824,BR,1
139,101,SHIP,873 Mill Lane,,Springfield,77246,CH,1
140,102,SHIP,306 Station Road,,Springfield,53436,BE,1
141,102,BILL,731 Oak Drive,,Springfield,21894,BE,0
142,103,SHIP,192 Maple Terrace,,Springfield,36454,FI,1
143,104,SHIP,400 Maple Terrace,,Dublin,88002,IE,1
144,104,BILL,484 Market Square,,Galway,92764,IE,0
145,105,SHIP,322 Queens Way,,Paris,80721,FR,1
146,106,SHIP,18 Maple Terrace,,Dublin,48401,IE,1
147,107,SHIP,247 Kings Road,,Springfield,41469,PL,1
148,108,SHIP,82 Park Avenue,,Springfield,76076,DK,1
149,109,SHIP,235 High Street,,Springfield,21757,AE,1
150,110,SHIP,413 Mill Lane,,Springfield,20352,IT,1
151,111,SHIP,797 Kings Road,,Sydney,52114,AU,1
152,111,BILL,934 Park Avenue,,Sydney,14459,AU,0
153,112,SHIP,371 Oak Drive,,Malmo,20166,SE,1
154,113,SHIP,306 Queens Way,,Springfield,99395,FI,1
155,114,SHIP,735 Market Square,,Singapore,41059,SG,1
156,115,SHIP,980 Elm Grove,,Springfield,69775,ZA,1
157,116,SHIP,195 Queens Way,,Tokyo,21100,JP,1
158,117,SHIP,161 High Street,,Springfield,75838,NZ,1
159,117,BILL,454 High Street,,Springfield,22285,NZ,0
160,118,SHIP,702 Market Square,,Singapore,35541,SG,1
161,119,SHIP,465 Bridge Street,,Springfield,97851,DK,1
162,120,SHIP,672 Station Road,,Springfield,70406,PT,1
163,121,SHIP,948 Station Road,,Galway,85311,IE,1
164,122,SHIP,958 Queens Way,,Malmo,46383,SE,1
165,122,BILL,187 High Street,,Malmo,86580,SE,0
166,123,SHIP,552 Cedar Close,,Springfield,66745,FI,1
167,124,SHIP,33 Church Street,,Springfield,82341,BR,1
168,125,SHIP,870 Riverside Walk,,Springfield,95008,AE,1
169,125,BILL,614 Maple Terrace,,Springfield,52615,AE,0
170,126,SHIP,9 Church Street,,Springfield,55669,ZA,1
171,126,BILL,85 Mill Lane,,Springfield,58015,ZA,0
172,127,SHIP,995 Market Square,,Springfield,84820,BR,1
173,127,BILL,810 Elm Grove,,Springfield,22159,BR,0
174,128,SHIP,545 Queens Way,,Mississauga,99661,CA,1
175,129,SHIP,562 Maple Terrace,,Tokyo,15975,JP,1
176,129,BILL,220 Bridge Street,,Tokyo,41256,JP,0
177,130,SHIP,170 High Street,,Springfield,86802,MX,1
178,131,SHIP,177 Maple Terrace,,Sydney,50662,AU,1
179,132,SHIP,379 Queens Way,,Springfield,25454,DK,1
180,133,SHIP,284 Mill Lane,,Rotterdam,68524,NL,1
181,134,SHIP,217 Oak Drive,,Springfield,66164,AR,1
182,135,SHIP,85 Church Street,,Springfield,93009,NZ,1
183,136,SHIP,469 Oak Drive,,Springfield,68548,NZ,1
184,137,SHIP,966 Elm Grove,,Reno,23151,US,1
185,137,BILL,568 Station Road,,Newark,11716,US,0
186,138,SHIP,712 Park Avenue,,Rotterdam,13741,NL,1
187,138,BILL,269 Market Square,,Utrecht,58955,NL,0
188,139,SHIP,973 Station Road,,Springfield,89388,AR,1
189,140,SHIP,20 Riverside Walk,,Springfield,31020,NO,1
190,141,SHIP,972 Oak Drive,,Springfield,94150,NO,1
191,142,SHIP,188 Bridge Street,,Springfield,80267,PT,1
192,143,SHIP,362 Church Street,,Springfield,22417,IT,1
193,143,BILL,245 Mill Lane,,Springfield,59807,IT,0
194,144,SHIP,644 Bridge Street,,Springfield,33013,NZ,1
195,145,SHIP,513 Elm Grove,,Springfield,58905,IL,1
196,146,SHIP,229 Church Street,,Berlin,53393,DE,1
197,147,SHIP,417 Park Avenue,,Springfield,78915,NO,1
198,148,SHIP,838 Riverside Walk,,Nantes,55369,FR,1
199,149,SHIP,960 Elm Grove,,Singapore,46147,SG,1
200,149,BILL,906 Kings Road,,Singapore,49540,SG,0
201,150,SHIP,355 Riverside Walk,,Springfield,12630,AT,1
202,151,SHIP,938 High Street,,Springfield,82574,IL,1
203,152,SHIP,177 High Street,,Springfield,62210,ES,1
204,153,SHIP,409 Maple Terrace,,Springfield,30666,BE,1
205,154,SHIP,906 Bridge Street,,Tokyo,79908,JP,1
206,155,SHIP,629 Riverside Walk,,Springfield,50402,FI,1
207,155,BILL,785 Elm Grove,,Springfield,46707,FI,0
208,156,SHIP,424 Queens Way,,Springfield,85959,PT,1
209,156,BILL,356 Bridge Street,,Springfield,57246,PT,0
210,157,SHIP,989 Bridge Street,,Springfield,79472,BR,1
211,158,SHIP,800 Mill Lane,,Dublin,79257,IE,1
212,158,BILL,118 Mill Lane,,Dublin,50517,IE,0
213,159,SHIP,944 Market Square,,Springfield,51480,US,1
214,160,SHIP,830 Maple Terrace,,Springfield,31952,PL,1
215,161,SHIP,872 Park Avenue,,Stockholm,39439,SE,1
216,162,SHIP,319 Queens Way,,Springfield,91868,PT,1
217,162,BILL,208 Elm Grove,,Springfield,49695,PT,0
218,163,SHIP,199 Oak Drive,,Springfield,12314,PT,1
219,164,SHIP,426 Elm Grove,,Singapore,45406,SG,1
220,164,BILL,222 Mill Lane,,Singapore,21923,SG,0
221,165,SHIP,309 Oak Drive,,Springfield,67249,DK,1
222,166,SHIP,818 Oak Drive,,Springfield,80047,BR,1
223,167,SHIP,912 Station Road,,Mississauga,84925,CA,1
224,168,SHIP,272 Queens Way,,Springfield,59222,PL,1
225,169,SHIP,576 Elm Grove,,Paris,46360,FR,1
226,169,BILL,580 Park Avenue,,Paris,50696,FR,0
227,170,SHIP,169 Cedar Close,,Sydney,63258,AU,1
228,171,SHIP,991 Riverside Walk,,Springfield,40102,HK,1
229,172,SHIP,169 Station Road,,Hamburg,67978,DE,1
230,173,SHIP,329 Mill Lane,,Springfield,25546,CH,1
231,174,SHIP,51 Queens Way,,Springfield,31983,PT,1
232,175,SHIP,851 Riverside Walk,,Osaka,16447,JP,1
233,176,SHIP,977 Queens Way,,Springfield,35291,AE,1
234,176,BILL,324 Oak Drive,,Springfield,50662,AE,0
235,177,SHIP,916 Church Street,,Springfield,80097,AR,1
236,177,BILL,824 Kings Road,,Springfield,63084,AR,0
237,178,SHIP,646 Elm Grove,,Osaka,67051,JP,1
238,179,SHIP,533 Market Square,,London,41054,GB,1
239,180,SHIP,732 Market Square,,Springfield,18148,BR,1
240,180,BILL,192 Maple Terrace,,Springfield,17381,BR,0
241,181,SHIP,196 Kings Road,,Sydney,84550,AU,1
242,182,SHIP,780 Bridge Street,,Springfield,19413,AE,1
243,183,SHIP,362 Queens Way,,Springfield,89287,AE,1
244,183,BILL,602 Market Square,,Springfield,75009,AE,0
245,184,SHIP,777 Park Avenue,,Munich,84983,DE,1
246,185,SHIP,748 High Street,,Reno,46092,US,1
247,186,SHIP,497 Kings Road,,Reading,62149,GB,1
248,187,SHIP,15 Station Road,,Springfield,67081,DK,1
249,188,SHIP,656 Kings Road,,Springfield,91928,PT,1
250,189,SHIP,784 High Street,,Springfield,51306,BE,1
251,189,BILL,307 Queens Way,,Springfield,62766,BE,0
252,190,SHIP,37 Park Avenue,,Springfield,54113,AT,1
253,190,BILL,809 Kings Road,,Springfield,97231,AT,0
254,191,SHIP,266 Kings Road,,Nantes,35649,FR,1
255,192,SHIP,281 Church Street,,Springfield,41528,AR,1
256,193,SHIP,918 Queens Way,,Austin,47660,US,1
257,194,SHIP,597 Church Street,,Springfield,97054,PT,1
258,194,BILL,652 Bridge Street,,Springfield,50477,PT,0
259,195,SHIP,699 Queens Way,,Springfield,79669,ZA,1
260,196,SHIP,554 Maple Terrace,,Springfield,89868,ZA,1
261,197,SHIP,738 Elm Grove,,Springfield,93605,CH,1
262,198,SHIP,357 Queens Way,,Springfield,61279,PL,1
263,199,SHIP,719 Maple Terrace,,Dublin,26094,IE,1
264,200,SHIP,485 Park Avenue,,Reading,10378,GB,1
265,201,SHIP,858 Cedar Close,,Osaka,77444,JP,1
266,202,SHIP,938 Kings Road,,Springfield,28866,BR,1
267,203,SHIP,526 Kings Road,,Melbourne,98909,AU,1
268,203,BILL,319 Queens Way,,Sydney,64830,AU,0
269,204,SHIP,69 Queens Way,,Springfield,49990,LU,1
270,204,BILL,223 Cedar Close,,Springfield,14988,LU,0
271,205,SHIP,189 Maple Terrace,,Sydney,13466,AU,1
272,205,BILL,591 Park Avenue,,Sydney,27005,AU,0
273,206,SHIP,892 Maple Terrace,,Springfield,22941,GR,1
274,207,SHIP,749 Kings Road,,Springfield,93389,LU,1
275,208,SHIP,975 Queens Way,,Springfield,99496,ZA,1
276,209,SHIP,149 Riverside Walk,,Springfield,81373,LU,1
277,210,SHIP,913 Cedar Close,,Springfield,57334,CH,1
278,211,SHIP,342 Market Square,,Springfield,99034,PT,1
279,212,SHIP,740 Oak Drive,,Springfield,85531,AE,1
280,213,SHIP,424 Elm Grove,,Melbourne,68736,AU,1
281,214,SHIP,377 Elm Grove,,Hamburg,99714,DE,1
282,215,SHIP,649 Elm Grove,,Melbourne,37219,AU,1
283,215,BILL,744 Mill Lane,,Sydney,36599,AU,0
284,216,SHIP,831 Park Avenue,,Singapore,15442,SG,1
285,217,SHIP,54 Station Road,,Springfield,98698,AT,1
286,218,SHIP,377 Kings Road,,Springfield,52741,FI,1
287,218,BILL,533 Park Avenue,,Springfield,89403,FI,0
288,219,SHIP,117 Elm Grove,,Springfield,47444,PL,1
289,219,BILL,647 Park Avenue,,Springfield,73669,PL,0
290,220,SHIP,90 Elm Grove,,Springfield,11390,NZ,1
291,220,BILL,339 Kings Road,,Springfield,25634,NZ,0
292,221,SHIP,985 Oak Drive,,Springfield,77346,BR,1
293,221,BILL,112 Riverside Walk,,Springfield,20399,BR,0
294,222,SHIP,192 Maple Terrace,,Reno,38961,US,1
295,222,BILL,986 Maple Terrace,,Austin,89431,US,0
296,223,SHIP,754 Station Road,,Cork,69085,IE,1
297,224,SHIP,226 Oak Drive,,Springfield,31133,AE,1
298,224,BILL,322 Cedar Close,,Springfield,38279,AE,0
299,225,SHIP,954 Station Road,,Springfield,26347,FI,1
300,225,BILL,645 Mill Lane,,Springfield,56325,FI,0
301,226,SHIP,631 Mill Lane,,Springfield,58253,LU,1
302,227,SHIP,104 Mill Lane,,Springfield,88406,PL,1
303,227,BILL,538 Church Street,,Springfield,16386,PL,0
304,228,SHIP,753 Oak Drive,,Springfield,77835,PL,1
305,229,SHIP,76 Station Road,,Berlin,15536,DE,1
306,229,BILL,361 Park Avenue,,Hamburg,71766,DE,0
307,230,SHIP,46 Station Road,,Lyon,22487,FR,1
308,230,BILL,585 Queens Way,,Paris,74425,FR,0
309,231,SHIP,75 Church Street,,Springfield,54090,HK,1
310,232,SHIP,852 Station Road,,Springfield,72088,HK,1
311,233,SHIP,542 Market Square,,Paris,20217,FR,1
312,233,BILL,348 Church Street,,Paris,94675,FR,0
313,234,SHIP,114 Elm Grove,,Springfield,95727,CH,1
314,235,SHIP,789 Kings Road,,Leeds,65245,GB,1
315,235,BILL,640 Mill Lane,,Leeds,70629,GB,0
316,236,SHIP,720 Bridge Street,,Springfield,19183,ZA,1
317,237,SHIP,417 Station Road,,Springfield,77316,FI,1
318,238,SHIP,893 Riverside Walk,,Springfield,84216,AE,1
319,239,SHIP,793 Oak Drive,,Singapore,76499,SG,1
320,240,SHIP,147 Kings Road,,Springfield,67756,FI,1
321,241,SHIP,304 High Street,,Springfield,77207,GR,1
322,241,BILL,412 Riverside Walk,,Springfield,22345,GR,0
323,242,SHIP,151 Park Avenue,,Springfield,96554,PL,1
324,243,SHIP,181 Park Avenue,,Springfield,70638,AT,1
325,244,SHIP,953 Riverside Walk,,Springfield,16951,BE,1
326,245,SHIP,959 Cedar Close,,Springfield,15081,BE,1
327,246,SHIP,392 Market Square,,Springfield,70448,NZ,1
328,247,SHIP,623 Cedar Close,,Singapore,52901,SG,1
329,248,SHIP,789 Maple Terrace,,Springfield,11646,AT,1
330,249,SHIP,444 Bridge Street,,Springfield,56747,CL,1
331,250,SHIP,822 Elm Grove,,Springfield,77486,FI,1
332,251,SHIP,346 Market Square,,Springfield,49790,MX,1
333,252,SHIP,423 Cedar Close,,Singapore,44068,SG,1
334,253,SHIP,921 Mill Lane,,Springfield,23368,BE,1
335,253,BILL,915 Church Street,,Springfield,25422,BE,0
336,254,SHIP,765 High Street,,Springfield,11789,CH,1
337,254,BILL,283 Bridge Street,,Springfield,91495,CH,0
338,255,SHIP,307 High Street,,Springfield,51124,FI,1
339,256,SHIP,179 Park Avenue,,Springfield,28258,BR,1
340,257,SHIP,514 High Street,,Cork,63665,IE,1
341,258,SHIP,211 High Street,,Stockholm,94074,SE,1
342,259,SHIP,532 Bridge Street,,Springfield,28384,PT,1
343,260,SHIP,856 Riverside Walk,,Springfield,96116,IL,1
344,261,SHIP,627 High Street,,Springfield,64881,ES,1
345,262,SHIP,28 Park Avenue,,Springfield,38304,IT,1
346,263,SHIP,119 Elm Grove,,Springfield,41660,ZA,1
347,264,SHIP,240 Bridge Street,,Calgary,91753,CA,1
348,265,SHIP,214 Elm Grove,,Springfield,94028,HK,1
349,265,BILL,946 Maple Terrace,,Springfield,27800,HK,0
350,266,SHIP,761 Maple Terrace,,Utrecht,17597,NL,1
351,267,SHIP,368 Mill Lane,,Springfield,68705,ZA,1
352,268,SHIP,644 Oak Drive,,Springfield,99039,DK,1
353,268,BILL,577 Mill Lane,,Springfield,56105,DK,0
354,269,SHIP,883 Mill Lane,,Springfield,76794,AE,1
355,270,SHIP,298 Market Square,,Springfield,16759,DK,1
356,270,BILL,668 Station Road,,Springfield,38624,DK,0
357,271,SHIP,987 Mill Lane,,Springfield,66633,NZ,1
358,272,SHIP,238 Cedar Close,,Springfield,44689,PL,1
359,273,SHIP,984 Kings Road,,Springfield,69266,CH,1
360,274,SHIP,844 Bridge Street,,Springfield,70178,BE,1
361,274,BILL,84 Riverside Walk,,Springfield,13054,BE,0
362,275,SHIP,151 Oak Drive,,Springfield,80980,AR,1
363,276,SHIP,500 Elm Grove,,Springfield,54416,AE,1
364,277,SHIP,363 High Street,,Springfield,38438,HK,1
365,277,BILL,475 Queens Way,,Springfield,20234,HK,0
366,278,SHIP,273 Bridge Street,,Springfield,23906,CH,1
367,278,BILL,579 High Street,,Springfield,79690,CH,0
368,279,SHIP,272 Riverside Walk,,Springfield,99225,ES,1
369,280,SHIP,539 Riverside Walk,,Singapore,38430,SG,1
370,280,BILL,56 Queens Way,,Singapore,13551,SG,0
371,281,SHIP,925 Park Avenue,,Springfield,40551,PT,1
372,281,BILL,154 Maple Terrace,,Springfield,66761,PT,0
373,282,SHIP,611 Park Avenue,,Springfield,36762,FI,1
374,283,SHIP,990 Queens Way,,Springfield,65663,US,1
375,284,SHIP,900 Queens Way,,Springfield,84132,CL,1
376,284,BILL,773 Riverside Walk,,Springfield,84529,CL,0
377,285,SHIP,293 Kings Road,,Springfield,67059,AT,1
378,286,SHIP,823 Church Street,,Springfield,55868,NO,1
379,287,SHIP,999 Market Square,,Manchester,36493,GB,1
380,288,SHIP,7 Market Square,,Leeds,13376,GB,1
381,288,BILL,507 Kings Road,,London,30442,GB,0
382,289,SHIP,856 Riverside Walk,,Springfield,89690,PL,1
383,290,SHIP,364 Mill Lane,,Springfield,23719,AR,1
384,291,SHIP,501 Kings Road,,Springfield,64291,ES,1
385,292,SHIP,560 Church Street,,Springfield,46023,LU,1
386,292,BILL,993 Church Street,,Springfield,45547,LU,0
387,293,SHIP,86 Cedar Close,,Springfield,14482,AR,1
388,293,BILL,418 Station Road,,Springfield,93669,AR,0
389,294,SHIP,627 Oak Drive,,Springfield,65965,AE,1
390,295,SHIP,624 Bridge Street,,Springfield,71621,FI,1
391,295,BILL,282 Oak Drive,,Springfield,96907,FI,0
392,296,SHIP,707 High Street,,Springfield,38820,ES,1
393,297,SHIP,512 Bridge Street,,Springfield,55895,BR,1
394,298,SHIP,862 Maple Terrace,,Springfield,18598,HK,1
395,299,SHIP,492 Station Road,,Springfield,39084,NO,1
396,299,BILL,111 Market Square,,Springfield,53049,NO,0
397,300,SHIP,485 High Street,,Springfield,55888,BR,1
398,301,SHIP,890 Bridge Street,,Leeds,93579,GB,1
399,302,SHIP,700 Market Square,,Springfield,67714,PL,1
400,302,BILL,905 Oak Drive,,Springfield,72407,PL,0
401,303,SHIP,619 Station Road,,Springfield,90204,NO,1
402,304,SHIP,727 Elm Grove,,Springfield,97025,CH,1
403,305,SHIP,43 Cedar Close,,Paris,12229,FR,1
404,305,BILL,579 Maple Terrace,,Nantes,53392,FR,0
405,306,SHIP,159 Cedar Close,,Springfield,16885,GR,1
406,307,SHIP,470 Park Avenue,,Cork,64647,IE,1
407,308,SHIP,755 Mill Lane,,Springfield,86623,GR,1
408,309,SHIP,783 Mill Lane,,Springfield,76652,NZ,1
409,310,SHIP,920 Oak Drive,,Lyon,84763,FR,1
410,310,BILL,928 Oak Drive,,Nantes,25444,FR,0
411,311,SHIP,411 High Street,,Springfield,31570,LU,1
412,312,SHIP,295 Elm Grove,,Springfield,72800,AT,1
413,312,BILL,641 Bridge Street,,Springfield,36363,AT,0
414,313,SHIP,747 Church Street,,Springfield,88334,MX,1
415,314,SHIP,424 Maple Terrace,,Springfield,15436,MX,1
416,315,SHIP,639 Oak Drive,,Berlin,22592,DE,1
417,315,BILL,675 Elm Grove,,Hamburg,49437,DE,0
418,316,SHIP,409 Queens Way,,Paris,21102,FR,1
419,317,SHIP,153 High Street,,Hamburg,23119,DE,1
420,317,BILL,233 Church Street,,Berlin,48208,DE,0
421,318,SHIP,877 Market Square,,Springfield,86101,ZA,1
422,319,SHIP,224 Queens Way,,Springfield,12043,PT,1
423,319,BILL,142 Cedar Close,,Springfield,17590,PT,0
424,320,SHIP,76 Market Square,,Springfield,26964,BE,1
425,321,SHIP,280 Market Square,,Munich,76967,DE,1
426,322,SHIP,475 Riverside Walk,,Springfield,18772,BE,1
427,323,SHIP,287 Bridge Street,,Tokyo,29336,JP,1
428,324,SHIP,1 Station Road,,Lyon,38494,FR,1
429,324,BILL,924 Queens Way,,Nantes,91264,FR,0
430,325,SHIP,665 Queens Way,,Rotterdam,35082,NL,1
431,326,SHIP,649 Market Square,,Springfield,17842,BR,1
432,327,SHIP,261 Elm Grove,,Springfield,68361,IT,1
433,328,SHIP,838 Station Road,,Springfield,43258,AE,1
434,329,SHIP,715 Bridge Street,,Springfield,99757,LU,1
435,330,SHIP,843 Station Road,,Springfield,66088,BE,1
436,331,SHIP,848 Mill Lane,,Springfield,65198,LU,1
437,331,BILL,197 Church Street,,Springfield,29208,LU,0
438,332,SHIP,894 Station Road,,Springfield,30796,MX,1
439,332,BILL,927 Queens Way,,Springfield,29457,MX,0
440,333,SHIP,647 Kings Road,,Springfield,31634,AR,1
441,334,SHIP,648 Maple Terrace,,Springfield,58318,BE,1
442,335,SHIP,746 Bridge Street,,Springfield,29694,HK,1
443,336,SHIP,994 Oak Drive,,Springfield,15457,NZ,1
444,337,SHIP,745 High Street,,Stockholm,53351,SE,1
445,338,SHIP,878 High Street,,Tokyo,92230,JP,1
446,338,BILL,258 High Street,,Tokyo,19995,JP,0
447,339,SHIP,720 Market Square,,Springfield,67444,NO,1
448,340,SHIP,383 High Street,,Springfield,11048,PL,1
449,340,BILL,454 Station Road,,Springfield,56864,PL,0
450,341,SHIP,171 Maple Terrace,,Melbourne,53210,AU,1
451,342,SHIP,510 Maple Terrace,,Reading,16299,GB,1
452,343,SHIP,622 Cedar Close,,Springfield,69335,AE,1
453,344,SHIP,507 Mill Lane,,Newark,50969,US,1
454,345,SHIP,157 Bridge Street,,Springfield,48626,BR,1
455,346,SHIP,373 Market Square,,Leeds,35331,GB,1
456,346,BILL,217 Elm Grove,,Leeds,18198,GB,0
457,347,SHIP,363 Church Street,,Springfield,77575,NZ,1
458,347,BILL,374 Park Avenue,,Springfield,31694,NZ,0
459,348,SHIP,936 Park Avenue,,Malmo,60983,SE,1
460,349,SHIP,770 High Street,,Calgary,99178,CA,1
461,350,SHIP,748 High Street,,Springfield,19191,PT,1
462,351,SHIP,167 Market Square,,Springfield,97029,FI,1
463,352,SHIP,815 Riverside Walk,,Springfield,99155,DK,1
464,353,SHIP,724 Station Road,,Springfield,38580,NZ,1
465,354,SHIP,187 High Street,,Springfield,11800,AR,1
466,355,SHIP,420 Bridge Street,,Springfield,29830,BR,1
467,356,SHIP,390 Queens Way,,Reno,23155,US,1
468,357,SHIP,219 Maple Terrace,,Springfield,47718,ZA,1
469,358,SHIP,128 Cedar Close,,Springfield,65823,HK,1
470,359,SHIP,954 Oak Drive,,Cork,93303,IE,1
471,360,SHIP,944 Cedar Close,,Springfield,71428,AT,1
472,360,BILL,558 High Street,,Springfield,47957,AT,0
473,361,SHIP,797 Elm Grove,,Springfield,75941,CL,1
474,362,SHIP,156 Church Street,,Tokyo,24737,JP,1
475,362,BILL,680 Bridge Street,,Tokyo,55372,JP,0
476,363,SHIP,193 Queens Way,,Springfield,49888,LU,1
477,364,SHIP,373 Queens Way,,Springfield,87723,MX,1
478,365,SHIP,139 Elm Grove,,Berlin,27832,DE,1
479,365,BILL,695 Bridge Street,,Berlin,57976,DE,0
480,366,SHIP,287 Queens Way,,Springfield,72147,ES,1
481,367,SHIP,764 Riverside Walk,,Springfield,65583,CH,1
482,368,SHIP,794 Mill Lane,,Springfield,80517,HK,1
483,368,BILL,833 Bridge Street,,Springfield,35151,HK,0
484,369,SHIP,842 Maple Terrace,,Springfield,81280,IL,1
485,370,SHIP,764 Market Square,,Berlin,66569,DE,1
486,371,SHIP,812 Bridge Street,,Springfield,70639,AT,1
487,372,SHIP,6 Kings Road,,Springfield,95943,PT,1
488,373,SHIP,291 Elm Grove,,Singapore,40842,SG,1
489,374,SHIP,862 Market Square,,Springfield,71423,FI,1
490,374,BILL,455 Queens Way,,Springfield,98200,FI,0
491,375,SHIP,981 Queens Way,,Springfield,31012,CL,1
492,375,BILL,523 Maple Terrace,,Springfield,10797,CL,0
493,376,SHIP,453 Bridge Street,,Mississauga,56804,CA,1
494,377,SHIP,226 Mill Lane,,Springfield,56024,NZ,1
495,378,SHIP,791 Station Road,,Cork,35504,IE,1
496,379,SHIP,716 Elm Grove,,Galway,70976,IE,1
497,380,SHIP,171 Mill Lane,,Springfield,96539,IT,1
498,381,SHIP,4 Queens Way,,Springfield,36692,LU,1
499,382,SHIP,443 High Street,,Springfield,18982,MX,1
500,383,SHIP,948 Bridge Street,,Springfield,78430,BE,1
501,383,BILL,386 Oak Drive,,Springfield,46071,BE,0
502,384,SHIP,888 Cedar Close,,Springfield,95664,NO,1
503,385,SHIP,454 Riverside Walk,,Springfield,24172,IL,1
504,386,SHIP,782 Kings Road,,Springfield,84433,NZ,1
505,386,BILL,714 High Street,,Springfield,70404,NZ,0
506,387,SHIP,462 Kings Road,,Springfield,16965,BE,1
507,388,SHIP,167 Elm Grove,,Springfield,27087,US,1
508,388,BILL,54 Park Avenue,,Reno,18769,US,0
509,389,SHIP,814 Bridge Street,,Springfield,93924,CL,1
510,390,SHIP,51 Mill Lane,,Paris,71573,FR,1
511,390,BILL,796 Kings Road,,Paris,97960,FR,0
512,391,SHIP,383 Kings Road,,Springfield,74629,CL,1
513,392,SHIP,95 Bridge Street,,Springfield,61692,BR,1
514,393,SHIP,499 Mill Lane,,Stockholm,92492,SE,1
515,393,BILL,149 Park Avenue,,Stockholm,58372,SE,0
516,394,SHIP,276 Cedar Close,,Singapore,72237,SG,1
517,395,SHIP,764 Market Square,,Springfield,28928,BE,1
518,396,SHIP,947 Riverside Walk,,Stockholm,20545,SE,1
519,396,BILL,877 Mill Lane,,Malmo,44047,SE,0
520,397,SHIP,214 Cedar Close,,Springfield,43552,IT,1
521,398,SHIP,74 Cedar Close,,Melbourne,80064,AU,1
522,399,SHIP,837 Market Square,,Springfield,24473,CH,1
523,400,SHIP,594 Kings Road,,Springfield,46730,IT,1
524,401,SHIP,176 Kings Road,,Springfield,87448,MX,1
525,401,BILL,211 Station Road,,Springfield,76571,MX,0
526,402,SHIP,553 Kings Road,,Melbourne,50673,AU,1
527,402,BILL,558 Market Square,,Melbourne,58902,AU,0
528,403,SHIP,157 Bridge Street,,Springfield,65687,ES,1
529,404,SHIP,390 Kings Road,,Malmo,41272,SE,1
530,404,BILL,499 Queens Way,,Malmo,43710,SE,0
531,405,SHIP,837 Park Avenue,,Springfield,17751,HK,1
532,406,SHIP,34 Bridge Street,,Galway,52322,IE,1
533,406,BILL,698 Oak Drive,,Cork,20292,IE,0
534,407,SHIP,159 Elm Grove,,Springfield,66565,ZA,1
535,408,SHIP,874 Station Road,,Springfield,23199,FI,1
536,408,BILL,324 Station Road,,Springfield,97239,FI,0
537,409,SHIP,68 Mill Lane,,Springfield,46883,AR,1
538,410,SHIP,518 Queens Way,,Singapore,75187,SG,1
539,411,SHIP,470 Market Square,,Springfield,10941,DK,1
540,412,SHIP,362 Maple Terrace,,Springfield,43005,AT,1
541,413,SHIP,101 Oak Drive,,Amsterdam,39079,NL,1
542,413,BILL,352 Elm Grove,,Utrecht,37240,NL,0
543,414,SHIP,537 Queens Way,,Berlin,72912,DE,1
544,415,SHIP,606 Kings Road,,Nantes,83749,FR,1
545,415,BILL,430 Elm Grove,,Lyon,17646,FR,0
546,416,SHIP,406 Mill Lane,,London,88945,GB,1
547,417,SHIP,547 Riverside Walk,,Columbus,40583,US,1
548,417,BILL,287 Market Square,,Columbus,25944,US,0
549,418,SHIP,633 Queens Way,,Springfield,47500,PL,1
550,419,SHIP,348 Market Square,,Toronto,15999,CA,1
551,420,SHIP,117 Market Square,,Berlin,29075,DE,1
552,420,BILL,160 Church Street,,Hamburg,42830,DE,0
553,421,SHIP,561 Elm Grove,,Cork,89523,IE,1
554,422,SHIP,583 Kings Road,,Malmo,82150,SE,1
555,422,BILL,915 Elm Grove,,Malmo,80550,SE,0
556,423,SHIP,696 Mill Lane,,Lyon,67425,FR,1
557,424,SHIP,91 Station Road,,Osaka,96880,JP,1
558,425,SHIP,335 Park Avenue,,Rotterdam,27807,NL,1
559,426,SHIP,683 Elm Grove,,Columbus,32443,US,1
560,426,BILL,137 Cedar Close,,Austin,69036,US,0
561,427,SHIP,311 Maple Terrace,,Springfield,93872,MX,1
562,428,SHIP,76 Kings Road,,Springfield,72949,IT,1
563,428,BILL,229 Park Avenue,,Springfield,19940,IT,0
564,429,SHIP,833 Queens Way,,Springfield,88104,LU,1
565,430,SHIP,455 Station Road,,Springfield,94926,MX,1
566,431,SHIP,248 Oak Drive,,Springfield,76320,IL,1
567,431,BILL,423 Maple Terrace,,Springfield,57201,IL,0
568,432,SHIP,390 Elm Grove,,Springfield,31438,CL,1
569,432,BILL,889 Market Square,,Springfield,21687,CL,0
570,433,SHIP,706 Cedar Close,,Hamburg,19061,DE,1
571,434,SHIP,335 Mill Lane,,Springfield,58392,AT,1
572,434,BILL,167 Bridge Street,,Springfield,41220,AT,0
573,435,SHIP,527 Oak Drive,,Springfield,77448,BR,1
574,436,SHIP,425 Oak Drive,,Springfield,89848,BR,1
575,437,SHIP,651 Bridge Street,,Melbourne,92547,AU,1
576,438,SHIP,668 Bridge Street,,Springfield,42779,PT,1
577,439,SHIP,263 Station Road,,Springfield,59465,IT,1
578,439,BILL,350 Cedar Close,,Springfield,88509,IT,0
579,440,SHIP,584 Riverside Walk,,Springfield,49520,IT,1
580,440,BILL,155 Cedar Close,,Springfield,68642,IT,0
581,441,SHIP,4 High Street,,Springfield,26935,ZA,1
582,442,SHIP,589 Church Street,,Springfield,41518,CL,1
583,443,SHIP,679 Elm Grove,,Paris,94649,FR,1
584,444,SHIP,510 Kings Road,,Osaka,97673,JP,1
585,445,SHIP,346 Kings Road,,Springfield,53575,PL,1
586,445,BILL,146 Maple Terrace,,Springfield,46109,PL,0
587,446,SHIP,168 Elm Grove,,Springfield,69023,FI,1
588,446,BILL,781 Station Road,,Springfield,96806,FI,0
589,447,SHIP,908 Station Road,,Springfield,13296,CH,1
590,448,SHIP,973 Elm Grove,,Paris,97519,FR,1
591,448,BILL,240 Maple Terrace,,Paris,50760,FR,0
592,449,SHIP,709 High Street,,Springfield,50519,DK,1
593,449,BILL,970 Park Avenue,,Springfield,23792,DK,0
594,450,SHIP,800 High Street,,Osaka,79032,JP,1
595,451,SHIP,651 Elm Grove,,Rotterdam,99239,NL,1
596,451,BILL,822 Market Square,,Rotterdam,61467,NL,0
597,452,SHIP,84 Mill Lane,,Stockholm,18145,SE,1
598,453,SHIP,622 Oak Drive,,Tokyo,73582,JP,1
599,454,SHIP,75 Cedar Close,,Springfield,98683,AE,1
600,455,SHIP,116 Cedar Close,,Springfield,78277,IT,1
601,456,SHIP,656 High Street,,Springfield,38225,IT,1
602,456,BILL,782 High Street,,Springfield,53588,IT,0
603,457,SHIP,765 Church Street,,Springfield,66668,NZ,1
604,458,SHIP,223 Queens Way,,Nantes,61462,FR,1
605,459,SHIP,66 Cedar Close,,Singapore,80469,SG,1
606,460,SHIP,124 Queens Way,,Springfield,88117,GR,1
607,460,BILL,321 Elm Grove,,Springfield,25016,GR,0
608,461,SHIP,858 Elm Grove,,Manchester,78141,GB,1
609,462,SHIP,313 Cedar Close,,Springfield,22618,GR,1
610,463,SHIP,929 Riverside Walk,,Springfield,90543,BE,1
611,464,SHIP,428 Park Avenue,,Reno,23481,US,1
612,465,SHIP,290 Oak Drive,,Springfield,93062,MX,1
613,465,BILL,675 Market Square,,Springfield,73929,MX,0
614,466,SHIP,98 Elm Grove,,Springfield,78083,DK,1
615,466,BILL,282 Mill Lane,,Springfield,76997,DK,0
616,467,SHIP,973 Station Road,,Springfield,32656,BR,1
617,468,SHIP,908 Kings Road,,Springfield,70301,GR,1
618,469,SHIP,824 Maple Terrace,,Toronto,87043,CA,1
619,470,SHIP,184 Mill Lane,,London,10841,GB,1
620,471,SHIP,735 Market Square,,Munich,14684,DE,1
621,472,SHIP,776 Elm Grove,,Tokyo,96370,JP,1
622,473,SHIP,537 Market Square,,Berlin,88391,DE,1
623,474,SHIP,585 Church Street,,Springfield,95534,LU,1
624,475,SHIP,875 High Street,,Singapore,80729,SG,1
625,476,SHIP,977 Queens Way,,Springfield,89826,IT,1
626,477,SHIP,159 Market Square,,Stockholm,69370,SE,1
627,478,SHIP,816 Station Road,,Amsterdam,97500,NL,1
628,479,SHIP,883 Queens Way,,Springfield,57898,BR,1
629,480,SHIP,586 Riverside Walk,,Springfield,68543,US,1
630,480,BILL,741 Bridge Street,,Springfield,65454,US,0
631,481,SHIP,276 Station Road,,Springfield,78211,AE,1
632,482,SHIP,343 Station Road,,Rotterdam,20652,NL,1
633,483,SHIP,704 Mill Lane,,Springfield,85444,PL,1
634,483,BILL,669 Station Road,,Springfield,14998,PL,0
635,484,SHIP,688 Maple Terrace,,Rotterdam,58236,NL,1
636,485,SHIP,240 Oak Drive,,Springfield,84868,PL,1
637,486,SHIP,610 Park Avenue,,Springfield,18779,PT,1
638,487,SHIP,330 Queens Way,,Springfield,25681,BR,1
639,487,BILL,203 Park Avenue,,Springfield,91210,BR,0
640,488,SHIP,809 Elm Grove,,Osaka,35290,JP,1
641,488,BILL,42 Queens Way,,Osaka,47284,JP,0
642,489,SHIP,74 Market Square,,Osaka,70800,JP,1
643,490,SHIP,94 Church Street,,Mississauga,64911,CA,1
644,490,BILL,990 Elm Grove,,Toronto,19632,CA,0
645,491,SHIP,634 Maple Terrace,,Utrecht,56678,NL,1
646,491,BILL,570 Market Square,,Utrecht,79495,NL,0
647,492,SHIP,402 Kings Road,,Springfield,84233,LU,1
648,493,SHIP,952 Riverside Walk,,Springfield,88386,PT,1
649,493,BILL,177 Elm Grove,,Springfield,63709,PT,0
650,494,SHIP,309 Mill Lane,,Springfield,23544,DK,1
651,495,SHIP,736 Oak Drive,,Springfield,90605,AE,1
652,496,SHIP,850 Church Street,,Springfield,23007,DK,1
653,497,SHIP,254 Oak Drive,,Austin,47241,US,1
654,498,SHIP,947 Bridge Street,,Springfield,63059,PT,1
655,499,SHIP,98 Market Square,,Springfield,27025,AR,1
656,500,SHIP,249 Maple Terrace,,Springfield,44761,PT,1
657,500,BILL,106 Mill Lane,,Springfield,44373,PT,0
