LoyaltyAccountId,CustomerId,Tier,PointsBalance,LifetimePoints
1,1,BRONZE,918,1200
2,3,GOLD,5801,15000
3,4,PLATINUM,42002,60000
4,7,SILVER,3038,8000
5,8,BRONZE,1033,1200
6,9,BRONZE,417,500
7,10,PLATINUM,39321,60000
8,11,BRONZE,0,0
9,12,SILVER,2862,3000
10,13,SILVER,1650,3000
11,14,SILVER,2362,3000
12,16,BRONZE,484,500
13,18,BRONZE,0,0
14,20,BRONZE,0,0
15,21,SILVER,5769,8000
16,23,SILVER,4389,8000
17,26,SILVER,1399,3000
18,29,GOLD,8945,15000
19,31,PLATINUM,38404,60000
20,32,BRONZE,482,1200
21,33,PLATINUM,31400,60000
22,34,BRONZE,0,0
23,35,SILVER,730,3000
24,36,SILVER,6441,8000
25,39,SILVER,2438,8000
26,40,GOLD,8816,15000
27,41,GOLD,10306,15000
28,42,BRONZE,224,500
29,5,BRONZE,152,500
30,24,SILVER,1806,3000
31,25,SILVER,1621,3000
32,27,SILVER,2944,3000
33,37,BRONZE,189,500
34,47,PLATINUM,32225,40000
35,48,GOLD,8952,15000
36,49,GOLD,12135,15000
37,51,SILVER,1705,3000
38,52,BRONZE,1169,1200
39,53,SILVER,558,3000
40,54,SILVER,2669,3000
41,55,BRONZE,147,500
42,56,GOLD,6383,15000
43,58,PLATINUM,12713,40000
44,61,PLATINUM,11128,40000
45,65,PLATINUM,27918,40000
46,69,BRONZE,1040,1200
47,70,SILVER,3915,6000
48,71,PLATINUM,5343,40000
49,73,SILVER,1368,6000
50,74,SILVER,5567,6000
51,76,PLATINUM,34598,40000
52,81,SILVER,2512,3000
53,83,SILVER,1470,3000
54,85,SILVER,2740,6000
55,87,PLATINUM,16707,40000
56,88,BRONZE,1172,1200
57,89,PLATINUM,20085,40000
58,90,GOLD,13715,15000
59,91,SILVER,1438,3000
60,92,GOLD,1444,15000
61,93,BRONZE,388,500
62,94,BRONZE,87,500
63,99,BRONZE,361,500
64,101,BRONZE,91,500
65,104,PLATINUM,26373,40000
66,105,BRONZE,230,500
67,106,PLATINUM,13807,40000
68,107,GOLD,10708,15000
69,111,PLATINUM,24810,40000
70,113,SILVER,1906,6000
71,114,BRONZE,816,1200
72,115,GOLD,6653,15000
73,117,BRONZE,789,1200
74,119,BRONZE,498,500
75,120,BRONZE,572,1200
76,121,GOLD,208,15000
77,122,PLATINUM,11003,40000
78,123,BRONZE,517,1200
79,124,SILVER,2265,6000
80,125,GOLD,7466,15000
81,126,BRONZE,224,500
82,128,SILVER,292,3000
83,134,BRONZE,991,1200
84,136,PLATINUM,14859,40000
85,137,BRONZE,52,500
86,139,GOLD,10684,15000
87,140,GOLD,13809,15000
88,141,PLATINUM,16804,40000
89,142,GOLD,174,15000
90,144,BRONZE,635,1200
91,146,BRONZE,168,500
92,147,BRONZE,47,500
93,148,PLATINUM,38646,40000
94,149,SILVER,2352,3000
95,152,PLATINUM,31697,40000
96,155,SILVER,1418,6000
97,160,BRONZE,1106,1200
98,161,SILVER,4293,6000
99,162,SILVER,4709,6000
100,167,SILVER,2074,6000
101,169,GOLD,1155,15000
102,173,SILVER,363,3000
103,175,BRONZE,696,1200
104,177,SILVER,2058,3000
105,181,PLATINUM,17107,40000
106,182,PLATINUM,12301,40000
107,183,PLATINUM,21287,40000
108,185,BRONZE,1014,1200
109,187,PLATINUM,30486,40000
110,188,PLATINUM,35833,40000
111,189,GOLD,7372,15000
112,190,SILVER,2173,3000
113,192,BRONZE,84,500
114,193,BRONZE,248,500
115,194,PLATINUM,4331,40000
116,195,BRONZE,474,500
117,199,BRONZE,651,1200
118,200,BRONZE,98,500
119,202,BRONZE,656,1200
120,209,SILVER,1149,6000
121,211,GOLD,12343,15000
122,214,BRONZE,251,500
123,218,PLATINUM,3767,40000
124,219,BRONZE,452,1200
125,220,BRONZE,907,1200
126,222,BRONZE,429,500
127,223,SILVER,2822,6000
128,227,GOLD,1846,15000
129,228,GOLD,14478,15000
130,229,BRONZE,44,500
131,230,BRONZE,46,500
132,231,BRONZE,1110,1200
133,233,BRONZE,720,1200
134,235,BRONZE,60,500
135,237,BRONZE,240,1200
136,238,GOLD,1681,15000
137,242,SILVER,757,3000
138,243,PLATINUM,2744,40000
139,245,GOLD,13391,15000
140,247,PLATINUM,35211,40000
141,248,BRONZE,1021,1200
142,250,GOLD,2748,15000
143,251,GOLD,14563,15000
144,256,BRONZE,91,1200
145,257,SILVER,54,3000
146,258,GOLD,10153,15000
147,259,BRONZE,431,500
148,260,SILVER,3288,6000
149,261,PLATINUM,7911,40000
150,262,PLATINUM,17176,40000
151,263,SILVER,2580,3000
152,266,BRONZE,481,500
153,267,BRONZE,1144,1200
154,268,GOLD,6848,15000
155,270,PLATINUM,31339,40000
156,271,BRONZE,261,500
157,273,BRONZE,426,500
158,274,BRONZE,189,1200
159,276,PLATINUM,23898,40000
160,277,BRONZE,269,500
161,279,BRONZE,27,1200
162,280,BRONZE,360,500
163,284,GOLD,4962,15000
164,286,BRONZE,51,500
165,287,PLATINUM,26806,40000
166,288,BRONZE,843,1200
167,290,BRONZE,1021,1200
168,291,GOLD,24,15000
169,296,BRONZE,1029,1200
170,300,SILVER,968,6000
171,304,BRONZE,226,500
172,305,BRONZE,119,500
173,306,GOLD,3282,15000
174,307,PLATINUM,11575,40000
175,308,GOLD,10561,15000
176,309,BRONZE,70,1200
177,313,SILVER,1124,3000
178,315,SILVER,319,3000
179,316,SILVER,2627,3000
180,317,PLATINUM,32805,40000
181,320,SILVER,721,3000
182,321,BRONZE,1147,1200
183,323,SILVER,3329,6000
184,324,BRONZE,1044,1200
185,325,PLATINUM,8115,40000
186,326,SILVER,1242,3000
187,328,BRONZE,711,1200
188,329,PLATINUM,34026,40000
189,330,BRONZE,353,1200
190,331,SILVER,1250,3000
191,333,SILVER,2543,3000
192,336,SILVER,2659,3000
193,337,BRONZE,22,1200
194,338,SILVER,383,3000
195,341,BRONZE,235,500
196,342,SILVER,947,6000
197,344,PLATINUM,16053,40000
198,345,GOLD,13259,15000
199,346,BRONZE,305,500
200,347,GOLD,3661,15000
201,348,BRONZE,688,1200
202,349,SILVER,458,6000
203,352,SILVER,5185,6000
204,353,GOLD,4709,15000
205,354,GOLD,5484,15000
206,356,SILVER,2657,3000
207,358,PLATINUM,22156,40000
208,360,SILVER,318,6000
209,361,BRONZE,363,500
210,362,BRONZE,462,500
211,363,BRONZE,603,1200
212,365,SILVER,2646,3000
213,368,BRONZE,785,1200
214,369,GOLD,14230,15000
215,370,SILVER,1323,3000
216,371,GOLD,8203,15000
217,372,PLATINUM,24076,40000
218,375,SILVER,1443,3000
219,377,GOLD,1698,15000
220,378,SILVER,595,6000
221,379,BRONZE,41,500
222,381,BRONZE,202,1200
223,382,SILVER,1756,3000
224,383,BRONZE,447,500
225,384,BRONZE,739,1200
226,385,GOLD,807,15000
227,387,SILVER,1930,6000
228,388,SILVER,2720,3000
229,390,SILVER,2569,3000
230,391,SILVER,3792,6000
231,393,PLATINUM,13784,40000
232,396,BRONZE,217,500
233,398,GOLD,8406,15000
234,399,PLATINUM,227,40000
235,400,SILVER,907,3000
236,401,PLATINUM,38016,40000
237,406,GOLD,6319,15000
238,409,SILVER,223,3000
239,410,SILVER,1535,6000
240,411,SILVER,106,3000
241,412,SILVER,2465,3000
242,417,BRONZE,397,1200
243,420,GOLD,14818,15000
244,421,SILVER,5588,6000
245,422,SILVER,2056,3000
246,423,PLATINUM,10131,40000
247,424,SILVER,2799,3000
248,425,BRONZE,308,1200
249,426,SILVER,2159,3000
250,427,SILVER,1679,3000
251,429,SILVER,112,3000
252,432,BRONZE,105,500
253,433,GOLD,12150,15000
254,434,GOLD,9031,15000
255,435,BRONZE,460,500
256,437,BRONZE,318,1200
257,440,SILVER,1354,3000
258,442,BRONZE,407,1200
259,443,SILVER,5767,6000
260,444,SILVER,835,3000
261,445,BRONZE,268,500
262,446,BRONZE,918,1200
263,447,BRONZE,837,1200
264,450,BRONZE,683,1200
265,452,PLATINUM,3406,40000
266,453,PLATINUM,24662,40000
267,454,PLATINUM,38718,40000
268,457,PLATINUM,6271,40000
269,458,GOLD,11717,15000
270,459,BRONZE,214,500
271,460,BRONZE,1080,1200
272,463,SILVER,5573,6000
273,464,GOLD,14714,15000
274,468,SILVER,3868,6000
275,469,BRONZE,223,500
276,470,SILVER,565,3000
277,472,GOLD,508,15000
278,474,SILVER,1018,3000
279,475,GOLD,13066,15000
280,477,SILVER,3005,6000
281,478,GOLD,5707,15000
282,479,PLATINUM,5155,40000
283,480,SILVER,2421,6000
284,483,SILVER,430,3000
285,484,BRONZE,254,1200
286,485,GOLD,4187,15000
287,486,BRONZE,608,1200
288,487,SILVER,2124,6000
289,488,GOLD,13577,15000
290,489,SILVER,1758,3000
291,490,GOLD,9443,15000
292,491,GOLD,13138,15000
293,492,BRONZE,179,500
294,494,BRONZE,319,500
295,495,BRONZE,348,500
296,496,BRONZE,265,500
297,499,BRONZE,1002,1200
298,500,BRONZE,599,1200
