PriceListItemId,PriceListId,ProductId,UnitPrice
1,1,1,92.1000
2,1,2,121.4500
3,2,2,94.7300
4,1,3,105.5200
5,3,3,97.0800
6,1,4,585.4200
7,2,4,456.6300
8,1,5,291.0600
9,1,6,420.5300
10,2,6,328.0100
11,3,6,386.8900
12,1,7,146.3700
13,1,8,215.1800
14,2,8,167.8400
15,1,9,368.4400
16,3,9,338.9600
17,1,10,457.6000
18,2,10,356.9300
19,1,11,278.0600
20,1,12,405.8100
21,2,12,316.5300
22,3,12,373.3500
23,1,13,511.0300
24,1,14,311.1200
25,2,14,242.6700
26,1,15,822.3500
27,3,15,756.5600
28,1,16,135.4400
29,2,16,105.6400
30,1,17,167.5600
31,1,18,187.6400
32,2,18,146.3600
33,3,18,172.6300
34,1,19,429.1300
35,1,20,255.3900
36,2,20,199.2000
37,1,21,326.4200
38,3,21,300.3100
39,1,22,134.2400
40,2,22,104.7100
41,1,23,12.0700
42,1,24,47.4300
43,2,24,37.0000
44,3,24,43.6400
45,1,25,354.4600
46,1,26,438.5900
47,2,26,342.1000
48,1,27,56.4900
49,3,27,51.9700
50,1,28,304.6900
51,2,28,237.6600
52,1,29,723.4400
53,1,30,897.6300
54,2,30,700.1500
55,3,30,825.8200
56,1,31,150.3500
57,1,32,798.3600
58,2,32,622.7200
59,1,33,480.9400
60,3,33,442.4600
61,1,34,389.5500
62,2,34,303.8500
63,1,35,684.7700
64,1,36,484.8000
65,2,36,378.1400
66,3,36,446.0200
67,1,37,301.6800
68,1,38,199.3100
69,2,38,155.4600
70,1,39,109.5000
71,3,39,100.7400
72,1,40,443.5300
73,2,40,345.9500
74,1,41,91.8000
75,1,42,687.7300
76,2,42,536.4300
77,3,42,632.7100
78,1,43,245.2700
79,1,44,101.8500
80,2,44,79.4400
81,1,45,313.3700
82,3,45,288.3000
83,1,46,33.4900
84,2,46,26.1200
85,1,47,386.7200
86,1,48,485.2700
87,2,48,378.5100
88,3,48,446.4500
89,1,49,286.3500
90,1,50,552.2100
91,2,50,430.7200
92,1,51,695.6400
93,3,51,639.9900
94,1,52,26.9300
95,2,52,21.0100
96,1,53,136.1400
97,1,54,189.6400
98,2,54,147.9200
99,3,54,174.4700
100,1,55,18.2400
101,1,56,440.5200
102,2,56,343.6100
103,1,57,544.4700
104,3,57,500.9100
105,1,58,302.1300
106,2,58,235.6600
107,1,59,528.8400
108,1,60,642.6900
109,2,60,501.3000
110,3,60,591.2700
111,1,61,844.4445
112,1,62,88.6596
113,1,63,331.0756
114,1,64,216.6980
115,1,65,282.4181
116,1,66,66.0191
117,1,67,1038.0347
118,1,68,795.7434
119,1,69,890.6223
120,1,70,358.3087
121,1,71,692.6768
122,1,72,428.5799
123,1,73,132.2732
124,1,74,756.8886
125,1,75,129.4938
126,1,76,565.0291
127,1,77,333.1644
128,1,78,634.8452
129,1,79,689.0792
130,1,80,40.7495
131,1,81,208.2163
132,1,82,213.9395
133,1,83,448.4621
134,1,84,485.9247
135,1,85,335.8187
136,1,86,885.7184
137,1,87,509.2254
138,1,88,748.0762
139,1,89,133.6853
140,1,90,843.2688
141,1,91,296.0544
142,1,92,17.1129
143,1,93,641.3237
144,1,94,542.5986
145,1,95,906.4237
146,1,96,1135.7939
147,1,97,386.6560
148,1,98,113.9190
149,1,99,996.5483
150,1,100,41.4083
151,1,101,55.3388
152,1,102,556.4025
153,1,103,351.6509
154,1,104,635.3949
155,1,105,278.7923
156,1,106,28.6984
157,1,107,222.8453
158,1,108,695.4425
159,1,109,792.2301
160,1,110,148.7275
161,1,111,177.1781
162,1,112,620.6309
163,1,113,317.1345
164,1,114,87.4777
165,1,115,152.6637
166,1,116,517.1372
167,1,117,65.8532
168,1,118,470.6510
169,1,119,48.0012
170,1,120,15.5640
171,1,121,654.5466
172,1,122,575.0924
173,1,123,405.0893
174,1,124,490.7074
175,1,125,583.6788
176,1,126,692.0889
177,1,127,527.7603
178,1,128,224.1727
179,1,129,425.9145
180,1,130,296.6436
181,1,131,116.4270
182,1,132,639.6128
183,1,133,442.9258
184,1,134,433.3820
185,1,135,276.3366
186,1,136,782.5041
187,1,137,380.1664
188,1,138,889.8897
189,1,139,290.0546
190,1,140,549.6122
191,1,141,614.0757
192,1,142,39.4428
193,1,143,73.8114
194,1,144,623.6867
195,1,145,1059.6310
196,1,146,825.5679
197,1,147,463.9048
198,1,148,314.5208
199,1,149,446.5437
200,1,150,597.2637
201,1,151,84.8567
202,1,152,10.3800
203,1,153,408.0431
204,1,154,793.0992
205,1,155,1129.1861
206,1,156,7.3810
207,1,157,808.8847
208,1,158,981.9352
209,1,159,1017.1170
210,1,160,455.6243
211,1,161,607.0409
212,1,162,314.9068
213,1,163,315.4111
214,1,164,588.3583
215,1,165,358.6212
216,1,166,1036.4810
217,1,167,584.5650
218,1,168,100.7570
219,1,169,96.6339
220,1,170,250.1615
221,1,171,389.0635
222,1,172,580.7063
223,1,173,102.2383
224,1,174,696.0832
225,1,175,901.8064
226,1,176,821.3475
227,1,177,644.9974
228,1,178,85.6069
229,1,179,682.7826
230,1,180,932.2199
231,1,181,45.9932
232,1,182,705.0340
233,1,183,892.2030
234,1,184,342.2472
235,1,185,542.4471
236,1,186,428.5377
237,1,187,251.8381
238,1,188,752.1252
239,1,189,836.4309
240,1,190,325.8970
241,1,191,575.0670
242,1,192,773.3212
243,1,193,98.2316
244,1,194,305.0129
245,1,195,289.1844
246,1,196,267.8302
247,1,197,387.3047
248,1,198,934.1017
249,1,199,563.5552
250,1,200,830.2405
251,1,201,83.5468
252,1,202,147.3353
253,1,203,78.5218
254,1,204,590.9132
255,1,205,607.1479
256,1,206,747.7207
257,1,207,342.3501
258,1,208,1017.5348
259,1,209,990.9456
260,1,210,744.4042
261,1,211,482.5603
262,1,212,313.2064
263,1,213,49.9167
264,1,214,134.4501
265,1,215,246.2454
266,1,216,504.7467
267,1,217,727.7531
268,1,218,172.9612
269,1,219,352.3541
270,1,220,183.8501
271,1,221,239.7765
272,1,222,408.5863
273,1,223,540.6307
274,1,224,704.1921
275,1,225,252.1301
276,1,226,313.2715
277,1,227,741.1412
278,1,228,622.9739
279,1,229,443.6614
280,1,230,436.4689
281,1,231,667.5665
282,1,232,596.5849
283,1,233,434.3616
284,1,234,642.0013
285,1,235,207.0994
286,1,236,991.0183
287,1,237,911.6970
288,1,238,599.0468
289,1,239,637.2322
290,1,240,256.5339
291,1,241,313.8417
292,1,242,141.5615
293,1,243,738.9033
294,1,244,148.6962
295,1,245,938.8828
296,1,246,936.5786
297,1,247,157.5515
298,1,248,386.3567
299,1,249,721.7144
300,1,250,818.2757
301,1,251,270.8169
302,1,252,204.2411
303,1,253,76.0005
304,1,254,682.7402
305,1,255,577.7107
306,1,256,605.1877
307,1,257,463.1551
308,1,258,411.3311
309,1,259,613.8423
310,1,260,337.7477
311,1,261,89.4588
312,1,262,114.1961
313,1,263,996.1866
314,1,264,619.6929
315,1,265,711.6313
316,1,266,380.9129
317,1,267,519.6090
318,1,268,1146.0631
319,1,269,240.8888
320,1,270,374.3731
321,1,271,971.7477
322,1,272,560.7656
323,1,273,769.3573
324,1,274,187.0087
325,1,275,467.4362
326,1,276,222.0131
327,1,277,867.2133
328,1,278,183.7929
329,1,279,1060.0196
330,1,280,398.4281
331,1,281,300.0139
332,1,282,152.7421
333,1,283,219.9402
334,1,284,799.9586
335,1,285,936.9370
336,1,286,815.9917
337,1,287,783.3568
338,1,288,227.9070
339,1,289,204.4599
340,1,290,445.5739
341,1,291,1012.3220
342,1,292,1011.5495
343,1,293,211.5109
344,1,294,667.5472
345,1,295,107.6760
346,1,296,161.7176
347,1,297,527.4430
348,1,298,527.0836
349,1,299,790.3224
350,1,300,255.8652
351,1,301,325.1459
352,1,302,142.7062
353,1,303,946.6610
354,1,304,833.5765
355,1,305,475.0749
356,1,306,45.2886
357,1,307,816.0786
358,1,308,24.6935
359,1,309,687.6749
360,1,310,597.6992
361,1,311,584.8243
362,1,312,1107.9293
363,1,313,23.8010
364,1,314,83.8308
365,1,315,847.5739
366,1,316,695.5884
367,1,317,849.6895
368,1,318,182.1019
369,1,319,446.7245
370,1,320,256.0160
371,1,321,439.3161
372,1,322,167.2031
373,1,323,256.5031
374,1,324,992.3940
375,1,325,577.5439
376,1,326,649.9211
377,1,327,940.0599
378,1,328,199.8365
379,1,329,859.0208
380,1,330,815.5389
381,1,331,95.7872
382,1,332,804.1149
383,1,333,676.6315
384,1,334,665.9836
385,1,335,401.5025
386,1,336,517.6546
387,1,337,276.7184
388,1,338,245.2931
389,1,339,401.5615
390,1,340,609.1927
391,1,341,448.8059
392,1,342,284.6329
393,1,343,489.5137
394,1,344,442.8354
395,1,345,727.8752
396,1,346,211.3340
397,1,347,623.3423
398,1,348,589.5156
399,1,349,129.3173
400,1,350,989.4009
401,1,351,311.9395
402,1,352,618.4921
403,1,353,803.8116
404,1,354,883.7451
405,1,355,109.4109
406,1,356,371.9830
407,1,357,540.9099
408,1,358,883.0260
409,1,359,360.8812
410,1,360,513.9953
411,1,361,253.1482
412,1,362,589.0328
413,1,363,1082.2874
414,1,364,510.9636
415,1,365,242.4253
416,1,366,884.6148
417,1,367,836.8076
418,1,368,655.4254
419,1,369,881.4905
420,1,370,528.3383
421,1,371,570.5651
422,1,372,233.1100
423,1,373,401.5390
424,1,374,210.7538
425,1,375,348.0138
426,1,376,619.7327
427,1,377,77.9982
428,1,378,361.7184
429,1,379,107.5985
430,1,380,539.7245
431,1,381,116.9917
432,1,382,228.2398
433,1,383,17.8325
434,1,384,151.7247
435,1,385,150.9564
436,1,386,641.2242
437,1,387,424.0648
438,1,388,267.8154
439,1,389,968.6889
440,1,390,515.6207
441,1,391,218.9527
442,1,392,823.0814
443,1,393,611.4081
444,1,394,464.0104
445,1,395,357.5705
446,1,396,522.5215
447,1,397,832.1394
448,1,398,496.0626
449,1,399,628.7399
450,1,400,312.6523
451,1,401,389.1012
452,1,402,281.4303
453,1,403,129.2567
454,1,404,481.8599
455,1,405,757.4530
456,1,406,1122.6765
457,1,407,200.5676
458,1,408,599.0413
459,1,409,555.8894
460,1,410,481.2950
461,1,411,371.0660
462,1,412,322.6709
463,1,413,146.5836
464,1,414,122.3340
465,1,415,301.6314
466,1,416,1083.9025
467,1,417,374.5131
468,1,418,271.5979
469,1,419,404.0998
470,1,420,1086.8774
471,1,421,217.4504
472,1,422,1014.7649
473,1,423,206.1411
474,1,424,332.9159
475,1,425,131.5877
476,1,426,126.1608
477,1,427,291.9912
478,1,428,1047.8014
479,1,429,808.7762
480,1,430,275.6515
481,1,431,414.2340
482,1,432,271.8874
483,1,433,773.9024
484,1,434,753.6950
485,1,435,258.0693
486,1,436,1112.2167
487,1,437,799.6701
488,1,438,522.0522
489,1,439,630.2713
490,1,440,298.3376
491,1,441,439.0704
492,1,442,533.3940
493,1,443,677.5214
494,1,444,700.1360
495,1,445,937.3850
496,1,446,343.0042
497,1,447,82.5006
498,1,448,205.2430
499,1,449,584.5680
500,1,450,302.1916
501,1,451,397.4758
502,1,452,186.7315
503,1,453,303.7424
504,1,454,596.4130
505,1,455,667.4489
506,1,456,198.1861
507,1,457,45.6672
508,1,458,195.4596
509,1,459,580.2097
510,1,460,248.8781
511,1,461,233.3315
512,1,462,212.7429
513,1,463,95.3050
514,1,464,386.2647
515,1,465,590.6296
516,1,466,292.2577
517,1,467,887.9045
518,1,468,743.3445
519,1,469,723.8803
520,1,470,214.9180
521,1,471,245.1390
522,1,472,753.9085
523,1,473,6.8043
524,1,474,78.5573
525,1,475,167.2374
526,1,476,427.4839
527,1,477,911.5519
528,1,478,815.6955
529,1,479,286.1474
530,1,480,215.5646
531,1,481,326.6174
532,1,482,767.9107
533,1,483,59.8452
534,1,484,83.7644
535,1,485,352.3559
536,1,486,547.8360
537,1,487,64.4395
538,1,488,425.2863
539,1,489,404.9114
540,1,490,760.1579
541,1,491,1208.3239
542,1,492,355.5410
543,1,493,81.6959
544,1,494,596.8192
545,1,495,763.5007
546,1,496,990.8770
547,1,497,446.9106
548,1,498,973.0178
549,1,499,617.3547
550,1,500,59.4751
551,1,501,272.5374
552,1,502,439.2274
553,1,503,885.1949
554,1,504,359.3977
555,1,505,651.5749
556,1,506,469.7850
557,1,507,261.3570
558,1,508,77.7848
559,1,509,1099.2717
560,1,510,722.1327
561,1,511,279.4769
562,1,512,383.1895
563,1,513,828.8068
564,1,514,629.2775
565,1,515,290.2147
566,1,516,9.9703
567,1,517,560.0493
568,1,518,477.1432
569,1,519,774.6450
570,1,520,117.5014
571,1,521,24.0830
572,1,522,349.8232
573,1,523,1106.5186
574,1,524,768.1767
575,1,525,464.1621
576,1,526,346.6500
577,1,527,189.0416
578,1,528,769.2613
579,1,529,146.3020
580,1,530,264.8127
581,1,531,391.4067
582,1,532,606.8915
583,1,533,26.9948
584,1,534,194.2345
585,1,535,288.5397
586,1,536,733.8127
587,1,537,830.2807
588,1,538,559.6491
589,1,539,55.8224
590,1,540,154.6409
591,1,541,543.6900
592,1,542,794.5178
593,1,543,765.2284
594,1,544,929.2478
595,1,545,235.8232
596,1,546,346.8379
597,1,547,719.4459
598,1,548,666.0463
599,1,549,103.4851
600,1,550,167.6698
601,1,551,460.0323
602,1,552,797.5948
603,1,553,581.0951
604,1,554,381.9392
605,1,555,47.0699
606,1,556,376.4416
607,1,557,199.1707
608,1,558,821.1691
609,1,559,126.9548
610,1,560,54.4369
611,1,561,378.1039
612,1,562,586.2102
613,1,563,531.2148
614,1,564,26.8675
615,1,565,334.9485
616,1,566,425.1084
617,1,567,371.2140
618,1,568,835.0840
619,1,569,239.4132
620,1,570,823.6153
621,1,571,36.9603
622,1,572,200.0149
623,1,573,177.2983
624,1,574,116.7927
625,1,575,398.3180
626,1,576,327.4801
627,1,577,406.6575
628,1,578,372.9052
629,1,579,516.9654
630,1,580,284.6089
631,1,581,47.6795
632,1,582,861.0995
633,1,583,478.1454
634,1,584,860.0693
635,1,585,139.6508
636,1,586,735.2547
637,1,587,616.5299
638,1,588,734.2371
639,1,589,890.0836
640,1,590,82.7862
641,1,591,307.2782
642,1,592,293.1371
643,1,593,1128.9932
644,1,594,699.1210
645,1,595,18.5927
646,1,596,527.1556
647,1,597,558.1786
648,1,598,928.9932
649,1,599,281.6035
650,1,600,674.8011
651,2,1,72.2985
652,2,3,82.8332
653,2,5,228.4821
654,2,7,114.9005
655,2,9,289.2254
656,2,11,218.2771
657,2,13,401.1585
658,2,15,645.5448
659,2,17,131.5346
660,2,19,336.8671
661,2,21,256.2397
662,2,23,9.4749
663,2,25,278.2511
664,2,27,44.3447
665,2,29,567.9004
666,2,31,118.0247
667,2,33,377.5379
668,2,35,537.5444
669,2,37,236.8188
670,2,39,85.9575
671,2,41,72.0630
672,2,43,192.5370
673,2,45,245.9955
674,2,47,303.5752
675,2,49,224.7848
676,2,51,546.0774
677,2,53,106.8699
678,2,55,14.3184
679,2,57,427.4090
680,2,59,415.1394
681,2,61,662.8889
682,2,62,69.5978
683,2,63,259.8943
684,2,64,170.1079
685,2,65,221.6982
686,2,66,51.8250
687,2,67,814.8572
688,2,68,624.6586
689,2,69,699.1385
690,2,70,281.2723
691,2,71,543.7513
692,2,72,336.4352
693,2,73,103.8345
694,2,74,594.1576
695,2,75,101.6526
696,2,76,443.5478
697,2,77,261.5341
698,2,78,498.3535
699,2,79,540.9272
700,2,80,31.9884
701,2,81,163.4498
702,2,82,167.9425
703,2,83,352.0427
704,2,84,381.4509
705,2,85,263.6177
706,2,86,695.2889
707,2,87,399.7419
708,2,88,587.2398
709,2,89,104.9430
710,2,90,661.9660
711,2,91,232.4027
712,2,92,13.4336
713,2,93,503.4391
714,2,94,425.9399
715,2,95,711.5426
716,2,96,891.5982
717,2,97,303.5250
718,2,98,89.4264
719,2,99,782.2904
720,2,100,32.5055
721,2,101,43.4410
722,2,102,436.7760
723,2,103,276.0460
724,2,104,498.7850
725,2,105,218.8520
726,2,106,22.5282
727,2,107,174.9336
728,2,108,545.9224
729,2,109,621.9006
730,2,110,116.7511
731,2,111,139.0848
732,2,112,487.1953
733,2,113,248.9506
734,2,114,68.6700
735,2,115,119.8410
736,2,116,405.9527
737,2,117,51.6948
738,2,118,369.4610
739,2,119,37.6809
740,2,120,12.2177
741,2,121,513.8191
742,2,122,451.4475
743,2,123,317.9951
744,2,124,385.2053
745,2,125,458.1879
746,2,126,543.2898
747,2,127,414.2918
748,2,128,175.9756
749,2,129,334.3429
750,2,130,232.8652
751,2,131,91.3952
752,2,132,502.0960
753,2,133,347.6968
754,2,134,340.2049
755,2,135,216.9242
756,2,136,614.2657
757,2,137,298.4306
758,2,138,698.5634
759,2,139,227.6929
760,2,140,431.4456
761,2,141,482.0494
762,2,142,30.9626
763,2,143,57.9419
764,2,144,489.5941
765,2,145,831.8103
766,2,146,648.0708
767,2,147,364.1653
768,2,148,246.8988
769,2,149,350.5368
770,2,150,468.8520
771,2,151,66.6125
772,2,152,8.1483
773,2,153,320.3138
774,2,154,622.5829
775,2,155,886.4111
776,2,156,5.7941
777,2,157,634.9745
778,2,158,770.8191
779,2,159,798.4368
780,2,160,357.6651
781,2,161,476.5271
782,2,162,247.2018
783,2,163,247.5977
784,2,164,461.8613
785,2,165,281.5176
786,2,166,813.6376
787,2,167,458.8835
788,2,168,79.0942
789,2,169,75.8576
790,2,170,196.3768
791,2,171,305.4148
792,2,172,455.8544
793,2,173,80.2571
794,2,174,546.4253
795,2,175,707.9180
796,2,176,644.7578
797,2,177,506.3230
798,2,178,67.2014
799,2,179,535.9843
800,2,180,731.7926
801,2,181,36.1047
802,2,182,553.4517
803,2,183,700.3794
804,2,184,268.6641
805,2,185,425.8210
806,2,186,336.4021
807,2,187,197.6929
808,2,188,590.4183
809,2,189,656.5983
810,2,190,255.8291
811,2,191,451.4276
812,2,192,607.0571
813,2,193,77.1118
814,2,194,239.4351
815,2,195,227.0098
816,2,196,210.2467
817,2,197,304.0342
818,2,198,733.2698
819,2,199,442.3908
820,2,200,651.7388
821,2,201,65.5842
822,2,202,115.6582
823,2,203,61.6396
824,2,204,463.8669
825,2,205,476.6111
826,2,206,586.9607
827,2,207,268.7448
828,2,208,798.7648
829,2,209,777.8923
830,2,210,584.3573
831,2,211,378.8098
832,2,212,245.8670
833,2,213,39.1846
834,2,214,105.5433
835,2,215,193.3026
836,2,216,396.2262
837,2,217,571.2862
838,2,218,135.7745
839,2,219,276.5980
840,2,220,144.3223
841,2,221,188.2246
842,2,222,320.7402
843,2,223,424.3951
844,2,224,552.7908
845,2,225,197.9221
846,2,226,245.9181
847,2,227,581.7958
848,2,228,489.0345
849,2,229,348.2742
850,2,230,342.6281
851,2,231,524.0397
852,2,232,468.3191
853,2,233,340.9739
854,2,234,503.9710
855,2,235,162.5730
856,2,236,777.9494
857,2,237,715.6821
858,2,238,470.2517
859,2,239,500.2273
860,2,240,201.3791
861,2,241,246.3657
862,2,242,111.1258
863,2,243,580.0391
864,2,244,116.7265
865,2,245,737.0230
866,2,246,735.2142
867,2,247,123.6779
868,2,248,303.2900
869,2,249,566.5458
870,2,250,642.3464
871,2,251,212.5913
872,2,252,160.3293
873,2,253,59.6604
874,2,254,535.9511
875,2,255,453.5029
876,2,256,475.0723
877,2,257,363.5768
878,2,258,322.8949
879,2,259,481.8662
880,2,260,265.1319
881,2,261,70.2252
882,2,262,89.6439
883,2,263,782.0065
884,2,264,486.4589
885,2,265,558.6306
886,2,266,299.0166
887,2,267,407.8931
888,2,268,899.6595
889,2,269,189.0977
890,2,270,293.8829
891,2,271,762.8219
892,2,272,440.2010
893,2,273,603.9455
894,2,274,146.8018
895,2,275,366.9374
896,2,276,174.2803
897,2,277,680.7624
898,2,278,144.2774
899,2,279,832.1154
900,2,280,312.7661
901,2,281,235.5109
902,2,282,119.9025
903,2,283,172.6531
904,2,284,627.9675
905,2,285,735.4955
906,2,286,640.5535
907,2,287,614.9351
908,2,288,178.9070
909,2,289,160.5010
910,2,290,349.7755
911,2,291,794.6728
912,2,292,794.0664
913,2,293,166.0361
914,2,294,524.0246
915,2,295,84.5257
916,2,296,126.9483
917,2,297,414.0428
918,2,298,413.7606
919,2,299,620.4031
920,2,300,200.8542
921,2,301,255.2395
922,2,302,112.0244
923,2,303,743.1289
924,2,304,654.3576
925,2,305,372.9338
926,2,306,35.5516
927,2,307,640.6217
928,2,308,19.3844
929,2,309,539.8248
930,2,310,469.1939
931,2,311,459.0871
932,2,312,869.7245
933,2,313,18.6838
934,2,314,65.8072
935,2,315,665.3455
936,2,316,546.0369
937,2,317,667.0063
938,2,318,142.9500
939,2,319,350.6787
940,2,320,200.9726
941,2,321,344.8631
942,2,322,131.2544
943,2,323,201.3549
944,2,324,779.0293
945,2,325,453.3720
946,2,326,510.1881
947,2,327,737.9470
948,2,328,156.8717
949,2,329,674.3313
950,2,330,640.1980
951,2,331,75.1930
952,2,332,631.2302
953,2,333,531.1557
954,2,334,522.7971
955,2,335,315.1795
956,2,336,406.3589
957,2,337,217.2239
958,2,338,192.5551
959,2,339,315.2258
960,2,340,478.2163
961,2,341,352.3126
962,2,342,223.4368
963,2,343,384.2683
964,2,344,347.6258
965,2,345,571.3820
966,2,346,165.8972
967,2,347,489.3237
968,2,348,462.7697
969,2,349,101.5141
970,2,350,776.6797
971,2,351,244.8725
972,2,352,485.5163
973,2,353,630.9921
974,2,354,693.7399
975,2,355,85.8876
976,2,356,292.0067
977,2,357,424.6143
978,2,358,693.1754
979,2,359,283.2917
980,2,360,403.4863
981,2,361,198.7213
982,2,362,462.3907
983,2,363,849.5956
984,2,364,401.1064
985,2,365,190.3039
986,2,366,694.4226
987,2,367,656.8940
988,2,368,514.5089
989,2,369,691.9700
990,2,370,414.7456
991,2,371,447.8936
992,2,372,182.9914
993,2,373,315.2081
994,2,374,165.4417
995,2,375,273.1908
996,2,376,486.4902
997,2,377,61.2286
998,2,378,283.9489
999,2,379,84.4648
1000,2,380,423.6837
1001,2,381,91.8385
1002,2,382,179.1682
1003,2,383,13.9985
1004,2,384,119.1039
1005,2,385,118.5008
1006,2,386,503.3610
1007,2,387,332.8909
1008,2,388,210.2351
1009,2,389,760.4208
1010,2,390,404.7622
1011,2,391,171.8779
1012,2,392,646.1189
1013,2,393,479.9554
1014,2,394,364.2482
1015,2,395,280.6928
1016,2,396,410.1794
1017,2,397,653.2294
1018,2,398,389.4091
1019,2,399,493.5608
1020,2,400,245.4321
1021,2,401,305.4444
1022,2,402,220.9228
1023,2,403,101.4665
1024,2,404,378.2600
1025,2,405,594.6006
1026,2,406,881.3011
1027,2,407,157.4456
1028,2,408,470.2474
1029,2,409,436.3732
1030,2,410,377.8166
1031,2,411,291.2868
1032,2,412,253.2967
1033,2,413,115.0681
1034,2,414,96.0322
1035,2,415,236.7806
1036,2,416,850.8635
1037,2,417,293.9928
1038,2,418,213.2044
1039,2,419,317.2183
1040,2,420,853.1988
1041,2,421,170.6986
1042,2,422,796.5904
1043,2,423,161.8208
1044,2,424,261.3390
1045,2,425,103.2963
1046,2,426,99.0362
1047,2,427,229.2131
1048,2,428,822.5241
1049,2,429,634.8893
1050,2,430,216.3864
1051,2,431,325.1737
1052,2,432,213.4316
1053,2,433,607.5134
1054,2,434,591.6506
1055,2,435,202.5844
1056,2,436,873.0901
1057,2,437,627.7410
1058,2,438,409.8110
1059,2,439,494.7630
1060,2,440,234.1950
1061,2,441,344.6703
1062,2,442,418.7143
1063,2,443,531.8543
1064,2,444,549.6068
1065,2,445,735.8472
1066,2,446,269.2583
1067,2,447,64.7630
1068,2,448,161.1158
1069,2,449,458.8859
1070,2,450,237.2204
1071,2,451,312.0185
1072,2,452,146.5842
1073,2,453,238.4378
1074,2,454,468.1842
1075,2,455,523.9474
1076,2,456,155.5761
1077,2,457,35.8488
1078,2,458,153.4358
1079,2,459,455.4646
1080,2,460,195.3693
1081,2,461,183.1652
1082,2,462,167.0032
1083,2,463,74.8144
1084,2,464,303.2178
1085,2,465,463.6442
1086,2,466,229.4223
1087,2,467,697.0050
1088,2,468,583.5254
1089,2,469,568.2460
1090,2,470,168.7106
1091,2,471,192.4341
1092,2,472,591.8182
1093,2,473,5.3414
1094,2,474,61.6675
1095,2,475,131.2814
1096,2,476,335.5749
1097,2,477,715.5682
1098,2,478,640.3210
1099,2,479,224.6257
1100,2,480,169.2182
1101,2,481,256.3947
1102,2,482,602.8099
1103,2,483,46.9785
1104,2,484,65.7551
1105,2,485,276.5994
1106,2,486,430.0513
1107,2,487,50.5850
1108,2,488,333.8497
1109,2,489,317.8554
1110,2,490,596.7240
1111,2,491,948.5343
1112,2,492,279.0997
1113,2,493,64.1313
1114,2,494,468.5031
1115,2,495,599.3480
1116,2,496,777.8384
1117,2,497,350.8248
1118,2,498,763.8190
1119,2,499,484.6234
1120,2,500,46.6880
1121,2,501,213.9419
1122,2,502,344.7935
1123,2,503,694.8780
1124,2,504,282.1272
1125,2,505,511.4863
1126,2,506,368.7812
1127,2,507,205.1652
1128,2,508,61.0611
1129,2,509,862.9283
1130,2,510,566.8742
1131,2,511,219.3894
1132,2,512,300.8038
1133,2,513,650.6133
1134,2,514,493.9828
1135,2,515,227.8185
1136,2,516,7.8267
1137,2,517,439.6387
1138,2,518,374.5574
1139,2,519,608.0963
1140,2,520,92.2386
1141,2,521,18.9052
1142,2,522,274.6112
1143,2,523,868.6171
1144,2,524,603.0187
1145,2,525,364.3672
1146,2,526,272.1202
1147,2,527,148.3977
1148,2,528,603.8701
1149,2,529,114.8471
1150,2,530,207.8780
1151,2,531,307.2543
1152,2,532,476.4098
1153,2,533,21.1909
1154,2,534,152.4741
1155,2,535,226.5037
1156,2,536,576.0430
1157,2,537,651.7703
1158,2,538,439.3245
1159,2,539,43.8206
1160,2,540,121.3931
1161,2,541,426.7967
1162,2,542,623.6965
1163,2,543,600.7043
1164,2,544,729.4595
1165,2,545,185.1212
1166,2,546,272.2678
1167,2,547,564.7650
1168,2,548,522.8463
1169,2,549,81.2358
1170,2,550,131.6208
1171,2,551,361.1254
1172,2,552,626.1119
1173,2,553,456.1597
1174,2,554,299.8223
1175,2,555,36.9499
1176,2,556,295.5067
1177,2,557,156.3490
1178,2,558,644.6177
1179,2,559,99.6595
1180,2,560,42.7330
1181,2,561,296.8116
1182,2,562,460.1750
1183,2,563,417.0036
1184,2,564,21.0910
1185,2,565,262.9346
1186,2,566,333.7101
1187,2,567,291.4030
1188,2,568,655.5409
1189,2,569,187.9394
1190,2,570,646.5380
1191,2,571,29.0138
1192,2,572,157.0117
1193,2,573,139.1792
1194,2,574,91.6823
1195,2,575,312.6796
1196,2,576,257.0719
1197,2,577,319.2261
1198,2,578,292.7306
1199,2,579,405.8178
1200,2,580,223.4180
1201,2,581,37.4284
1202,2,582,675.9631
1203,2,583,375.3441
1204,2,584,675.1544
1205,2,585,109.6259
1206,2,586,577.1749
1207,2,587,483.9760
1208,2,588,576.3761
1209,2,589,698.7156
1210,2,590,64.9872
1211,2,591,241.2134
1212,2,592,230.1126
1213,2,593,886.2597
1214,2,594,548.8100
1215,2,595,14.5953
1216,2,596,413.8171
1217,2,597,438.1702
1218,2,598,729.2597
1219,2,599,221.0587
1220,2,600,529.7189
1221,3,1,85.1925
1222,3,2,112.3413
1223,3,4,541.5135
1224,3,5,269.2305
1225,3,7,135.3923
1226,3,8,199.0415
1227,3,10,423.2800
1228,3,11,257.2055
1229,3,13,472.7027
1230,3,14,287.7860
1231,3,16,125.2820
1232,3,17,154.9930
1233,3,19,396.9452
1234,3,20,236.2357
1235,3,22,124.1720
1236,3,23,11.1648
1237,3,25,327.8755
1238,3,26,405.6957
1239,3,28,281.8383
1240,3,29,669.1820
1241,3,31,139.0737
1242,3,32,738.4830
1243,3,34,360.3338
1244,3,35,633.4122
1245,3,37,279.0540
1246,3,38,184.3618
1247,3,40,410.2652
1248,3,41,84.9150
1249,3,43,226.8748
1250,3,44,94.2112
1251,3,46,30.9783
1252,3,47,357.7160
1253,3,49,264.8738
1254,3,50,510.7943
1255,3,52,24.9103
1256,3,53,125.9295
1257,3,55,16.8720
1258,3,56,407.4810
1259,3,58,279.4703
1260,3,59,489.1770
1261,3,61,781.1112
1262,3,62,82.0101
1263,3,63,306.2449
1264,3,64,200.4457
1265,3,65,261.2367
1266,3,66,61.0677
1267,3,67,960.1821
1268,3,68,736.0626
1269,3,69,823.8256
1270,3,70,331.4355
1271,3,71,640.7260
1272,3,72,396.4364
1273,3,73,122.3527
1274,3,74,700.1220
1275,3,75,119.7818
1276,3,76,522.6519
1277,3,77,308.1771
1278,3,78,587.2318
1279,3,79,637.3983
1280,3,80,37.6933
1281,3,81,192.6001
1282,3,82,197.8940
1283,3,83,414.8274
1284,3,84,449.4803
1285,3,85,310.6323
1286,3,86,819.2895
1287,3,87,471.0335
1288,3,88,691.9705
1289,3,89,123.6589
1290,3,90,780.0236
1291,3,91,273.8503
1292,3,92,15.8294
1293,3,93,593.2244
1294,3,94,501.9037
1295,3,95,838.4419
1296,3,96,1050.6094
1297,3,97,357.6568
1298,3,98,105.3751
1299,3,99,921.8072
1300,3,100,38.3027
1301,3,101,51.1884
1302,3,102,514.6723
1303,3,103,325.2771
1304,3,104,587.7403
1305,3,105,257.8829
1306,3,106,26.5460
1307,3,107,206.1319
1308,3,108,643.2843
1309,3,109,732.8128
1310,3,110,137.5729
1311,3,111,163.8897
1312,3,112,574.0836
1313,3,113,293.3494
1314,3,114,80.9169
1315,3,115,141.2139
1316,3,116,478.3519
1317,3,117,60.9142
1318,3,118,435.3522
1319,3,119,44.4011
1320,3,120,14.3967
1321,3,121,605.4556
1322,3,122,531.9605
1323,3,123,374.7076
1324,3,124,453.9043
1325,3,125,539.9029
1326,3,126,640.1822
1327,3,127,488.1783
1328,3,128,207.3597
1329,3,129,393.9709
1330,3,130,274.3953
1331,3,131,107.6950
1332,3,132,591.6418
1333,3,133,409.7064
1334,3,134,400.8784
1335,3,135,255.6114
1336,3,136,723.8163
1337,3,137,351.6539
1338,3,138,823.1480
1339,3,139,268.3005
1340,3,140,508.3913
1341,3,141,568.0200
1342,3,142,36.4846
1343,3,143,68.2755
1344,3,144,576.9102
1345,3,145,980.1587
1346,3,146,763.6503
1347,3,147,429.1119
1348,3,148,290.9317
1349,3,149,413.0529
1350,3,150,552.4689
1351,3,151,78.4924
1352,3,152,9.6015
1353,3,153,377.4399
1354,3,154,733.6168
1355,3,155,1044.4971
1356,3,156,6.8274
1357,3,157,748.2183
1358,3,158,908.2901
1359,3,159,940.8332
1360,3,160,421.4525
1361,3,161,561.5128
1362,3,162,291.2888
1363,3,163,291.7553
1364,3,164,544.2314
1365,3,165,331.7246
1366,3,166,958.7449
1367,3,167,540.7226
1368,3,168,93.2002
1369,3,169,89.3864
1370,3,170,231.3994
1371,3,171,359.8837
1372,3,172,537.1533
1373,3,173,94.5704
1374,3,174,643.8770
1375,3,175,834.1709
1376,3,176,759.7464
1377,3,177,596.6226
1378,3,178,79.1864
1379,3,179,631.5739
1380,3,180,862.3034
1381,3,181,42.5437
1382,3,182,652.1565
1383,3,183,825.2878
1384,3,184,316.5787
1385,3,185,501.7636
1386,3,186,396.3974
1387,3,187,232.9502
1388,3,188,695.7158
1389,3,189,773.6986
1390,3,190,301.4547
1391,3,191,531.9370
1392,3,192,715.3221
1393,3,193,90.8642
1394,3,194,282.1369
1395,3,195,267.4956
1396,3,196,247.7429
1397,3,197,358.2568
1398,3,198,864.0441
1399,3,199,521.2886
1400,3,200,767.9725
1401,3,201,77.2808
1402,3,202,136.2852
1403,3,203,72.6327
1404,3,204,546.5947
1405,3,205,561.6118
1406,3,206,691.6416
1407,3,207,316.6738
1408,3,208,941.2197
1409,3,209,916.6247
1410,3,210,688.5739
1411,3,211,446.3683
1412,3,212,289.7159
1413,3,213,46.1729
1414,3,214,124.3663
1415,3,215,227.7770
1416,3,216,466.8907
1417,3,217,673.1716
1418,3,218,159.9891
1419,3,219,325.9275
1420,3,220,170.0613
1421,3,221,221.7933
1422,3,222,377.9423
1423,3,223,500.0834
1424,3,224,651.3777
1425,3,225,233.2203
1426,3,226,289.7761
1427,3,227,685.5556
1428,3,228,576.2509
1429,3,229,410.3868
1430,3,230,403.7337
1431,3,231,617.4990
1432,3,232,551.8410
1433,3,233,401.7845
1434,3,234,593.8512
1435,3,235,191.5669
1436,3,236,916.6919
1437,3,237,843.3197
1438,3,238,554.1183
1439,3,239,589.4398
1440,3,240,237.2939
1441,3,241,290.3036
1442,3,242,130.9444
1443,3,243,683.4856
1444,3,244,137.5440
1445,3,245,868.4666
1446,3,246,866.3352
1447,3,247,145.7351
1448,3,248,357.3799
1449,3,249,667.5858
1450,3,250,756.9050
1451,3,251,250.5056
1452,3,252,188.9230
1453,3,253,70.3005
1454,3,254,631.5347
1455,3,255,534.3824
1456,3,256,559.7986
1457,3,257,428.4185
1458,3,258,380.4813
1459,3,259,567.8041
1460,3,260,312.4166
1461,3,261,82.7494
1462,3,262,105.6314
1463,3,263,921.4726
1464,3,264,573.2159
1465,3,265,658.2590
1466,3,266,352.3444
1467,3,267,480.6383
1468,3,268,1060.1084
1469,3,269,222.8221
1470,3,270,346.2951
1471,3,271,898.8666
1472,3,272,518.7082
1473,3,273,711.6555
1474,3,274,172.9830
1475,3,275,432.3785
1476,3,276,205.3621
1477,3,277,802.1723
1478,3,278,170.0084
1479,3,279,980.5181
1480,3,280,368.5460
1481,3,281,277.5129
1482,3,282,141.2864
1483,3,283,203.4447
1484,3,284,739.9617
1485,3,285,866.6667
1486,3,286,754.7923
1487,3,287,724.6050
1488,3,288,210.8140
1489,3,289,189.1254
1490,3,290,412.1559
1491,3,291,936.3979
1492,3,292,935.6833
1493,3,293,195.6476
1494,3,294,617.4812
1495,3,295,99.6003
1496,3,296,149.5888
1497,3,297,487.8848
1498,3,298,487.5523
1499,3,299,731.0482
1500,3,300,236.6753
1501,3,301,300.7600
1502,3,302,132.0032
1503,3,303,875.6614
1504,3,304,771.0583
1505,3,305,439.4443
1506,3,306,41.8920
1507,3,307,754.8727
1508,3,308,22.8415
1509,3,309,636.0993
1510,3,310,552.8718
1511,3,311,540.9625
1512,3,312,1024.8346
1513,3,313,22.0159
1514,3,314,77.5435
1515,3,315,784.0059
1516,3,316,643.4193
1517,3,317,785.9628
1518,3,318,168.4443
1519,3,319,413.2202
1520,3,320,236.8148
1521,3,321,406.3674
1522,3,322,154.6629
1523,3,323,237.2654
1524,3,324,917.9645
1525,3,325,534.2281
1526,3,326,601.1770
1527,3,327,869.5554
1528,3,328,184.8488
1529,3,329,794.5942
1530,3,330,754.3735
1531,3,331,88.6032
1532,3,332,743.8063
1533,3,333,625.8841
1534,3,334,616.0348
1535,3,335,371.3898
1536,3,336,478.8305
1537,3,337,255.9645
1538,3,338,226.8961
1539,3,339,371.4444
1540,3,340,563.5032
1541,3,341,415.1455
1542,3,342,263.2854
1543,3,343,452.8002
1544,3,344,409.6227
1545,3,345,673.2846
1546,3,346,195.4840
1547,3,347,576.5916
1548,3,348,545.3019
1549,3,349,119.6185
1550,3,350,915.1958
1551,3,351,288.5440
1552,3,352,572.1052
1553,3,353,743.5257
1554,3,354,817.4642
1555,3,355,101.2051
1556,3,356,344.0843
1557,3,357,500.3417
1558,3,358,816.7990
1559,3,359,333.8151
1560,3,360,475.4457
1561,3,361,234.1621
1562,3,362,544.8553
1563,3,363,1001.1158
1564,3,364,472.6413
1565,3,365,224.2434
1566,3,366,818.2687
1567,3,367,774.0470
1568,3,368,606.2685
1569,3,369,815.3787
1570,3,370,488.7129
1571,3,371,527.7727
1572,3,372,215.6268
1573,3,373,371.4236
1574,3,374,194.9473
1575,3,375,321.9128
1576,3,376,573.2527
1577,3,377,72.1483
1578,3,378,334.5895
1579,3,379,99.5286
1580,3,380,499.2452
1581,3,381,108.2173
1582,3,382,211.1218
1583,3,383,16.4951
1584,3,384,140.3453
1585,3,385,139.6347
1586,3,386,593.1324
1587,3,387,392.2599
1588,3,388,247.7292
1589,3,389,896.0372
1590,3,390,476.9491
1591,3,391,202.5312
1592,3,392,761.3503
1593,3,393,565.5525
1594,3,394,429.2096
1595,3,395,330.7527
1596,3,396,483.3324
1597,3,397,769.7289
1598,3,398,458.8579
1599,3,399,581.5844
1600,3,400,289.2034
1601,3,401,359.9186
1602,3,402,260.3230
1603,3,403,119.5624
1604,3,404,445.7204
1605,3,405,700.6440
1606,3,406,1038.4758
1607,3,407,185.5250
1608,3,408,554.1132
1609,3,409,514.1977
1610,3,410,445.1979
1611,3,411,343.2360
1612,3,412,298.4706
1613,3,413,135.5898
1614,3,414,113.1590
1615,3,415,279.0090
1616,3,416,1002.6098
1617,3,417,346.4246
1618,3,418,251.2281
1619,3,419,373.7923
1620,3,420,1005.3616
1621,3,421,201.1416
1622,3,422,938.6575
1623,3,423,190.6805
1624,3,424,307.9472
1625,3,425,121.7186
1626,3,426,116.6987
1627,3,427,270.0919
1628,3,428,969.2163
1629,3,429,748.1180
1630,3,430,254.9776
1631,3,431,383.1664
1632,3,432,251.4958
1633,3,433,715.8597
1634,3,434,697.1679
1635,3,435,238.7141
1636,3,436,1028.8004
1637,3,437,739.6948
1638,3,438,482.8983
1639,3,439,583.0010
1640,3,440,275.9623
1641,3,441,406.1401
1642,3,442,493.3895
1643,3,443,626.7073
1644,3,444,647.6258
1645,3,445,867.0811
1646,3,446,317.2789
1647,3,447,76.3131
1648,3,448,189.8498
1649,3,449,540.7254
1650,3,450,279.5272
1651,3,451,367.6651
1652,3,452,172.7266
1653,3,453,280.9617
1654,3,454,551.6820
1655,3,455,617.3902
1656,3,456,183.3221
1657,3,457,42.2422
1658,3,458,180.8001
1659,3,459,536.6940
1660,3,460,230.2122
1661,3,461,215.8316
1662,3,462,196.7872
1663,3,463,88.1571
1664,3,464,357.2948
1665,3,465,546.3324
1666,3,466,270.3384
1667,3,467,821.3117
1668,3,468,687.5937
1669,3,469,669.5893
1670,3,470,198.7992
1671,3,471,226.7536
1672,3,472,697.3654
1673,3,473,6.2940
1674,3,474,72.6655
1675,3,475,154.6946
1676,3,476,395.4226
1677,3,477,843.1855
1678,3,478,754.5183
1679,3,479,264.6863
1680,3,480,199.3973
1681,3,481,302.1211
1682,3,482,710.3174
1683,3,483,55.3568
1684,3,484,77.4821
1685,3,485,325.9292
1686,3,486,506.7483
1687,3,487,59.6065
1688,3,488,393.3898
1689,3,489,374.5430
1690,3,490,703.1461
1691,3,491,1117.6996
1692,3,492,328.8754
1693,3,493,75.5687
1694,3,494,552.0578
1695,3,495,706.2381
1696,3,496,916.5612
1697,3,497,413.3923
1698,3,498,900.0415
1699,3,499,571.0531
1700,3,500,55.0145
1701,3,501,252.0971
1702,3,502,406.2853
1703,3,503,818.8053
1704,3,504,332.4429
1705,3,505,602.7068
1706,3,506,434.5511
1707,3,507,241.7552
1708,3,508,71.9509
1709,3,509,1016.8263
1710,3,510,667.9727
1711,3,511,258.5161
1712,3,512,354.4503
1713,3,513,766.6463
1714,3,514,582.0817
1715,3,515,268.4486
1716,3,516,9.2225
1717,3,517,518.0456
1718,3,518,441.3575
1719,3,519,716.5466
1720,3,520,108.6888
1721,3,521,22.2768
1722,3,522,323.5865
1723,3,523,1023.5297
1724,3,524,710.5634
1725,3,525,429.3499
1726,3,526,320.6513
1727,3,527,174.8635
1728,3,528,711.5667
1729,3,529,135.3294
1730,3,530,244.9517
1731,3,531,362.0512
1732,3,532,561.3746
1733,3,533,24.9702
1734,3,534,179.6669
1735,3,535,266.8992
1736,3,536,678.7767
1737,3,537,768.0096
1738,3,538,517.6754
1739,3,539,51.6357
1740,3,540,143.0428
1741,3,541,502.9133
1742,3,542,734.9290
1743,3,543,707.8363
1744,3,544,859.5542
1745,3,545,218.1365
1746,3,546,320.8251
1747,3,547,665.4875
1748,3,548,616.0928
1749,3,549,95.7237
1750,3,550,155.0946
1751,3,551,425.5299
1752,3,552,737.7752
1753,3,553,537.5130
1754,3,554,353.2938
1755,3,555,43.5397
1756,3,556,348.2085
1757,3,557,184.2329
1758,3,558,759.5814
1759,3,559,117.4332
1760,3,560,50.3541
1761,3,561,349.7461
1762,3,562,542.2444
1763,3,563,491.3737
1764,3,564,24.8524
1765,3,565,309.8274
1766,3,566,393.2253
1767,3,567,343.3730
1768,3,568,772.4527
1769,3,569,221.4572
1770,3,570,761.8442
1771,3,571,34.1883
1772,3,572,185.0138
1773,3,573,164.0009
1774,3,574,108.0332
1775,3,575,368.4441
1776,3,576,302.9191
1777,3,577,376.1582
1778,3,578,344.9373
1779,3,579,478.1930
1780,3,580,263.2632
1781,3,581,44.1035
1782,3,582,796.5170
1783,3,583,442.2845
1784,3,584,795.5641
1785,3,585,129.1770
1786,3,586,680.1106
1787,3,587,570.2902
1788,3,588,679.1693
1789,3,589,823.3273
1790,3,590,76.5772
1791,3,591,284.2323
1792,3,592,271.1518
1793,3,593,1044.3187
1794,3,594,646.6869
1795,3,595,17.1982
1796,3,596,487.6189
1797,3,597,516.3152
1798,3,598,859.3187
1799,3,599,260.4832
1800,3,600,624.1910
1801,4,1,124.7955
1802,4,2,164.5648
1803,4,3,142.9796
1804,4,4,793.2441
1805,4,5,394.3863
1806,4,6,569.8181
1807,4,7,198.3314
1808,4,8,291.5689
1809,4,9,499.2362
1810,4,10,620.0480
1811,4,11,376.7713
1812,4,12,549.8726
1813,4,13,692.4457
1814,4,14,421.5676
1815,4,15,1114.2842
1816,4,16,183.5212
1817,4,17,227.0438
1818,4,18,254.2522
1819,4,19,581.4711
1820,4,20,346.0534
1821,4,21,442.2991
1822,4,22,181.8952
1823,4,23,16.3548
1824,4,24,64.2677
1825,4,25,480.2933
1826,4,26,594.2894
1827,4,27,76.5439
1828,4,28,412.8549
1829,4,29,980.2612
1830,4,30,1216.2886
1831,4,31,203.7242
1832,4,32,1081.7778
1833,4,33,651.6737
1834,4,34,527.8402
1835,4,35,927.8633
1836,4,36,656.9040
1837,4,37,408.7764
1838,4,38,270.0650
1839,4,39,148.3725
1840,4,40,600.9831
1841,4,41,124.3890
1842,4,42,931.8741
1843,4,43,332.3408
1844,4,44,138.0067
1845,4,45,424.6164
1846,4,46,45.3790
1847,4,47,524.0056
1848,4,48,657.5408
1849,4,49,388.0043
1850,4,50,748.2446
1851,4,51,942.5922
1852,4,52,36.4901
1853,4,53,184.4697
1854,4,54,256.9622
1855,4,55,24.7152
1856,4,56,596.9046
1857,4,57,737.7568
1858,4,58,409.3861
1859,4,59,716.5782
1860,4,60,870.8450
1861,4,61,1144.2223
1862,4,62,120.1338
1863,4,63,448.6074
1864,4,64,293.6258
1865,4,65,382.6765
1866,4,66,89.4559
1867,4,67,1406.5370
1868,4,68,1078.2323
1869,4,69,1206.7932
1870,4,70,485.5083
1871,4,71,938.5771
1872,4,72,580.7258
1873,4,73,179.2302
1874,4,74,1025.5841
1875,4,75,175.4641
1876,4,76,765.6144
1877,4,77,451.4378
1878,4,78,860.2152
1879,4,79,933.7023
1880,4,80,55.2156
1881,4,81,282.1331
1882,4,82,289.8880
1883,4,83,607.6661
1884,4,84,658.4280
1885,4,85,455.0343
1886,4,86,1200.1484
1887,4,87,690.0004
1888,4,88,1013.6433
1889,4,89,181.1436
1890,4,90,1142.6292
1891,4,91,401.1537
1892,4,92,23.1880
1893,4,93,868.9936
1894,4,94,735.2211
1895,4,95,1228.2041
1896,4,96,1539.0007
1897,4,97,523.9189
1898,4,98,154.3602
1899,4,99,1350.3229
1900,4,100,56.1082
1901,4,101,74.9841
1902,4,102,753.9254
1903,4,103,476.4870
1904,4,104,860.9601
1905,4,105,377.7636
1906,4,106,38.8863
1907,4,107,301.9554
1908,4,108,942.3246
1909,4,109,1073.4718
1910,4,110,201.5258
1911,4,111,240.0763
1912,4,112,840.9549
1913,4,113,429.7172
1914,4,114,118.5323
1915,4,115,206.8593
1916,4,116,700.7209
1917,4,117,89.2311
1918,4,118,637.7321
1919,4,119,65.0416
1920,4,120,21.0892
1921,4,121,886.9106
1922,4,122,779.2502
1923,4,123,548.8960
1924,4,124,664.9085
1925,4,125,790.8848
1926,4,126,937.7805
1927,4,127,715.1152
1928,4,128,303.7540
1929,4,129,577.1141
1930,4,130,401.9521
1931,4,131,157.7586
1932,4,132,866.6753
1933,4,133,600.1645
1934,4,134,587.2326
1935,4,135,374.4361
1936,4,136,1060.2931
1937,4,137,515.1255
1938,4,138,1205.8005
1939,4,139,393.0240
1940,4,140,744.7245
1941,4,141,832.0726
1942,4,142,53.4450
1943,4,143,100.0144
1944,4,144,845.0955
1945,4,145,1435.8000
1946,4,146,1118.6445
1947,4,147,628.5910
1948,4,148,426.1757
1949,4,149,605.0667
1950,4,150,809.2923
1951,4,151,114.9808
1952,4,152,14.0649
1953,4,153,552.8984
1954,4,154,1074.6494
1955,4,155,1530.0472
1956,4,156,10.0013
1957,4,157,1096.0388
1958,4,158,1330.5222
1959,4,159,1378.1935
1960,4,160,617.3709
1961,4,161,822.5404
1962,4,162,426.6987
1963,4,163,427.3820
1964,4,164,797.2255
1965,4,165,485.9317
1966,4,166,1404.4318
1967,4,167,792.0856
1968,4,168,136.5257
1969,4,169,130.9389
1970,4,170,338.9688
1971,4,171,527.1810
1972,4,172,786.8570
1973,4,173,138.5329
1974,4,174,943.1927
1975,4,175,1221.9477
1976,4,176,1112.9259
1977,4,177,873.9715
1978,4,178,115.9973
1979,4,179,925.1704
1980,4,180,1263.1580
1981,4,181,62.3208
1982,4,182,955.3211
1983,4,183,1208.9351
1984,4,184,463.7450
1985,4,185,735.0158
1986,4,186,580.6686
1987,4,187,341.2406
1988,4,188,1019.1296
1989,4,189,1133.3639
1990,4,190,441.5904
1991,4,191,779.2158
1992,4,192,1047.8502
1993,4,193,133.1038
1994,4,194,413.2925
1995,4,195,391.8449
1996,4,196,362.9099
1997,4,197,524.7979
1998,4,198,1265.7078
1999,4,199,763.6173
2000,4,200,1124.9759
2001,4,201,113.2059
2002,4,202,199.6393
2003,4,203,106.3970
2004,4,204,800.6874
2005,4,205,822.6854
2006,4,206,1013.1615
2007,4,207,463.8844
2008,4,208,1378.7597
2009,4,209,1342.7313
2010,4,210,1008.6677
2011,4,211,653.8692
2012,4,212,424.3947
2013,4,213,67.6371
2014,4,214,182.1799
2015,4,215,333.6625
2016,4,216,683.9318
2017,4,217,986.1055
2018,4,218,234.3624
2019,4,219,477.4398
2020,4,220,249.1169
2021,4,221,324.8972
2022,4,222,553.6344
2023,4,223,732.5546
2024,4,224,954.1803
2025,4,225,341.6363
2026,4,226,424.4829
2027,4,227,1004.2463
2028,4,228,844.1296
2029,4,229,601.1612
2030,4,230,591.4154
2031,4,231,904.5526
2032,4,232,808.3725
2033,4,233,588.5600
2034,4,234,869.9118
2035,4,235,280.6197
2036,4,236,1342.8298
2037,4,237,1235.3494
2038,4,238,811.7084
2039,4,239,863.4496
2040,4,240,347.6034
2041,4,241,425.2555
2042,4,242,191.8158
2043,4,243,1001.2140
2044,4,244,201.4834
2045,4,245,1272.1862
2046,4,246,1269.0640
2047,4,247,213.4823
2048,4,248,523.5133
2049,4,249,977.9230
2050,4,250,1108.7636
2051,4,251,366.9569
2052,4,252,276.7467
2053,4,253,102.9807
2054,4,254,925.1130
2055,4,255,782.7980
2056,4,256,820.0293
2057,4,257,627.5752
2058,4,258,557.3536
2059,4,259,831.7563
2060,4,260,457.6481
2061,4,261,121.2167
2062,4,262,154.7357
2063,4,263,1349.8328
2064,4,264,839.6839
2065,4,265,964.2604
2066,4,266,516.1370
2067,4,267,704.0702
2068,4,268,1552.9155
2069,4,269,326.4043
2070,4,270,507.2756
2071,4,271,1316.7181
2072,4,272,759.8374
2073,4,273,1042.4791
2074,4,274,253.3968
2075,4,275,633.3761
2076,4,276,300.8278
2077,4,277,1175.0740
2078,4,278,249.0394
2079,4,279,1436.3266
2080,4,280,539.8701
2081,4,281,406.5188
2082,4,282,206.9655
2083,4,283,298.0190
2084,4,284,1083.9439
2085,4,285,1269.5496
2086,4,286,1105.6688
2087,4,287,1061.4485
2088,4,288,308.8140
2089,4,289,277.0432
2090,4,290,603.7526
2091,4,291,1371.6963
2092,4,292,1370.6496
2093,4,293,286.5973
2094,4,294,904.5265
2095,4,295,145.9010
2096,4,296,219.1273
2097,4,297,714.6853
2098,4,298,714.1983
2099,4,299,1070.8869
2100,4,300,346.6973
2101,4,301,440.5727
2102,4,302,193.3669
2103,4,303,1282.7257
2104,4,304,1129.4962
2105,4,305,643.7265
2106,4,306,61.3661
2107,4,307,1105.7865
2108,4,308,33.4597
2109,4,309,931.7995
2110,4,310,809.8824
2111,4,311,792.4369
2112,4,312,1501.2442
2113,4,313,32.2504
2114,4,314,113.5907
2115,4,315,1148.4626
2116,4,316,942.5223
2117,4,317,1151.3293
2118,4,318,246.7481
2119,4,319,605.3117
2120,4,320,346.9017
2121,4,321,595.2733
2122,4,322,226.5602
2123,4,323,347.5617
2124,4,324,1344.6939
2125,4,325,782.5720
2126,4,326,880.6431
2127,4,327,1273.7812
2128,4,328,270.7785
2129,4,329,1163.9732
2130,4,330,1105.0552
2131,4,331,129.7917
2132,4,332,1089.5757
2133,4,333,916.8357
2134,4,334,902.4078
2135,4,335,544.0359
2136,4,336,701.4220
2137,4,337,374.9534
2138,4,338,332.3722
2139,4,339,544.1158
2140,4,340,825.4561
2141,4,341,608.1320
2142,4,342,385.6776
2143,4,343,663.2911
2144,4,344,600.0420
2145,4,345,986.2709
2146,4,346,286.3576
2147,4,347,844.6288
2148,4,348,798.7936
2149,4,349,175.2249
2150,4,350,1340.6382
2151,4,351,422.6780
2152,4,352,838.0568
2153,4,353,1089.1647
2154,4,354,1197.4746
2155,4,355,148.2518
2156,4,356,504.0370
2157,4,357,732.9329
2158,4,358,1196.5002
2159,4,359,488.9940
2160,4,360,696.4636
2161,4,361,343.0158
2162,4,362,798.1394
2163,4,363,1466.4994
2164,4,364,692.3557
2165,4,365,328.4863
2166,4,366,1198.6531
2167,4,367,1133.8743
2168,4,368,888.1014
2169,4,369,1194.4196
2170,4,370,715.8984
2171,4,371,773.1157
2172,4,372,315.8641
2173,4,373,544.0853
2174,4,374,285.5714
2175,4,375,471.5587
2176,4,376,839.7378
2177,4,377,105.6876
2178,4,378,490.1284
2179,4,379,145.7960
2180,4,380,731.3267
2181,4,381,158.5238
2182,4,382,309.2649
2183,4,383,24.1630
2184,4,384,205.5870
2185,4,385,204.5459
2186,4,386,868.8588
2187,4,387,574.6078
2188,4,388,362.8899
2189,4,389,1312.5735
2190,4,390,698.6660
2191,4,391,296.6809
2192,4,392,1115.2753
2193,4,393,828.4580
2194,4,394,628.7341
2195,4,395,484.5080
2196,4,396,708.0166
2197,4,397,1127.5489
2198,4,398,672.1648
2199,4,399,851.9426
2200,4,400,423.6439
2201,4,401,527.2321
2202,4,402,381.3381
2203,4,403,175.1428
2204,4,404,652.9202
2205,4,405,1026.3488
2206,4,406,1521.2267
2207,4,407,271.7691
2208,4,408,811.7010
2209,4,409,753.2301
2210,4,410,652.1547
2211,4,411,502.7944
2212,4,412,437.2191
2213,4,413,198.6208
2214,4,414,165.7626
2215,4,415,408.7105
2216,4,416,1468.6879
2217,4,417,507.4653
2218,4,418,368.0152
2219,4,419,547.5552
2220,4,420,1472.7189
2221,4,421,294.6453
2222,4,422,1375.0064
2223,4,423,279.3212
2224,4,424,451.1010
2225,4,425,178.3013
2226,4,426,170.9479
2227,4,427,395.6481
2228,4,428,1419.7709
2229,4,429,1095.8918
2230,4,430,373.5078
2231,4,431,561.2871
2232,4,432,368.4074
2233,4,433,1048.6378
2234,4,434,1021.2567
2235,4,435,349.6839
2236,4,436,1507.0536
2237,4,437,1083.5530
2238,4,438,707.3807
2239,4,439,854.0176
2240,4,440,404.2474
2241,4,441,594.9404
2242,4,442,722.7489
2243,4,443,918.0415
2244,4,444,948.6843
2245,4,445,1270.1567
2246,4,446,464.7707
2247,4,447,111.7883
2248,4,448,278.1043
2249,4,449,792.0896
2250,4,450,409.4696
2251,4,451,538.5797
2252,4,452,253.0212
2253,4,453,411.5710
2254,4,454,808.1396
2255,4,455,904.3933
2256,4,456,268.5422
2257,4,457,61.8791
2258,4,458,264.8478
2259,4,459,786.1841
2260,4,460,337.2298
2261,4,461,316.1642
2262,4,462,288.2666
2263,4,463,129.1383
2264,4,464,523.3887
2265,4,465,800.3031
2266,4,466,396.0092
2267,4,467,1203.1106
2268,4,468,1007.2318
2269,4,469,980.8578
2270,4,470,291.2139
2271,4,471,332.1633
2272,4,472,1021.5460
2273,4,473,9.2198
2274,4,474,106.4451
2275,4,475,226.6067
2276,4,476,579.2407
2277,4,477,1235.1528
2278,4,478,1105.2674
2279,4,479,387.7297
2280,4,480,292.0900
2281,4,481,442.5666
2282,4,482,1040.5190
2283,4,483,81.0902
2284,4,484,113.5008
2285,4,485,477.4422
2286,4,486,742.3178
2287,4,487,87.3155
2288,4,488,576.2629
2289,4,489,548.6549
2290,4,490,1030.0140
2291,4,491,1637.2789
2292,4,492,481.7581
2293,4,493,110.6979
2294,4,494,808.6900
2295,4,495,1034.5434
2296,4,496,1342.6383
2297,4,497,605.5639
2298,4,498,1318.4391
2299,4,499,836.5156
2300,4,500,80.5888
2301,4,501,369.2882
2302,4,502,595.1531
2303,4,503,1199.4391
2304,4,504,486.9839
2305,4,505,882.8840
2306,4,506,636.5587
2307,4,507,354.1387
2308,4,508,105.3984
2309,4,509,1489.5132
2310,4,510,978.4898
2311,4,511,378.6912
2312,4,512,519.2218
2313,4,513,1123.0332
2314,4,514,852.6710
2315,4,515,393.2409
2316,4,516,13.5098
2317,4,517,758.8668
2318,4,518,646.5290
2319,4,519,1049.6440
2320,4,520,159.2144
2321,4,521,32.6325
2322,4,522,474.0104
2323,4,523,1499.3327
2324,4,524,1040.8794
2325,4,525,628.9396
2326,4,526,469.7107
2327,4,527,256.1514
2328,4,528,1042.3491
2329,4,529,198.2392
2330,4,530,358.8212
2331,4,531,530.3561
2332,4,532,822.3380
2333,4,533,36.5780
2334,4,534,263.1877
2335,4,535,390.9713
2336,4,536,994.3162
2337,4,537,1125.0303
2338,4,538,758.3245
2339,4,539,75.6394
2340,4,540,209.5384
2341,4,541,736.7000
2342,4,542,1076.5716
2343,4,543,1036.8845
2344,4,544,1259.1308
2345,4,545,319.5404
2346,4,546,469.9654
2347,4,547,974.8492
2348,4,548,902.4927
2349,4,549,140.2223
2350,4,550,227.1926
2351,4,551,623.3438
2352,4,552,1080.7410
2353,4,553,787.3839
2354,4,554,517.5276
2355,4,555,63.7797
2356,4,556,510.0784
2357,4,557,269.8763
2358,4,558,1112.6841
2359,4,559,172.0238
2360,4,560,73.7620
2361,4,561,512.3308
2362,4,562,794.3148
2363,4,563,719.7961
2364,4,564,36.4055
2365,4,565,453.8552
2366,4,566,576.0219
2367,4,567,502.9950
2368,4,568,1131.5388
2369,4,569,324.4049
2370,4,570,1115.9987
2371,4,571,50.0812
2372,4,572,271.0202
2373,4,573,240.2392
2374,4,574,158.2541
2375,4,575,539.7209
2376,4,576,443.7355
2377,4,577,551.0209
2378,4,578,505.2865
2379,4,579,700.4881
2380,4,580,385.6451
2381,4,581,64.6057
2382,4,582,1166.7898
2383,4,583,647.8870
2384,4,584,1165.3939
2385,4,585,189.2268
2386,4,586,996.2701
2387,4,587,835.3980
2388,4,588,994.8913
2389,4,589,1206.0633
2390,4,590,112.1753
2391,4,591,416.3620
2392,4,592,397.2008
2393,4,593,1529.7858
2394,4,594,947.3090
2395,4,595,25.1931
2396,4,596,714.2958
2397,4,597,756.3320
2398,4,598,1258.7858
2399,4,599,381.5727
2400,4,600,914.3555
2401,5,1,139.9920
2402,5,2,184.6040
2403,5,3,160.3904
2404,5,4,889.8384
2405,5,5,442.4112
2406,5,6,639.2056
2407,5,7,222.4824
2408,5,8,327.0736
2409,5,9,560.0288
2410,5,10,695.5520
2411,5,11,422.6512
2412,5,12,616.8312
2413,5,13,776.7656
2414,5,14,472.9024
2415,5,15,1249.9720
2416,5,16,205.8688
2417,5,17,254.6912
2418,5,18,285.2128
2419,5,19,652.2776
2420,5,20,388.1928
2421,5,21,496.1584
2422,5,22,204.0448
2423,5,23,18.3464
2424,5,24,72.0936
2425,5,25,538.7792
2426,5,26,666.6568
2427,5,27,85.8648
2428,5,28,463.1288
2429,5,29,1099.6288
2430,5,30,1364.3976
2431,5,31,228.5320
2432,5,32,1213.5072
2433,5,33,731.0288
2434,5,34,592.1160
2435,5,35,1040.8504
2436,5,36,736.8960
2437,5,37,458.5536
2438,5,38,302.9512
2439,5,39,166.4400
2440,5,40,674.1656
2441,5,41,139.5360
2442,5,42,1045.3496
2443,5,43,372.8104
2444,5,44,154.8120
2445,5,45,476.3224
2446,5,46,50.9048
2447,5,47,587.8144
2448,5,48,737.6104
2449,5,49,435.2520
2450,5,50,839.3592
2451,5,51,1057.3728
2452,5,52,40.9336
2453,5,53,206.9328
2454,5,54,288.2528
2455,5,55,27.7248
2456,5,56,669.5904
2457,5,57,827.5944
2458,5,58,459.2376
2459,5,59,803.8368
2460,5,60,976.8888
2461,5,61,1283.5556
2462,5,62,134.7626
2463,5,63,503.2349
2464,5,64,329.3810
2465,5,65,429.2755
2466,5,66,100.3490
2467,5,67,1577.8127
2468,5,68,1209.5300
2469,5,69,1353.7459
2470,5,70,544.6292
2471,5,71,1052.8687
2472,5,72,651.4414
2473,5,73,201.0553
2474,5,74,1150.4707
2475,5,75,196.8306
2476,5,76,858.8442
2477,5,77,506.4099
2478,5,78,964.9647
2479,5,79,1047.4004
2480,5,80,61.9392
2481,5,81,316.4888
2482,5,82,325.1880
2483,5,83,681.6624
2484,5,84,738.6055
2485,5,85,510.4444
2486,5,86,1346.2920
2487,5,87,774.0226
2488,5,88,1137.0758
2489,5,89,203.2017
2490,5,90,1281.7686
2491,5,91,450.0027
2492,5,92,26.0116
2493,5,93,974.8120
2494,5,94,824.7499
2495,5,95,1377.7640
2496,5,96,1726.4067
2497,5,97,587.7171
2498,5,98,173.1569
2499,5,99,1514.7534
2500,5,100,62.9406
2501,5,101,84.1150
2502,5,102,845.7318
2503,5,103,534.5094
2504,5,104,965.8002
2505,5,105,423.7643
2506,5,106,43.6216
2507,5,107,338.7249
2508,5,108,1057.0726
2509,5,109,1204.1898
2510,5,110,226.0658
2511,5,111,269.3107
2512,5,112,943.3590
2513,5,113,482.0444
2514,5,114,132.9661
2515,5,115,232.0488
2516,5,116,786.0485
2517,5,117,100.0969
2518,5,118,715.3895
2519,5,119,72.9618
2520,5,120,23.6573
2521,5,121,994.9108
2522,5,122,874.1404
2523,5,123,615.7357
2524,5,124,745.8752
2525,5,125,887.1918
2526,5,126,1051.9751
2527,5,127,802.1957
2528,5,128,340.7425
2529,5,129,647.3900
2530,5,130,450.8983
2531,5,131,176.9690
2532,5,132,972.2115
2533,5,133,673.2472
2534,5,134,658.7406
2535,5,135,420.0316
2536,5,136,1189.4062
2537,5,137,577.8529
2538,5,138,1352.6323
2539,5,139,440.8830
2540,5,140,835.4105
2541,5,141,933.3951
2542,5,142,59.9531
2543,5,143,112.1933
2544,5,144,948.0038
2545,5,145,1610.6391
2546,5,146,1254.8632
2547,5,147,705.1353
2548,5,148,478.0716
2549,5,149,678.7464
2550,5,150,907.8408
2551,5,151,128.9822
2552,5,152,15.7776
2553,5,153,620.2255
2554,5,154,1205.5108
2555,5,155,1716.3629
2556,5,156,11.2191
2557,5,157,1229.5047
2558,5,158,1492.5415
2559,5,159,1546.0178
2560,5,160,692.5489
2561,5,161,922.7022
2562,5,162,478.6583
2563,5,163,479.4249
2564,5,164,894.3046
2565,5,165,545.1042
2566,5,166,1575.4511
2567,5,167,888.5388
2568,5,168,153.1506
2569,5,169,146.8835
2570,5,170,380.2455
2571,5,171,591.3765
2572,5,172,882.6736
2573,5,173,155.4022
2574,5,174,1058.0465
2575,5,175,1370.7457
2576,5,176,1248.4482
2577,5,177,980.3960
2578,5,178,130.1225
2579,5,179,1037.8296
2580,5,180,1416.9742
2581,5,181,69.9097
2582,5,182,1071.6517
2583,5,183,1356.1486
2584,5,184,520.2157
2585,5,185,824.5196
2586,5,186,651.3773
2587,5,187,382.7939
2588,5,188,1143.2303
2589,5,189,1271.3750
2590,5,190,495.3634
2591,5,191,874.1018
2592,5,192,1175.4482
2593,5,193,149.3120
2594,5,194,463.6196
2595,5,195,439.5603
2596,5,196,407.1019
2597,5,197,588.7031
2598,5,198,1419.8346
2599,5,199,856.6039
2600,5,200,1261.9656
2601,5,201,126.9911
2602,5,202,223.9497
2603,5,203,119.3531
2604,5,204,898.1881
2605,5,205,922.8648
2606,5,206,1136.5355
2607,5,207,520.3722
2608,5,208,1546.6529
2609,5,209,1506.2373
2610,5,210,1131.4944
2611,5,211,733.4917
2612,5,212,476.0737
2613,5,213,75.8734
2614,5,214,204.3642
2615,5,215,374.2930
2616,5,216,767.2150
2617,5,217,1106.1847
2618,5,218,262.9010
2619,5,219,535.5782
2620,5,220,279.4522
2621,5,221,364.4603
2622,5,222,621.0512
2623,5,223,821.7587
2624,5,224,1070.3720
2625,5,225,383.2378
2626,5,226,476.1727
2627,5,227,1126.5346
2628,5,228,946.9203
2629,5,229,674.3653
2630,5,230,663.4327
2631,5,231,1014.7011
2632,5,232,906.8090
2633,5,233,660.2296
2634,5,234,975.8420
2635,5,235,314.7911
2636,5,236,1506.3478
2637,5,237,1385.7794
2638,5,238,910.5511
2639,5,239,968.5929
2640,5,240,389.9315
2641,5,241,477.0394
2642,5,242,215.1735
2643,5,243,1123.1330
2644,5,244,226.0182
2645,5,245,1427.1019
2646,5,246,1423.5995
2647,5,247,239.4783
2648,5,248,587.2622
2649,5,249,1097.0059
2650,5,250,1243.7791
2651,5,251,411.6417
2652,5,252,310.4465
2653,5,253,115.5208
2654,5,254,1037.7651
2655,5,255,878.1203
2656,5,256,919.8853
2657,5,257,703.9958
2658,5,258,625.2233
2659,5,259,933.0403
2660,5,260,513.3765
2661,5,261,135.9774
2662,5,262,173.5781
2663,5,263,1514.2036
2664,5,264,941.9332
2665,5,265,1081.6796
2666,5,266,578.9876
2667,5,267,789.8057
2668,5,268,1742.0159
2669,5,269,366.1510
2670,5,270,569.0471
2671,5,271,1477.0565
2672,5,272,852.3637
2673,5,273,1169.4231
2674,5,274,284.2532
2675,5,275,710.5030
2676,5,276,337.4599
2677,5,277,1318.1642
2678,5,278,279.3652
2679,5,279,1611.2298
2680,5,280,605.6107
2681,5,281,456.0211
2682,5,282,232.1680
2683,5,283,334.3091
2684,5,284,1215.9371
2685,5,285,1424.1442
2686,5,286,1240.3074
2687,5,287,1190.7023
2688,5,288,346.4186
2689,5,289,310.7790
2690,5,290,677.2723
2691,5,291,1538.7294
2692,5,292,1537.5552
2693,5,293,321.4966
2694,5,294,1014.6717
2695,5,295,163.6675
2696,5,296,245.8108
2697,5,297,801.7134
2698,5,298,801.1671
2699,5,299,1201.2900
2700,5,300,388.9151
2701,5,301,494.2218
2702,5,302,216.9134
2703,5,303,1438.9247
2704,5,304,1267.0363
2705,5,305,722.1138
2706,5,306,68.8387
2707,5,307,1240.4395
2708,5,308,37.5341
2709,5,309,1045.2658
2710,5,310,908.5028
2711,5,311,888.9329
2712,5,312,1684.0525
2713,5,313,36.1775
2714,5,314,127.4228
2715,5,315,1288.3123
2716,5,316,1057.2944
2717,5,317,1291.5280
2718,5,318,276.7949
2719,5,319,679.0212
2720,5,320,389.1443
2721,5,321,667.7605
2722,5,322,254.1487
2723,5,323,389.8847
2724,5,324,1508.4389
2725,5,325,877.8667
2726,5,326,987.8801
2727,5,327,1428.8910
2728,5,328,303.7515
2729,5,329,1305.7116
2730,5,330,1239.6191
2731,5,331,145.5965
2732,5,332,1222.2546
2733,5,333,1028.4799
2734,5,334,1012.2951
2735,5,335,610.2838
2736,5,336,786.8350
2737,5,337,420.6120
2738,5,338,372.8455
2739,5,339,610.3735
2740,5,340,925.9729
2741,5,341,682.1850
2742,5,342,432.6420
2743,5,343,744.0608
2744,5,344,673.1098
2745,5,345,1106.3703
2746,5,346,321.2277
2747,5,347,947.4803
2748,5,348,896.0637
2749,5,349,196.5623
2750,5,350,1503.8894
2751,5,351,474.1480
2752,5,352,940.1080
2753,5,353,1221.7936
2754,5,354,1343.2926
2755,5,355,166.3046
2756,5,356,565.4142
2757,5,357,822.1830
2758,5,358,1342.1995
2759,5,359,548.5394
2760,5,360,781.2729
2761,5,361,384.7853
2762,5,362,895.3299
2763,5,363,1645.0768
2764,5,364,776.6647
2765,5,365,368.4865
2766,5,366,1344.6145
2767,5,367,1271.9476
2768,5,368,996.2466
2769,5,369,1339.8656
2770,5,370,803.0742
2771,5,371,867.2590
2772,5,372,354.3272
2773,5,373,610.3393
2774,5,374,320.3458
2775,5,375,528.9810
2776,5,376,941.9937
2777,5,377,118.5573
2778,5,378,549.8120
2779,5,379,163.5497
2780,5,380,820.3812
2781,5,381,177.8274
2782,5,382,346.9245
2783,5,383,27.1054
2784,5,384,230.6215
2785,5,385,229.4537
2786,5,386,974.6608
2787,5,387,644.5785
2788,5,388,407.0794
2789,5,389,1472.4071
2790,5,390,783.7435
2791,5,391,332.8081
2792,5,392,1251.0837
2793,5,393,929.3403
2794,5,394,705.2958
2795,5,395,543.5072
2796,5,396,794.2327
2797,5,397,1264.8519
2798,5,398,754.0152
2799,5,399,955.6846
2800,5,400,475.2315
2801,5,401,591.4338
2802,5,402,427.7741
2803,5,403,196.4702
2804,5,404,732.4270
2805,5,405,1151.3286
2806,5,406,1706.4683
2807,5,407,304.8628
2808,5,408,910.5428
2809,5,409,844.9519
2810,5,410,731.5684
2811,5,411,564.0203
2812,5,412,490.4598
2813,5,413,222.8071
2814,5,414,185.9477
2815,5,415,458.4797
2816,5,416,1647.5318
2817,5,417,569.2599
2818,5,418,412.8288
2819,5,419,614.2317
2820,5,420,1652.0536
2821,5,421,330.5246
2822,5,422,1542.4426
2823,5,423,313.3345
2824,5,424,506.0322
2825,5,425,200.0133
2826,5,426,191.7644
2827,5,427,443.8266
2828,5,428,1592.6581
2829,5,429,1229.3398
2830,5,430,418.9903
2831,5,431,629.6357
2832,5,432,413.2688
2833,5,433,1176.3316
2834,5,434,1145.6164
2835,5,435,392.2653
2836,5,436,1690.5694
2837,5,437,1215.4986
2838,5,438,793.5193
2839,5,439,958.0124
2840,5,440,453.4732
2841,5,441,667.3870
2842,5,442,810.7589
2843,5,443,1029.8325
2844,5,444,1064.2067
2845,5,445,1424.8252
2846,5,446,521.3664
2847,5,447,125.4009
2848,5,448,311.9694
2849,5,449,888.5434
2850,5,450,459.3312
2851,5,451,604.1632
2852,5,452,283.8319
2853,5,453,461.6884
2854,5,454,906.5478
2855,5,455,1014.5223
2856,5,456,301.2429
2857,5,457,69.4141
2858,5,458,297.0986
2859,5,459,881.9187
2860,5,460,378.2947
2861,5,461,354.6639
2862,5,462,323.3692
2863,5,463,144.8636
2864,5,464,587.1223
2865,5,465,897.7570
2866,5,466,444.2317
2867,5,467,1349.6148
2868,5,468,1129.8836
2869,5,469,1100.2981
2870,5,470,326.6754
2871,5,471,372.6113
2872,5,472,1145.9409
2873,5,473,10.3425
2874,5,474,119.4071
2875,5,475,254.2008
2876,5,476,649.7755
2877,5,477,1385.5589
2878,5,478,1239.8572
2879,5,479,434.9440
2880,5,480,327.6582
2881,5,481,496.4584
2882,5,482,1167.2243
2883,5,483,90.9647
2884,5,484,127.3219
2885,5,485,535.5810
2886,5,486,832.7107
2887,5,487,97.9480
2888,5,488,646.4352
2889,5,489,615.4653
2890,5,490,1155.4400
2891,5,491,1836.6523
2892,5,492,540.4223
2893,5,493,124.1778
2894,5,494,907.1652
2895,5,495,1160.5211
2896,5,496,1506.1330
2897,5,497,679.3041
2898,5,498,1478.9871
2899,5,499,938.3791
2900,5,500,90.4022
2901,5,501,414.2568
2902,5,502,667.6256
2903,5,503,1345.4962
2904,5,504,546.2845
2905,5,505,990.3938
2906,5,506,714.0732
2907,5,507,397.2626
2908,5,508,118.2329
2909,5,509,1670.8930
2910,5,510,1097.6417
2911,5,511,424.8049
2912,5,512,582.4480
2913,5,513,1259.7863
2914,5,514,956.5018
2915,5,515,441.1263
2916,5,516,15.1549
2917,5,517,851.2749
2918,5,518,725.2577
2919,5,519,1177.4604
2920,5,520,178.6021
2921,5,521,36.6062
2922,5,522,531.7313
2923,5,523,1681.9083
2924,5,524,1167.6286
2925,5,525,705.5264
2926,5,526,526.9080
2927,5,527,287.3432
2928,5,528,1169.2772
2929,5,529,222.3790
2930,5,530,402.5153
2931,5,531,594.9382
2932,5,532,922.4751
2933,5,533,41.0321
2934,5,534,295.2364
2935,5,535,438.5803
2936,5,536,1115.3953
2937,5,537,1262.0267
2938,5,538,850.6666
2939,5,539,84.8500
2940,5,540,235.0542
2941,5,541,826.4088
2942,5,542,1207.6671
2943,5,543,1163.1472
2944,5,544,1412.4567
2945,5,545,358.4513
2946,5,546,527.1936
2947,5,547,1093.5578
2948,5,548,1012.3904
2949,5,549,157.2974
2950,5,550,254.8581
2951,5,551,699.2491
2952,5,552,1212.3441
2953,5,553,883.2646
2954,5,554,580.5476
2955,5,555,71.5462
2956,5,556,572.1912
2957,5,557,302.7395
2958,5,558,1248.1770
2959,5,559,192.9713
2960,5,560,82.7441
2961,5,561,574.7179
2962,5,562,891.0395
2963,5,563,807.4465
2964,5,564,40.8386
2965,5,565,509.1217
2966,5,566,646.1648
2967,5,567,564.2453
2968,5,568,1269.3277
2969,5,569,363.9081
2970,5,570,1251.8953
2971,5,571,56.1797
2972,5,572,304.0226
2973,5,573,269.4934
2974,5,574,177.5249
2975,5,575,605.4434
2976,5,576,497.7698
2977,5,577,618.1194
2978,5,578,566.8159
2979,5,579,785.7874
2980,5,580,432.6055
2981,5,581,72.4728
2982,5,582,1308.8712
2983,5,583,726.7810
2984,5,584,1307.3053
2985,5,585,212.2692
2986,5,586,1117.5871
2987,5,587,937.1254
2988,5,588,1116.0404
2989,5,589,1352.9271
2990,5,590,125.8350
2991,5,591,467.0629
2992,5,592,445.5684
2993,5,593,1716.0697
2994,5,594,1062.6639
2995,5,595,28.2609
2996,5,596,801.2765
2997,5,597,848.4315
2998,5,598,1412.0697
2999,5,599,428.0373
3000,5,600,1025.6977
