ProductId,Sku,ProductName,CategoryId,SupplierId,UnitCost,ListPrice,Weight_g,Status
1,SKU-01-0001,Prime Headphones,1,3,41.4000,92.1000,1200,ACTIVE
2,SKU-01-0002,Plus Camera,1,5,52.5600,121.4500,120,ACTIVE
3,SKU-01-0003,Deluxe Charger,1,2,79.3400,105.5200,2500,ACTIVE
4,SKU-02-0004,Ultra Laptop,2,6,346.9900,585.4200,800,ACTIVE
5,SKU-02-0005,Classic Keyboard,2,6,144.0400,291.0600,2500,ACTIVE
6,SKU-02-0006,Plus Keyboard,2,3,292.4600,420.5300,800,ACTIVE
7,SKU-03-0007,Plus Screen Protector,3,7,90.1900,146.3700,5000,DISCONTINUED
8,SKU-03-0008,Classic Phone,3,6,162.2600,215.1800,1200,ACTIVE
9,SKU-03-0009,Mini Screen Protector,3,2,160.0700,368.4400,800,ACTIVE
10,SKU-04-0010,Plus Kettle,4,5,216.9700,457.6000,800,ACTIVE
11,SKU-04-0011,Lite Kettle,4,7,205.2800,278.0600,120,ACTIVE
12,SKU-04-0012,Prime Kettle,4,4,239.7700,405.8100,1200,ACTIVE
13,SKU-05-0013,Max Desk,5,7,273.6400,511.0300,500,ACTIVE
14,SKU-05-0014,Eco Desk,5,6,175.6000,311.1200,2500,ACTIVE
15,SKU-05-0015,Plus Chair,5,7,365.3100,822.3500,500,ACTIVE
16,SKU-06-0016,Ultra BBQ Grill,6,7,63.6800,135.4400,1200,ACTIVE
17,SKU-06-0017,Deluxe Hose,6,7,131.6900,167.5600,500,ACTIVE
18,SKU-06-0018,Pro Hose,6,1,98.6300,187.6400,120,ACTIVE
19,SKU-07-0019,Plus Board Game,7,5,307.0400,429.1300,800,ACTIVE
20,SKU-07-0020,Deluxe Action Figure,7,7,170.9900,255.3900,1200,ACTIVE
21,SKU-07-0021,Eco Board Game,7,4,161.4000,326.4200,500,ACTIVE
22,SKU-08-0022,Max Dumbbell,8,5,101.4200,134.2400,120,ACTIVE
23,SKU-08-0023,Ultra Water Bottle,8,2,5.8500,12.0700,120,DISCONTINUED
24,SKU-08-0024,Classic Yoga Mat,8,4,31.1300,47.4300,2500,ACTIVE
25,SKU-09-0025,Deluxe Shampoo,9,7,231.7600,354.4600,800,ACTIVE
26,SKU-09-0026,Max Shampoo,9,4,264.6200,438.5900,800,ACTIVE
27,SKU-09-0027,Max Shampoo,9,7,27.0600,56.4900,5000,ACTIVE
28,SKU-10-0028,Ultra Coffee Beans,10,3,215.9100,304.6900,250,ACTIVE
29,SKU-10-0029,Mini Coffee Beans,10,1,323.7800,723.4400,120,ACTIVE
30,SKU-10-0030,Pro Pasta,10,2,387.6900,897.6300,5000,ACTIVE
31,SKU-11-0031,Mini Cat Tree,11,2,87.8600,150.3500,120,ACTIVE
32,SKU-11-0032,Eco Cat Tree,11,4,370.8300,798.3600,500,ACTIVE
33,SKU-11-0033,Plus Pet Bowl,11,3,265.7600,480.9400,250,ACTIVE
34,SKU-12-0034,Deluxe Novel,12,1,295.0900,389.5500,500,DISCONTINUED
35,SKU-12-0035,Plus Atlas,12,5,368.0000,684.7700,120,ACTIVE
36,SKU-12-0036,Max Cookbook,12,4,239.2300,484.8000,250,ACTIVE
37,SKU-13-0037,Ultra Headset,13,4,232.8300,301.6800,120,ACTIVE
38,SKU-13-0038,Plus Headset,13,6,128.6000,199.3100,2500,ACTIVE
39,SKU-13-0039,Prime Blu-ray,13,3,54.9600,109.5000,800,ACTIVE
40,SKU-14-0040,Pro Notebook,14,1,184.9400,443.5300,120,ACTIVE
41,SKU-14-0041,Eco Stapler,14,2,55.5900,91.8000,120,ACTIVE
42,SKU-14-0042,Mini Notebook,14,7,334.0000,687.7300,1200,ACTIVE
43,SKU-15-0043,Plus Car Mat,15,3,121.8500,245.2700,250,ACTIVE
44,SKU-15-0044,Plus Car Mat,15,6,64.7100,101.8500,250,ACTIVE
45,SKU-15-0045,Eco Tyre Gauge,15,1,203.6500,313.3700,5000,ACTIVE
46,SKU-16-0046,Eco Hammer,16,6,20.5000,33.4900,250,ACTIVE
47,SKU-16-0047,Mini Drill,16,1,222.0200,386.7200,120,ACTIVE
48,SKU-16-0048,Lite Screwdriver Set,16,5,219.6000,485.2700,1200,ACTIVE
49,SKU-17-0049,Pro Mens T-Shirt,17,7,125.3800,286.3500,5000,DISCONTINUED
50,SKU-17-0050,Ultra Mens Jeans,17,7,273.7800,552.2100,500,ACTIVE
51,SKU-17-0051,Deluxe Mens Jeans,17,7,300.5400,695.6400,250,ACTIVE
52,SKU-18-0052,Prime Womens Dress,18,7,12.8400,26.9300,500,ACTIVE
53,SKU-18-0053,Eco Womens Dress,18,7,66.2000,136.1400,800,DISCONTINUED
54,SKU-18-0054,Ultra Womens Blouse,18,3,82.2300,189.6400,500,ACTIVE
55,SKU-19-0055,Ultra Kids Hoodie,19,3,12.3900,18.2400,500,ACTIVE
56,SKU-19-0056,Classic Kids Shorts,19,5,257.6700,440.5200,5000,ACTIVE
57,SKU-19-0057,Max Kids Hoodie,19,3,351.1800,544.4700,1200,DISCONTINUED
58,SKU-20-0058,Prime Sandals,20,5,140.2400,302.1300,800,ACTIVE
59,SKU-20-0059,Prime Trainers,20,6,360.1000,528.8400,120,ACTIVE
60,SKU-20-0060,Plus Sandals,20,6,275.6800,642.6900,2500,ACTIVE
61,SKU-06-0061,Studio Trimmer,6,15,461.6857,844.4445,2500,ACTIVE
62,SKU-07-0062,Classic Puzzle,7,25,41.9130,88.6596,120,ACTIVE
63,SKU-08-0063,Lite Water Bottle,8,18,213.5298,331.0756,250,ACTIVE
64,SKU-09-0064,Lite Moisturiser,9,12,90.2156,216.6980,400,ACTIVE
65,SKU-10-0065,Studio Pasta Pack,10,25,178.1193,282.4181,2500,ACTIVE
66,SKU-11-0066,Apex Pet Bowl,11,6,39.3851,66.0191,600,ACTIVE
67,SKU-12-0067,Pro Hardback,12,13,423.3880,1038.0347,4000,DISCONTINUED
68,SKU-13-0068,Studio Soundtrack,13,10,369.6427,795.7434,80,ACTIVE
69,SKU-14-0069,Nova Whiteboard,14,10,400.1853,890.6223,120,ACTIVE
70,SKU-15-0070,Eco Car Mat Set,15,17,138.0527,358.3087,250,ACTIVE
71,SKU-16-0071,Eco Workbench,16,24,341.1483,692.6768,120,ACTIVE
72,SKU-17-0072,Ultra Oxford Shirt,17,20,193.4325,428.5799,250,ACTIVE
73,SKU-18-0073,Pro Cardigan,18,21,89.4980,132.2732,120,ACTIVE
74,SKU-19-0074,Apex Kids Hoodie,19,2,426.2988,756.8886,120,ACTIVE
75,SKU-20-0075,Classic Trainers,20,28,76.2011,129.4938,400,ACTIVE
76,SKU-27-0076,Apex Fitness Band,27,2,224.9055,565.0291,80,ACTIVE
77,SKU-28-0077,Lite Studio Monitor,28,16,170.3877,333.1644,250,ACTIVE
78,SKU-29-0078,Lumen Gaming Chair,29,6,325.1196,634.8452,2500,ACTIVE
79,SKU-30-0079,Pro Air Fryer,30,16,361.5994,689.0792,600,ACTIVE
80,SKU-31-0080,Prime Pillow Set,31,20,20.1367,40.7495,250,ACTIVE
81,SKU-32-0081,Prime Pannier,32,15,103.2112,208.2163,120,ACTIVE
82,SKU-33-0082,Lumen Label Maker,33,7,144.9314,213.9395,120,ACTIVE
83,SKU-34-0083,Terra Serum,34,20,197.9930,448.4621,250,ACTIVE
84,SKU-01-0084,Ultra Camera,1,30,208.2397,485.9247,4000,ACTIVE
85,SKU-02-0085,Prime Laptop,2,11,164.3111,335.8187,400,ACTIVE
86,SKU-03-0086,Nova Phone Case,3,22,394.6702,885.7184,600,ACTIVE
87,SKU-04-0087,Terra Blender,4,15,212.4000,509.2254,250,ACTIVE
88,SKU-05-0088,Prime Stool,5,17,299.0415,748.0762,600,ACTIVE
89,SKU-06-0089,Pro Hose Reel,6,24,73.3444,133.6853,80,ACTIVE
90,SKU-07-0090,Basic Board Game,7,13,355.4012,843.2688,80,ACTIVE
91,SKU-08-0091,Swift Yoga Mat,8,10,126.9332,296.0544,600,ACTIVE
92,SKU-09-0092,Vertex Vitamin Pack,9,31,7.7221,17.1129,80,ACTIVE
93,SKU-10-0093,Classic Olive Oil,10,23,399.2000,641.3237,120,ACTIVE
94,SKU-11-0094,Basic Lead & Harness,11,11,295.9964,542.5986,2500,ACTIVE
95,SKU-12-0095,Lumen Atlas,12,18,361.5611,906.4237,2500,ACTIVE
96,SKU-13-0096,Nova Boxset,13,31,441.4536,1135.7939,600,ACTIVE
97,SKU-14-0097,Max Desk Lamp,14,28,235.3174,386.6560,4000,ACTIVE
98,SKU-15-0098,Terra Dash Cam,15,7,49.4056,113.9190,250,ACTIVE
99,SKU-16-0099,Classic Drill,16,13,463.1361,996.5483,400,ACTIVE
100,SKU-17-0100,Ultra Oxford Shirt,17,12,25.9587,41.4083,600,ACTIVE
101,SKU-18-0101,Lumen Trench Coat,18,24,36.9481,55.3388,2500,ACTIVE
102,SKU-19-0102,Ultra Kids Hoodie,19,31,276.8151,556.4025,1200,ACTIVE
103,SKU-20-0103,Nova Sandals,20,9,142.9674,351.6509,2500,DISCONTINUED
104,SKU-27-0104,Vertex Fitness Band,27,1,372.3229,635.3949,120,ACTIVE
105,SKU-28-0105,Vertex Earbuds,28,14,155.8200,278.7923,80,ACTIVE
106,SKU-29-0106,Apex Gaming Chair,29,17,11.6093,28.6984,120,ACTIVE
107,SKU-30-0107,Lite Espresso Machine,30,25,94.1292,222.8453,1200,ACTIVE
108,SKU-31-0108,Pro Duvet,31,19,457.4208,695.4425,2500,ACTIVE
109,SKU-32-0109,Pro Road Bike,32,4,335.1966,792.2301,250,ACTIVE
110,SKU-33-0110,Ultra Planner,33,4,93.1088,148.7275,600,ACTIVE
111,SKU-34-0111,Studio Sun Cream,34,18,81.4695,177.1781,80,ACTIVE
112,SKU-01-0112,Nova Headphones,1,26,272.5825,620.6309,4000,ACTIVE
113,SKU-02-0113,Swift Mouse,2,14,136.5446,317.1345,250,ACTIVE
114,SKU-03-0114,Classic Phone Case,3,17,44.3379,87.4777,2500,ACTIVE
115,SKU-04-0115,Plus Knife Block,4,25,67.0176,152.6637,4000,ACTIVE
116,SKU-05-0116,Plus Desk,5,29,207.9354,517.1372,2500,ACTIVE
117,SKU-06-0117,Eco Parasol,6,25,30.4595,65.8532,120,ACTIVE
118,SKU-07-0118,Max Puzzle,7,20,209.8199,470.6510,250,ACTIVE
119,SKU-08-0119,Studio Treadmill,8,19,22.6454,48.0012,80,ACTIVE
120,SKU-09-0120,Prime Vitamin Pack,9,24,9.3882,15.5640,80,ACTIVE
121,SKU-10-0121,Vertex Granola,10,3,277.5886,654.5466,250,ACTIVE
122,SKU-11-0122,Swift Cat Tree,11,7,275.0768,575.0924,2500,ACTIVE
123,SKU-12-0123,Classic Atlas,12,22,224.5886,405.0893,250,ACTIVE
124,SKU-13-0124,Basic Boxset,13,23,311.2943,490.7074,4000,DISCONTINUED
125,SKU-14-0125,Max Notebook,14,6,229.7042,583.6788,120,ACTIVE
126,SKU-15-0126,Basic Jump Starter,15,1,380.4127,692.0889,600,ACTIVE
127,SKU-16-0127,Nova Tool Chest,16,11,336.8313,527.7603,80,ACTIVE
128,SKU-17-0128,Ultra Wool Jumper,17,9,152.3649,224.1727,4000,ACTIVE
129,SKU-18-0129,Apex Blouse,18,28,176.2812,425.9145,4000,ACTIVE
130,SKU-19-0130,Prime School Shorts,19,16,194.1681,296.6436,600,ACTIVE
131,SKU-20-0131,Prime Sandals,20,25,71.7828,116.4270,80,ACTIVE
132,SKU-27-0132,Prime Sleep Tracker,27,30,374.6603,639.6128,400,ACTIVE
133,SKU-28-0133,Lumen Turntable,28,16,193.2703,442.9258,600,ACTIVE
134,SKU-29-0134,Prime Headset,29,12,173.7360,433.3820,600,ACTIVE
135,SKU-30-0135,Plus Espresso Machine,30,6,124.4944,276.3366,400,ACTIVE
136,SKU-31-0136,Studio Mattress Topper,31,30,470.5340,782.5041,120,DISCONTINUED
137,SKU-32-0137,Terra Road Bike,32,15,247.9800,380.1664,120,ACTIVE
138,SKU-33-0138,Terra Fountain Pen,33,15,443.2930,889.8897,120,ACTIVE
139,SKU-34-0139,Eco Serum,34,14,116.4968,290.0546,120,ACTIVE
140,SKU-01-0140,Prime Smartwatch,1,4,291.6546,549.6122,250,ACTIVE
141,SKU-02-0141,Prime Mouse,2,3,304.5992,614.0757,120,DISCONTINUED
142,SKU-03-0142,Swift Handset,3,21,18.0417,39.4428,400,ACTIVE
143,SKU-04-0143,Terra Knife Block,4,23,39.2295,73.8114,2500,ACTIVE
144,SKU-05-0144,Vertex Armchair,5,30,260.9724,623.6867,600,ACTIVE
145,SKU-06-0145,Vertex Planter,6,8,428.7373,1059.6310,2500,ACTIVE
146,SKU-07-0146,Max Board Game,7,21,320.1200,825.5679,600,ACTIVE
147,SKU-08-0147,Classic Dumbbell Set,8,25,298.0263,463.9048,600,ACTIVE
148,SKU-09-0148,Lite Moisturiser,9,20,150.0440,314.5208,600,ACTIVE
149,SKU-10-0149,Nova Granola,10,13,180.2389,446.5437,120,ACTIVE
150,SKU-11-0150,Eco Pet Bowl,11,31,342.2053,597.2637,600,ACTIVE
151,SKU-12-0151,Pro Cookbook,12,13,44.8107,84.8567,4000,ACTIVE
152,SKU-13-0152,Plus Boxset,13,2,5.3796,10.3800,80,ACTIVE
153,SKU-14-0153,Lumen Notebook,14,15,276.0733,408.0431,80,ACTIVE
154,SKU-15-0154,Lite Roof Box,15,13,310.1640,793.0992,4000,ACTIVE
155,SKU-16-0155,Basic Socket Set,16,15,458.1639,1129.1861,120,ACTIVE
156,SKU-17-0156,Lite Blazer,17,1,3.9984,7.3810,120,ACTIVE
157,SKU-18-0157,Swift Blouse,18,30,312.7235,808.8847,2500,ACTIVE
158,SKU-19-0158,Studio Dungarees,19,1,441.1338,981.9352,2500,ACTIVE
159,SKU-20-0159,Lite Loafers,20,3,417.6740,1017.1170,600,ACTIVE
160,SKU-27-0160,Studio Fitness Band,27,26,268.8566,455.6243,120,ACTIVE
161,SKU-28-0161,Max Studio Monitor,28,27,242.3117,607.0409,80,ACTIVE
162,SKU-29-0162,Eco Controller,29,11,169.9590,314.9068,120,ACTIVE
163,SKU-30-0163,Prime Air Fryer,30,21,191.5754,315.4111,4000,ACTIVE
164,SKU-31-0164,Lumen Pillow Set,31,2,374.5065,588.3583,120,ACTIVE
165,SKU-32-0165,Swift Helmet,32,12,234.4776,358.6212,600,ACTIVE
166,SKU-33-0166,Eco Fountain Pen,33,26,402.8930,1036.4810,400,ACTIVE
167,SKU-34-0167,Apex Sun Cream,34,25,286.7466,584.5650,600,ACTIVE
168,SKU-01-0168,Lite Speaker,1,24,42.0546,100.7570,400,ACTIVE
169,SKU-02-0169,Plus Laptop,2,26,56.2436,96.6339,600,ACTIVE
170,SKU-03-0170,Ultra Phone Case,3,24,98.0386,250.1615,400,ACTIVE
171,SKU-04-0171,Eco Blender,4,15,166.3378,389.0635,80,ACTIVE
172,SKU-05-0172,Classic Bookcase,5,13,277.4152,580.7063,1200,ACTIVE
173,SKU-06-0173,Prime Fire Pit,6,25,68.9068,102.2383,600,ACTIVE
174,SKU-07-0174,Basic Building Blocks,7,6,400.0746,696.0832,4000,ACTIVE
175,SKU-08-0175,Prime Dumbbell Set,8,13,473.5575,901.8064,2500,ACTIVE
176,SKU-09-0176,Prime Vitamin Pack,9,27,474.6088,821.3475,600,ACTIVE
177,SKU-10-0177,Pro Olive Oil,10,23,290.8454,644.9974,80,ACTIVE
178,SKU-11-0178,Apex Cat Tree,11,17,58.3816,85.6069,250,ACTIVE
179,SKU-12-0179,Studio Cookbook,12,24,435.9960,682.7826,600,ACTIVE
180,SKU-13-0180,Eco Boxset,13,21,366.1604,932.2199,250,ACTIVE
181,SKU-14-0181,Nova Notebook,14,14,30.1202,45.9932,1200,ACTIVE
182,SKU-15-0182,Ultra Jump Starter,15,12,475.7759,705.0340,2500,ACTIVE
183,SKU-16-0183,Max Workbench,16,28,367.5409,892.2030,250,ACTIVE
184,SKU-17-0184,Basic Wool Jumper,17,14,186.4308,342.2472,600,ACTIVE
185,SKU-18-0185,Terra Wrap Dress,18,12,221.6128,542.4471,120,ACTIVE
186,SKU-19-0186,Basic Kids Hoodie,19,28,220.3763,428.5377,1200,ACTIVE
187,SKU-20-0187,Plus Boots,20,15,100.6067,251.8381,2500,ACTIVE
188,SKU-27-0188,Studio Smart Ring,27,2,461.7216,752.1252,2500,ACTIVE
189,SKU-28-0189,Vertex Turntable,28,4,375.6006,836.4309,1200,ACTIVE
190,SKU-29-0190,Classic Controller,29,13,211.1486,325.8970,4000,DISCONTINUED
191,SKU-30-0191,Terra Espresso Machine,30,6,390.6420,575.0670,2500,DISCONTINUED
192,SKU-31-0192,Terra Throw,31,15,436.6279,773.3212,600,ACTIVE
193,SKU-32-0193,Studio Pannier,32,25,48.5022,98.2316,80,DISCONTINUED
194,SKU-33-0194,Studio Sketchbook,33,1,164.5061,305.0129,1200,ACTIVE
195,SKU-34-0195,Eco Face Mask,34,6,156.6356,289.1844,600,ACTIVE
196,SKU-01-0196,Classic Speaker,1,23,149.5530,267.8302,80,ACTIVE
197,SKU-02-0197,Eco Laptop,2,18,251.1473,387.3047,120,ACTIVE
198,SKU-03-0198,Vertex Handset,3,23,478.5244,934.1017,400,ACTIVE
199,SKU-04-0199,Max Toaster,4,5,317.8103,563.5552,1200,ACTIVE
200,SKU-05-0200,Ultra Stool,5,7,341.8778,830.2405,2500,ACTIVE
201,SKU-06-0201,Max Planter,6,7,40.9460,83.5468,600,ACTIVE
202,SKU-07-0202,Prime Board Game,7,5,91.2142,147.3353,4000,ACTIVE
203,SKU-08-0203,Lite Treadmill,8,28,31.1040,78.5218,1200,ACTIVE
204,SKU-09-0204,Eco Moisturiser,9,5,268.6821,590.9132,400,ACTIVE
205,SKU-10-0205,Terra Olive Oil,10,8,397.6285,607.1479,1200,ACTIVE
206,SKU-11-0206,Classic Dog Bed,11,22,381.6146,747.7207,120,DISCONTINUED
207,SKU-12-0207,Lite Hardback,12,18,133.6785,342.3501,120,ACTIVE
208,SKU-13-0208,Plus Vinyl Record,13,31,403.3382,1017.5348,250,ACTIVE
209,SKU-14-0209,Lite Whiteboard,14,8,455.2821,990.9456,80,ACTIVE
210,SKU-15-0210,Lite Roof Box,15,29,316.0310,744.4042,80,ACTIVE
211,SKU-16-0211,Ultra Socket Set,16,7,234.9775,482.5603,250,ACTIVE
212,SKU-17-0212,Basic Oxford Shirt,17,6,212.0262,313.2064,120,ACTIVE
213,SKU-18-0213,Terra Trench Coat,18,22,20.2140,49.9167,400,ACTIVE
214,SKU-19-0214,Vertex School Shorts,19,4,54.5931,134.4501,600,ACTIVE
215,SKU-20-0215,Nova Boots,20,11,169.5396,246.2454,120,ACTIVE
216,SKU-27-0216,Vertex Fitness Band,27,11,212.9043,504.7467,2500,ACTIVE
217,SKU-28-0217,Prime Turntable,28,17,293.9948,727.7531,600,ACTIVE
218,SKU-29-0218,Basic Gaming Chair,29,31,118.0912,172.9612,1200,ACTIVE
219,SKU-30-0219,Lite Stand Mixer,30,21,148.6750,352.3541,4000,ACTIVE
220,SKU-31-0220,Studio Mattress Topper,31,11,84.8637,183.8501,4000,ACTIVE
221,SKU-32-0221,Apex Road Bike,32,8,96.8095,239.7765,80,ACTIVE
222,SKU-33-0222,Classic Planner,33,8,238.2802,408.5863,80,ACTIVE
223,SKU-34-0223,Vertex Sun Cream,34,15,249.6307,540.6307,250,ACTIVE
224,SKU-01-0224,Vertex Speaker,1,21,307.6010,704.1921,1200,ACTIVE
225,SKU-02-0225,Classic Monitor,2,13,168.0185,252.1301,80,ACTIVE
226,SKU-03-0226,Vertex Power Bank,3,6,128.5521,313.2715,400,ACTIVE
227,SKU-04-0227,Lite Blender,4,23,417.5332,741.1412,400,ACTIVE
228,SKU-05-0228,Terra Desk,5,29,326.8757,622.9739,600,ACTIVE
229,SKU-06-0229,Terra Parasol,6,10,238.6013,443.6614,400,ACTIVE
230,SKU-07-0230,Terra Board Game,7,13,226.1133,436.4689,400,ACTIVE
231,SKU-08-0231,Terra Dumbbell Set,8,22,374.7159,667.5665,120,ACTIVE
232,SKU-09-0232,Eco Shampoo,9,14,267.8428,596.5849,400,ACTIVE
233,SKU-10-0233,Prime Coffee Beans,10,26,180.7037,434.3616,80,ACTIVE
234,SKU-11-0234,Prime Lead & Harness,11,25,297.2767,642.0013,400,ACTIVE
235,SKU-12-0235,Lite Hardback,12,17,122.0749,207.0994,80,ACTIVE
236,SKU-13-0236,Classic Vinyl Record,13,28,451.2295,991.0183,250,ACTIVE
237,SKU-14-0237,Apex Filing Tray,14,14,379.7774,911.6970,600,ACTIVE
238,SKU-15-0238,Plus Jump Starter,15,20,318.8835,599.0468,4000,ACTIVE
239,SKU-16-0239,Vertex Workbench,16,23,252.5843,637.2322,1200,ACTIVE
240,SKU-17-0240,Basic Chinos,17,24,123.9427,256.5339,120,ACTIVE
241,SKU-18-0241,Pro Cardigan,18,3,140.2733,313.8417,80,ACTIVE
242,SKU-19-0242,Studio Dungarees,19,31,84.9503,141.5615,80,ACTIVE
243,SKU-20-0243,Swift Loafers,20,19,388.3853,738.9033,400,ACTIVE
244,SKU-27-0244,Prime Sleep Tracker,27,28,80.8193,148.6962,120,ACTIVE
245,SKU-28-0245,Pro Studio Monitor,28,24,405.4459,938.8828,2500,ACTIVE
246,SKU-29-0246,Classic Capture Card,29,24,372.3004,936.5786,1200,ACTIVE
247,SKU-30-0247,Vertex Espresso Machine,30,18,77.7499,157.5515,400,ACTIVE
248,SKU-31-0248,Lite Mattress Topper,31,23,157.0333,386.3567,2500,ACTIVE
249,SKU-32-0249,Basic Helmet,32,15,315.9245,721.7144,1200,ACTIVE
250,SKU-33-0250,Ultra Planner,33,22,478.1542,818.2757,2500,ACTIVE
251,SKU-34-0251,Basic Serum,34,12,146.0292,270.8169,1200,ACTIVE
252,SKU-01-0252,Apex Speaker,1,16,89.4523,204.2411,400,ACTIVE
253,SKU-02-0253,Lumen Docking Station,2,21,31.3547,76.0005,400,DISCONTINUED
254,SKU-03-0254,Swift Screen Guard,3,25,310.4249,682.7402,400,ACTIVE
255,SKU-04-0255,Lite Blender,4,14,232.8328,577.7107,80,ACTIVE
256,SKU-05-0256,Nova Dining Table,5,29,318.7456,605.1877,400,ACTIVE
257,SKU-06-0257,Lite Parasol,6,23,300.4283,463.1551,80,ACTIVE
258,SKU-07-0258,Pro Action Figure,7,1,174.6977,411.3311,4000,ACTIVE
259,SKU-08-0259,Eco Treadmill,8,11,296.3931,613.8423,80,ACTIVE
260,SKU-09-0260,Vertex Vitamin Pack,9,23,207.4454,337.7477,2500,DISCONTINUED
261,SKU-10-0261,Terra Olive Oil,10,22,48.2104,89.4588,80,ACTIVE
262,SKU-11-0262,Pro Pet Bowl,11,26,71.9617,114.1961,1200,ACTIVE
263,SKU-12-0263,Max Atlas,12,12,420.0040,996.1866,1200,ACTIVE
264,SKU-13-0264,Apex Soundtrack,13,30,344.5171,619.6929,80,ACTIVE
265,SKU-14-0265,Nova Notebook,14,11,405.0418,711.6313,1200,ACTIVE
266,SKU-15-0266,Lumen Car Mat Set,15,27,160.5508,380.9129,80,ACTIVE
267,SKU-16-0267,Classic Workbench,16,20,252.9480,519.6090,2500,ACTIVE
268,SKU-17-0268,Nova Blazer,17,23,461.3659,1146.0631,250,ACTIVE
269,SKU-18-0269,Apex Wrap Dress,18,12,98.9261,240.8888,120,ACTIVE
270,SKU-19-0270,Lite School Shorts,19,22,240.9375,374.3731,400,ACTIVE
271,SKU-20-0271,Classic Sandals,20,19,441.5830,971.7477,120,ACTIVE
272,SKU-27-0272,Basic Sleep Tracker,27,18,313.9498,560.7656,400,ACTIVE
273,SKU-28-0273,Ultra Soundbar,28,16,330.2839,769.3573,400,ACTIVE
274,SKU-29-0274,Nova Gaming Chair,29,25,81.0461,187.0087,250,ACTIVE
275,SKU-30-0275,Lumen Espresso Machine,30,5,188.8330,467.4362,4000,ACTIVE
276,SKU-31-0276,Ultra Duvet,31,8,150.2405,222.0131,4000,ACTIVE
277,SKU-32-0277,Lumen Helmet,32,9,376.6985,867.2133,80,ACTIVE
278,SKU-33-0278,Studio Label Maker,33,29,106.3640,183.7929,1200,ACTIVE
279,SKU-34-0279,Terra Sun Cream,34,4,415.6909,1060.0196,80,ACTIVE
280,SKU-01-0280,Plus Charger,1,12,193.2841,398.4281,600,ACTIVE
281,SKU-02-0281,Apex Laptop,2,2,185.7165,300.0139,2500,ACTIVE
282,SKU-03-0282,Prime Handset,3,10,63.6400,152.7421,250,ACTIVE
283,SKU-04-0283,Vertex Toaster,4,29,145.9346,219.9402,4000,ACTIVE
284,SKU-05-0284,Basic Desk,5,30,344.1249,799.9586,1200,ACTIVE
285,SKU-06-0285,Plus Planter,6,31,475.0885,936.9370,1200,ACTIVE
286,SKU-07-0286,Classic Board Game,7,11,401.5934,815.9917,80,ACTIVE
287,SKU-08-0287,Lumen Treadmill,8,21,423.0489,783.3568,2500,ACTIVE
288,SKU-09-0288,Basic Toothbrush,9,10,130.4022,227.9070,400,ACTIVE
289,SKU-10-0289,Basic Pasta Pack,10,24,107.5587,204.4599,80,ACTIVE
290,SKU-11-0290,Pro Lead & Harness,11,12,252.2238,445.5739,250,ACTIVE
291,SKU-12-0291,Ultra Cookbook,12,17,404.3853,1012.3220,2500,ACTIVE
292,SKU-13-0292,Pro Soundtrack,13,21,427.5554,1011.5495,600,ACTIVE
293,SKU-14-0293,Prime Whiteboard,14,28,91.7402,211.5109,600,ACTIVE
294,SKU-15-0294,Prime Dash Cam,15,23,417.4538,667.5472,2500,ACTIVE
295,SKU-16-0295,Eco Socket Set,16,15,54.7834,107.6760,600,ACTIVE
296,SKU-17-0296,Lumen Blazer,17,13,109.5230,161.7176,600,ACTIVE
297,SKU-18-0297,Lite Trench Coat,18,27,301.9804,527.4430,2500,ACTIVE
298,SKU-19-0298,Nova Dungarees,19,4,347.3059,527.0836,600,ACTIVE
299,SKU-20-0299,Vertex Boots,20,4,327.4120,790.3224,400,ACTIVE
300,SKU-27-0300,Eco Fitness Band,27,2,122.3318,255.8652,250,ACTIVE
301,SKU-28-0301,Eco Studio Monitor,28,2,140.1421,325.1459,400,ACTIVE
302,SKU-29-0302,Studio Capture Card,29,17,76.3100,142.7062,400,ACTIVE
303,SKU-30-0303,Prime Air Fryer,30,3,376.5177,946.6610,120,ACTIVE
304,SKU-31-0304,Max Pillow Set,31,4,463.8766,833.5765,80,ACTIVE
305,SKU-32-0305,Basic Bike Lock,32,7,308.2403,475.0749,120,ACTIVE
306,SKU-33-0306,Terra Sketchbook,33,29,28.0979,45.2886,1200,ACTIVE
307,SKU-34-0307,Ultra Face Mask,34,30,328.7935,816.0786,400,ACTIVE
308,SKU-01-0308,Lite Charger,1,8,16.2719,24.6935,2500,ACTIVE
309,SKU-02-0309,Classic Monitor,2,15,360.8752,687.6749,250,ACTIVE
310,SKU-03-0310,Basic Screen Guard,3,29,362.4835,597.6992,400,ACTIVE
311,SKU-04-0311,Studio Blender,4,22,401.0181,584.8243,2500,ACTIVE
312,SKU-05-0312,Eco Bookcase,5,23,442.9847,1107.9293,250,ACTIVE
313,SKU-06-0313,Prime Fire Pit,6,19,12.0366,23.8010,80,ACTIVE
314,SKU-07-0314,Nova Board Game,7,17,43.7088,83.8308,400,ACTIVE
315,SKU-08-0315,Max Treadmill,8,30,446.8938,847.5739,2500,ACTIVE
316,SKU-09-0316,Plus Toothbrush,9,14,277.4611,695.5884,4000,ACTIVE
317,SKU-10-0317,Classic Pasta Pack,10,12,373.8119,849.6895,400,ACTIVE
318,SKU-11-0318,Max Pet Bowl,11,27,76.9896,182.1019,600,ACTIVE
319,SKU-12-0319,Lumen Paperback,12,8,267.0678,446.7245,400,ACTIVE
320,SKU-13-0320,Terra Soundtrack,13,20,147.1565,256.0160,120,ACTIVE
321,SKU-14-0321,Terra Notebook,14,3,289.6915,439.3161,80,ACTIVE
322,SKU-15-0322,Apex Roof Box,15,12,99.6429,167.2031,600,ACTIVE
323,SKU-16-0323,Max Tool Chest,16,28,107.4069,256.5031,250,ACTIVE
324,SKU-17-0324,Basic Blazer,17,18,429.7628,992.3940,4000,ACTIVE
325,SKU-18-0325,Apex Trench Coat,18,20,269.1686,577.5439,4000,ACTIVE
326,SKU-19-0326,Prime Dungarees,19,16,333.3481,649.9211,1200,ACTIVE
327,SKU-20-0327,Terra Boots,20,15,420.8517,940.0599,250,ACTIVE
328,SKU-27-0328,Apex Smart Ring,27,22,127.7335,199.8365,2500,ACTIVE
329,SKU-28-0329,Eco Turntable,28,4,448.9458,859.0208,250,ACTIVE
330,SKU-29-0330,Lumen Gaming Chair,29,16,422.9149,815.5389,4000,DISCONTINUED
331,SKU-30-0331,Basic Espresso Machine,30,18,56.9662,95.7872,80,ACTIVE
332,SKU-31-0332,Ultra Mattress Topper,31,10,429.3230,804.1149,2500,ACTIVE
333,SKU-32-0333,Classic Road Bike,32,5,414.8360,676.6315,1200,ACTIVE
334,SKU-33-0334,Apex Fountain Pen,33,10,364.1019,665.9836,120,ACTIVE
335,SKU-34-0335,Terra Sun Cream,34,1,240.4348,401.5025,2500,ACTIVE
336,SKU-01-0336,Prime Smartwatch,1,1,299.2618,517.6546,600,ACTIVE
337,SKU-02-0337,Vertex Docking Station,2,30,138.7592,276.7184,80,ACTIVE
338,SKU-03-0338,Pro Phone Case,3,8,110.1266,245.2931,4000,ACTIVE
339,SKU-04-0339,Basic Blender,4,18,227.1986,401.5615,250,DISCONTINUED
340,SKU-05-0340,Nova Bookcase,5,14,332.4063,609.1927,1200,ACTIVE
341,SKU-06-0341,Lumen Parasol,6,12,199.2642,448.8059,250,ACTIVE
342,SKU-07-0342,Lite Board Game,7,1,153.3784,284.6329,600,ACTIVE
343,SKU-08-0343,Eco Water Bottle,8,3,274.2477,489.5137,4000,ACTIVE
344,SKU-09-0344,Pro Toothbrush,9,1,181.7119,442.8354,80,ACTIVE
345,SKU-10-0345,Studio Granola,10,1,390.5050,727.8752,4000,DISCONTINUED
346,SKU-11-0346,Swift Dog Bed,11,31,134.3873,211.3340,1200,ACTIVE
347,SKU-12-0347,Studio Hardback,12,17,368.1938,623.3423,4000,ACTIVE
348,SKU-13-0348,Max Soundtrack,13,28,396.5258,589.5156,120,ACTIVE
349,SKU-14-0349,Lite Whiteboard,14,12,78.1041,129.3173,400,ACTIVE
350,SKU-15-0350,Lumen Dash Cam,15,19,426.9631,989.4009,4000,ACTIVE
351,SKU-16-0351,Classic Drill,16,4,125.9755,311.9395,80,ACTIVE
352,SKU-17-0352,Vertex Blazer,17,11,272.0305,618.4921,2500,ACTIVE
353,SKU-18-0353,Classic Blouse,18,21,366.0602,803.8116,1200,ACTIVE
354,SKU-19-0354,Classic Dungarees,19,31,451.5822,883.7451,80,ACTIVE
355,SKU-20-0355,Pro Sandals,20,3,75.3266,109.4109,250,ACTIVE
356,SKU-27-0356,Basic Sleep Tracker,27,6,217.6990,371.9830,4000,ACTIVE
357,SKU-28-0357,Max Studio Monitor,28,14,221.4159,540.9099,80,ACTIVE
358,SKU-29-0358,Basic Capture Card,29,17,456.0597,883.0260,4000,DISCONTINUED
359,SKU-30-0359,Pro Espresso Machine,30,5,216.2112,360.8812,600,ACTIVE
360,SKU-31-0360,Terra Duvet,31,8,318.1772,513.9953,80,ACTIVE
361,SKU-32-0361,Classic Pannier,32,11,127.8478,253.1482,600,ACTIVE
362,SKU-33-0362,Prime Label Maker,33,28,256.5935,589.0328,400,ACTIVE
363,SKU-34-0363,Classic Sun Cream,34,30,430.3696,1082.2874,400,ACTIVE
364,SKU-01-0364,Terra Smartwatch,1,12,235.2772,510.9636,1200,DISCONTINUED
365,SKU-02-0365,Eco Docking Station,2,28,137.7000,242.4253,600,ACTIVE
366,SKU-03-0366,Eco Phone Case,3,12,406.9738,884.6148,2500,ACTIVE
367,SKU-04-0367,Plus Blender,4,29,424.8538,836.8076,80,ACTIVE
368,SKU-05-0368,Ultra Dining Table,5,17,345.7150,655.4254,1200,ACTIVE
369,SKU-06-0369,Max Hose Reel,6,15,390.9443,881.4905,2500,ACTIVE
370,SKU-07-0370,Classic Puzzle,7,7,233.1137,528.3383,4000,ACTIVE
371,SKU-08-0371,Prime Dumbbell Set,8,15,223.2531,570.5651,120,ACTIVE
372,SKU-09-0372,Eco Shampoo,9,31,102.4892,233.1100,400,ACTIVE
373,SKU-10-0373,Apex Granola,10,10,187.4064,401.5390,400,ACTIVE
374,SKU-11-0374,Nova Cat Tree,11,28,98.7259,210.7538,80,ACTIVE
375,SKU-12-0375,Swift Atlas,12,19,183.8456,348.0138,2500,ACTIVE
376,SKU-13-0376,Classic Blu-ray,13,6,357.6969,619.7327,250,ACTIVE
377,SKU-14-0377,Terra Filing Tray,14,22,47.5178,77.9982,2500,ACTIVE
378,SKU-15-0378,Studio Dash Cam,15,12,212.5333,361.7184,2500,ACTIVE
379,SKU-16-0379,Lumen Socket Set,16,17,61.4132,107.5985,120,ACTIVE
380,SKU-17-0380,Nova Oxford Shirt,17,29,315.3562,539.7245,80,ACTIVE
381,SKU-18-0381,Lite Wrap Dress,18,13,68.8925,116.9917,80,ACTIVE
382,SKU-19-0382,Eco Kids Hoodie,19,3,119.9591,228.2398,2500,ACTIVE
383,SKU-20-0383,Apex Loafers,20,18,8.8132,17.8325,2500,ACTIVE
384,SKU-27-0384,Ultra Fitness Band,27,23,75.2910,151.7247,1200,ACTIVE
385,SKU-28-0385,Prime Earbuds,28,16,78.8975,150.9564,250,ACTIVE
386,SKU-29-0386,Nova Capture Card,29,9,383.4495,641.2242,2500,DISCONTINUED
387,SKU-30-0387,Lite Espresso Machine,30,17,275.9214,424.0648,4000,ACTIVE
388,SKU-31-0388,Plus Pillow Set,31,9,126.1785,267.8154,600,ACTIVE
389,SKU-32-0389,Lite Bike Lock,32,20,405.1007,968.6889,80,ACTIVE
390,SKU-33-0390,Terra Sketchbook,33,19,270.0284,515.6207,4000,ACTIVE
391,SKU-34-0391,Classic Face Mask,34,11,147.5313,218.9527,80,ACTIVE
392,SKU-01-0392,Basic Smartwatch,1,5,430.1539,823.0814,600,ACTIVE
393,SKU-02-0393,Eco Monitor,2,19,405.2873,611.4081,600,ACTIVE
394,SKU-03-0394,Max Screen Guard,3,10,304.4316,464.0104,120,ACTIVE
395,SKU-04-0395,Eco Knife Block,4,3,144.4811,357.5705,1200,ACTIVE
396,SKU-05-0396,Lumen Desk,5,17,287.3966,522.5215,250,ACTIVE
397,SKU-06-0397,Prime Hose Reel,6,22,404.8971,832.1394,4000,ACTIVE
398,SKU-07-0398,Studio Action Figure,7,4,247.3364,496.0626,600,ACTIVE
399,SKU-08-0399,Classic Dumbbell Set,8,5,266.2827,628.7399,400,ACTIVE
400,SKU-09-0400,Studio Toothbrush,9,30,125.1320,312.6523,1200,ACTIVE
401,SKU-10-0401,Apex Pasta Pack,10,20,190.9494,389.1012,400,ACTIVE
402,SKU-11-0402,Ultra Cat Tree,11,15,170.0857,281.4303,120,ACTIVE
403,SKU-12-0403,Prime Hardback,12,11,83.6798,129.2567,250,ACTIVE
404,SKU-13-0404,Pro Vinyl Record,13,10,231.9669,481.8599,600,ACTIVE
405,SKU-14-0405,Plus Whiteboard,14,18,416.1320,757.4530,2500,ACTIVE
406,SKU-15-0406,Lite Roof Box,15,5,462.2642,1122.6765,2500,ACTIVE
407,SKU-16-0407,Lite Drill,16,25,124.5433,200.5676,600,ACTIVE
408,SKU-17-0408,Basic Wool Jumper,17,23,299.8443,599.0413,250,ACTIVE
409,SKU-18-0409,Apex Trench Coat,18,10,256.3687,555.8894,120,ACTIVE
410,SKU-19-0410,Plus School Shorts,19,22,222.5802,481.2950,120,DISCONTINUED
411,SKU-20-0411,Studio Trainers,20,13,206.7401,371.0660,120,DISCONTINUED
412,SKU-27-0412,Pro Sleep Tracker,27,17,172.3744,322.6709,600,ACTIVE
413,SKU-28-0413,Nova Turntable,28,10,88.8079,146.5836,1200,ACTIVE
414,SKU-29-0414,Basic Gaming Chair,29,12,50.1745,122.3340,120,ACTIVE
415,SKU-30-0415,Eco Air Fryer,30,22,154.3442,301.6314,120,ACTIVE
416,SKU-31-0416,Basic Mattress Topper,31,22,446.4487,1083.9025,80,ACTIVE
417,SKU-32-0417,Apex Road Bike,32,26,218.8907,374.5131,1200,ACTIVE
418,SKU-33-0418,Prime Planner,33,3,179.9437,271.5979,600,ACTIVE
419,SKU-34-0419,Apex Sun Cream,34,13,246.4422,404.0998,120,ACTIVE
420,SKU-01-0420,Basic Smartwatch,1,6,428.9447,1086.8774,400,ACTIVE
421,SKU-02-0421,Pro Laptop,2,31,110.5436,217.4504,120,ACTIVE
422,SKU-03-0422,Lite Screen Guard,3,15,474.6309,1014.7649,1200,ACTIVE
423,SKU-04-0423,Classic Cookware Set,4,7,111.1606,206.1411,4000,ACTIVE
424,SKU-05-0424,Terra Stool,5,13,228.3350,332.9159,120,ACTIVE
425,SKU-06-0425,Lumen Parasol,6,13,61.7872,131.5877,600,ACTIVE
426,SKU-07-0426,Terra Building Blocks,7,18,52.8548,126.1608,1200,ACTIVE
427,SKU-08-0427,Max Dumbbell Set,8,4,140.0956,291.9912,80,ACTIVE
428,SKU-09-0428,Max Toothbrush,9,20,456.8194,1047.8014,2500,ACTIVE
429,SKU-10-0429,Eco Coffee Beans,10,19,462.4777,808.7762,80,ACTIVE
430,SKU-11-0430,Apex Cat Tree,11,16,112.6054,275.6515,120,ACTIVE
431,SKU-12-0431,Ultra Paperback,12,3,215.3815,414.2340,1200,ACTIVE
432,SKU-13-0432,Classic Vinyl Record,13,14,114.6491,271.8874,2500,ACTIVE
433,SKU-14-0433,Prime Filing Tray,14,31,347.3554,773.9024,250,ACTIVE
434,SKU-15-0434,Swift Dash Cam,15,14,440.7602,753.6950,80,ACTIVE
435,SKU-16-0435,Swift Workbench,16,5,168.4230,258.0693,250,ACTIVE
436,SKU-17-0436,Prime Blazer,17,13,453.3423,1112.2167,4000,ACTIVE
437,SKU-18-0437,Lite Wrap Dress,18,4,348.0653,799.6701,120,ACTIVE
438,SKU-19-0438,Pro Kids Hoodie,19,12,270.4189,522.0522,80,ACTIVE
439,SKU-20-0439,Eco Loafers,20,21,342.9646,630.2713,250,ACTIVE
440,SKU-27-0440,Basic Fitness Band,27,25,129.4031,298.3376,400,ACTIVE
441,SKU-28-0441,Plus Turntable,28,12,176.2085,439.0704,1200,ACTIVE
442,SKU-29-0442,Classic Gaming Chair,29,26,247.4065,533.3940,1200,ACTIVE
443,SKU-30-0443,Apex Air Fryer,30,20,333.1400,677.5214,2500,ACTIVE
444,SKU-31-0444,Lite Duvet,31,20,316.9715,700.1360,250,ACTIVE
445,SKU-32-0445,Swift Pannier,32,31,375.9681,937.3850,120,ACTIVE
446,SKU-33-0446,Max Label Maker,33,11,189.1503,343.0042,4000,ACTIVE
447,SKU-34-0447,Apex Serum,34,20,33.1983,82.5006,400,ACTIVE
448,SKU-01-0448,Lite Speaker,1,29,129.1894,205.2430,4000,ACTIVE
449,SKU-02-0449,Lite Laptop,2,23,246.4031,584.5680,250,ACTIVE
450,SKU-03-0450,Terra Screen Guard,3,5,178.6671,302.1916,2500,ACTIVE
451,SKU-04-0451,Eco Blender,4,26,184.2430,397.4758,1200,ACTIVE
452,SKU-05-0452,Swift Stool,5,10,112.7323,186.7315,400,ACTIVE
453,SKU-06-0453,Vertex Trimmer,6,2,190.9885,303.7424,250,ACTIVE
454,SKU-07-0454,Lite Puzzle,7,6,287.6610,596.4130,80,ACTIVE
455,SKU-08-0455,Nova Dumbbell Set,8,31,415.1575,667.4489,120,ACTIVE
456,SKU-09-0456,Prime Moisturiser,9,11,123.5128,198.1861,600,ACTIVE
457,SKU-10-0457,Plus Pasta Pack,10,10,25.1428,45.6672,4000,ACTIVE
458,SKU-11-0458,Terra Cat Tree,11,2,75.7877,195.4596,2500,ACTIVE
459,SKU-12-0459,Nova Paperback,12,4,238.7251,580.2097,250,ACTIVE
460,SKU-13-0460,Plus Vinyl Record,13,8,120.6430,248.8781,600,ACTIVE
461,SKU-14-0461,Swift Filing Tray,14,18,97.3481,233.3315,600,ACTIVE
462,SKU-15-0462,Apex Jump Starter,15,26,110.3424,212.7429,250,ACTIVE
463,SKU-16-0463,Lite Workbench,16,28,39.7827,95.3050,120,ACTIVE
464,SKU-17-0464,Eco Chinos,17,20,204.9787,386.2647,80,ACTIVE
465,SKU-18-0465,Swift Wrap Dress,18,24,279.4133,590.6296,1200,ACTIVE
466,SKU-19-0466,Plus Dungarees,19,19,133.0539,292.2577,120,ACTIVE
467,SKU-20-0467,Ultra Loafers,20,25,401.2148,887.9045,4000,ACTIVE
468,SKU-27-0468,Vertex Fitness Band,27,24,347.3988,743.3445,4000,ACTIVE
469,SKU-28-0469,Ultra Turntable,28,5,303.6501,723.8803,80,ACTIVE
470,SKU-29-0470,Vertex Capture Card,29,15,125.7459,214.9180,250,ACTIVE
471,SKU-30-0471,Vertex Espresso Machine,30,4,123.7716,245.1390,80,ACTIVE
472,SKU-31-0472,Prime Mattress Topper,31,4,446.4066,753.9085,1200,ACTIVE
473,SKU-32-0473,Swift Road Bike,32,28,3.9663,6.8043,400,ACTIVE
474,SKU-33-0474,Plus Label Maker,33,23,43.2444,78.5573,80,ACTIVE
475,SKU-34-0475,Swift Cleanser,34,1,76.2287,167.2374,400,ACTIVE
476,SKU-01-0476,Max Speaker,1,2,190.1574,427.4839,2500,ACTIVE
477,SKU-02-0477,Lite Monitor,2,20,440.5635,911.5519,120,ACTIVE
478,SKU-03-0478,Plus Power Bank,3,28,437.8461,815.6955,400,ACTIVE
479,SKU-04-0479,Vertex Cookware Set,4,10,110.3268,286.1474,1200,ACTIVE
480,SKU-05-0480,Prime Dining Table,5,8,117.5617,215.5646,250,ACTIVE
481,SKU-06-0481,Ultra Fire Pit,6,26,192.3064,326.6174,80,ACTIVE
482,SKU-07-0482,Classic Building Blocks,7,27,300.4966,767.9107,400,ACTIVE
483,SKU-08-0483,Pro Treadmill,8,14,37.4863,59.8452,4000,ACTIVE
484,SKU-09-0484,Terra Moisturiser,9,4,45.9547,83.7644,2500,ACTIVE
485,SKU-10-0485,Terra Coffee Beans,10,16,152.9671,352.3559,600,ACTIVE
486,SKU-11-0486,Eco Dog Bed,11,19,301.6512,547.8360,600,ACTIVE
487,SKU-12-0487,Eco Cookbook,12,12,25.7418,64.4395,400,ACTIVE
488,SKU-13-0488,Prime Soundtrack,13,15,260.4625,425.2863,250,ACTIVE
489,SKU-14-0489,Vertex Filing Tray,14,12,198.1109,404.9114,600,ACTIVE
490,SKU-15-0490,Lite Roof Box,15,13,355.7994,760.1579,400,ACTIVE
491,SKU-16-0491,Classic Socket Set,16,30,465.7250,1208.3239,80,ACTIVE
492,SKU-17-0492,Max Blazer,17,13,151.6896,355.5410,1200,ACTIVE
493,SKU-18-0493,Classic Blouse,18,30,40.6792,81.6959,400,ACTIVE
494,SKU-19-0494,Eco School Shorts,19,27,288.5101,596.8192,4000,ACTIVE
495,SKU-20-0495,Eco Boots,20,25,444.9082,763.5007,80,ACTIVE
496,SKU-27-0496,Pro Smart Ring,27,5,474.8127,990.8770,1200,ACTIVE
497,SKU-28-0497,Basic Studio Monitor,28,27,197.7646,446.9106,250,ACTIVE
498,SKU-29-0498,Terra Controller,29,29,421.4012,973.0178,600,ACTIVE
499,SKU-30-0499,Prime Stand Mixer,30,15,394.5711,617.3547,80,ACTIVE
500,SKU-31-0500,Swift Mattress Topper,31,10,37.6717,59.4751,1200,DISCONTINUED
501,SKU-32-0501,Apex Bike Lock,32,17,181.9382,272.5374,80,ACTIVE
502,SKU-33-0502,Lite Label Maker,33,24,234.9358,439.2274,80,ACTIVE
503,SKU-34-0503,Lite Face Mask,34,19,362.0192,885.1949,2500,ACTIVE
504,SKU-01-0504,Vertex Charger,1,29,183.7448,359.3977,600,ACTIVE
505,SKU-02-0505,Swift Monitor,2,22,330.2680,651.5749,1200,ACTIVE
506,SKU-03-0506,Pro Handset,3,8,217.6150,469.7850,80,ACTIVE
507,SKU-04-0507,Ultra Cookware Set,4,30,108.1085,261.3570,120,ACTIVE
508,SKU-05-0508,Studio Desk,5,14,47.4880,77.7848,250,ACTIVE
509,SKU-06-0509,Terra Trimmer,6,23,457.4770,1099.2717,250,DISCONTINUED
510,SKU-07-0510,Studio Action Figure,7,7,460.2824,722.1327,2500,ACTIVE
511,SKU-08-0511,Lumen Water Bottle,8,18,131.5214,279.4769,600,ACTIVE
512,SKU-09-0512,Swift Moisturiser,9,13,234.6378,383.1895,2500,ACTIVE
513,SKU-10-0513,Classic Olive Oil,10,26,340.5529,828.8068,2500,ACTIVE
514,SKU-11-0514,Classic Cat Tree,11,7,307.7696,629.2775,600,ACTIVE
515,SKU-12-0515,Plus Paperback,12,22,182.9009,290.2147,4000,ACTIVE
516,SKU-13-0516,Eco Blu-ray,13,12,4.2823,9.9703,250,ACTIVE
517,SKU-14-0517,Eco Desk Lamp,14,1,248.9575,560.0493,250,ACTIVE
518,SKU-15-0518,Pro Dash Cam,15,23,281.7317,477.1432,80,ACTIVE
519,SKU-16-0519,Terra Workbench,16,18,473.8947,774.6450,4000,ACTIVE
520,SKU-17-0520,Max Chinos,17,26,73.8515,117.5014,120,ACTIVE
521,SKU-18-0521,Studio Blouse,18,31,16.1922,24.0830,4000,ACTIVE
522,SKU-19-0522,Pro School Shorts,19,29,148.7450,349.8232,250,ACTIVE
523,SKU-20-0523,Nova Sandals,20,21,471.1216,1106.5186,120,ACTIVE
524,SKU-27-0524,Classic Sleep Tracker,27,25,412.0233,768.1767,4000,ACTIVE
525,SKU-28-0525,Ultra Earbuds,28,8,178.6540,464.1621,1200,ACTIVE
526,SKU-29-0526,Max Capture Card,29,8,202.7384,346.6500,1200,ACTIVE
527,SKU-30-0527,Apex Air Fryer,30,16,117.5951,189.0416,2500,ACTIVE
528,SKU-31-0528,Terra Pillow Set,31,11,476.7207,769.2613,600,ACTIVE
529,SKU-32-0529,Eco Bike Lock,32,16,76.3712,146.3020,1200,ACTIVE
530,SKU-33-0530,Prime Fountain Pen,33,24,171.7804,264.8127,2500,ACTIVE
531,SKU-34-0531,Swift Serum,34,18,158.0899,391.4067,2500,ACTIVE
532,SKU-01-0532,Lumen Smartwatch,1,31,237.3682,606.8915,1200,ACTIVE
533,SKU-02-0533,Prime Monitor,2,30,15.5373,26.9948,2500,ACTIVE
534,SKU-03-0534,Prime Phone Case,3,19,78.2764,194.2345,600,ACTIVE
535,SKU-04-0535,Vertex Cookware Set,4,16,116.3540,288.5397,4000,ACTIVE
536,SKU-05-0536,Max Dining Table,5,2,313.5414,733.8127,4000,ACTIVE
537,SKU-06-0537,Prime Hose Reel,6,27,323.1060,830.2807,4000,ACTIVE
538,SKU-07-0538,Studio Board Game,7,1,361.9303,559.6491,4000,ACTIVE
539,SKU-08-0539,Max Water Bottle,8,21,21.7996,55.8224,250,ACTIVE
540,SKU-09-0540,Ultra Toothbrush,9,23,76.6118,154.6409,400,ACTIVE
541,SKU-10-0541,Basic Pasta Pack,10,28,212.5409,543.6900,120,ACTIVE
542,SKU-11-0542,Terra Dog Bed,11,9,422.2944,794.5178,4000,ACTIVE
543,SKU-12-0543,Plus Cookbook,12,1,315.8992,765.2284,600,ACTIVE
544,SKU-13-0544,Ultra Boxset,13,18,382.7493,929.2478,120,ACTIVE
545,SKU-14-0545,Pro Whiteboard,14,12,99.7921,235.8232,120,ACTIVE
546,SKU-15-0546,Prime Car Mat Set,15,9,226.3182,346.8379,600,ACTIVE
547,SKU-16-0547,Terra Drill,16,11,324.9514,719.4459,2500,ACTIVE
548,SKU-17-0548,Prime Oxford Shirt,17,18,380.0886,666.0463,2500,ACTIVE
549,SKU-18-0549,Vertex Wrap Dress,18,8,69.0830,103.4851,80,ACTIVE
550,SKU-19-0550,Vertex Dungarees,19,2,90.7411,167.6698,120,ACTIVE
551,SKU-20-0551,Prime Loafers,20,20,273.2843,460.0323,1200,ACTIVE
552,SKU-27-0552,Terra Smart Ring,27,22,326.9372,797.5948,120,ACTIVE
553,SKU-28-0553,Terra Turntable,28,24,357.1737,581.0951,80,ACTIVE
554,SKU-29-0554,Pro Controller,29,3,250.9989,381.9392,400,ACTIVE
555,SKU-30-0555,Prime Stand Mixer,30,19,19.8078,47.0699,1200,ACTIVE
556,SKU-31-0556,Pro Duvet,31,1,214.3231,376.4416,4000,ACTIVE
557,SKU-32-0557,Nova Helmet,32,23,120.6125,199.1707,250,ACTIVE
558,SKU-33-0558,Vertex Sketchbook,33,7,417.9245,821.1691,1200,ACTIVE
559,SKU-34-0559,Swift Serum,34,10,51.3490,126.9548,2500,ACTIVE
560,SKU-01-0560,Nova Charger,1,27,29.8360,54.4369,80,DISCONTINUED
561,SKU-02-0561,Classic Keyboard,2,19,208.3700,378.1039,80,ACTIVE
562,SKU-03-0562,Pro Screen Guard,3,28,225.4891,586.2102,4000,ACTIVE
563,SKU-04-0563,Studio Knife Block,4,7,205.6713,531.2148,2500,ACTIVE
564,SKU-05-0564,Ultra Bookcase,5,22,17.4811,26.8675,250,ACTIVE
565,SKU-06-0565,Prime Hose Reel,6,31,132.5284,334.9485,250,ACTIVE
566,SKU-07-0566,Swift Action Figure,7,29,197.8884,425.1084,400,ACTIVE
567,SKU-08-0567,Lite Yoga Mat,8,22,182.8836,371.2140,2500,ACTIVE
568,SKU-09-0568,Ultra Shampoo,9,2,344.7602,835.0840,600,ACTIVE
569,SKU-10-0569,Basic Coffee Beans,10,1,119.0616,239.4132,80,ACTIVE
570,SKU-11-0570,Classic Pet Bowl,11,7,463.2236,823.6153,4000,ACTIVE
571,SKU-12-0571,Classic Atlas,12,22,18.5800,36.9603,80,ACTIVE
572,SKU-13-0572,Lite Boxset,13,24,78.5942,200.0149,80,ACTIVE
573,SKU-14-0573,Eco Whiteboard,14,1,79.5151,177.2983,120,ACTIVE
574,SKU-15-0574,Pro Dash Cam,15,18,70.3662,116.7927,1200,ACTIVE
575,SKU-16-0575,Basic Drill,16,9,213.4237,398.3180,120,ACTIVE
576,SKU-17-0576,Apex Chinos,17,23,211.9426,327.4801,4000,ACTIVE
577,SKU-18-0577,Vertex Cardigan,18,15,190.5970,406.6575,400,ACTIVE
578,SKU-19-0578,Apex Kids Hoodie,19,31,241.1655,372.9052,250,ACTIVE
579,SKU-20-0579,Ultra Sandals,20,6,213.3949,516.9654,4000,ACTIVE
580,SKU-27-0580,Pro Fitness Band,27,26,172.8462,284.6089,4000,ACTIVE
581,SKU-28-0581,Apex Soundbar,28,1,20.5333,47.6795,1200,ACTIVE
582,SKU-29-0582,Swift Capture Card,29,31,395.9839,861.0995,80,ACTIVE
583,SKU-30-0583,Classic Air Fryer,30,12,239.4679,478.1454,4000,ACTIVE
584,SKU-31-0584,Prime Throw,31,30,438.5068,860.0693,4000,ACTIVE
585,SKU-32-0585,Studio Road Bike,32,14,78.2988,139.6508,120,ACTIVE
586,SKU-33-0586,Swift Sketchbook,33,6,328.8625,735.2547,250,ACTIVE
587,SKU-34-0587,Eco Face Mask,34,9,356.1329,616.5299,4000,ACTIVE
588,SKU-01-0588,Prime Charger,1,17,361.7880,734.2371,120,ACTIVE
589,SKU-02-0589,Basic Mouse,2,5,374.5830,890.0836,400,ACTIVE
590,SKU-03-0590,Terra Screen Guard,3,15,32.4594,82.7862,4000,ACTIVE
591,SKU-04-0591,Swift Knife Block,4,13,200.9099,307.2782,400,ACTIVE
592,SKU-05-0592,Pro Bookcase,5,2,168.7122,293.1371,600,ACTIVE
593,SKU-06-0593,Classic Hose Reel,6,7,454.1990,1128.9932,2500,ACTIVE
594,SKU-07-0594,Basic Puzzle,7,2,354.6858,699.1210,4000,ACTIVE
595,SKU-08-0595,Plus Yoga Mat,8,21,9.5901,18.5927,600,ACTIVE
596,SKU-09-0596,Nova Toothbrush,9,15,308.8454,527.1556,2500,ACTIVE
597,SKU-10-0597,Nova Granola,10,10,322.3598,558.1786,2500,ACTIVE
598,SKU-11-0598,Nova Pet Bowl,11,15,367.3382,928.9932,80,ACTIVE
599,SKU-12-0599,Lumen Cookbook,12,29,158.2230,281.6035,1200,ACTIVE
600,SKU-13-0600,Apex Blu-ray,13,19,390.6185,674.8011,400,ACTIVE
