PromotionId,PromoCode,Description,PromoType,DiscountPct,DiscountAmt,MinSpend,CategoryId,EffectiveFrom,EffectiveTo,MaxRedemptions,IsActive
1,SAVE10,10% off everything,PCT,10.000,,,,2026-01-01,2026-12-31,,1
2,WELCOME15,15% off orders over 50,PCT,15.000,,50.0000,,2026-01-01,2026-12-31,,1
3,20OFF100,20 off when you spend 100,AMOUNT,,20.0000,100.0000,,2026-01-01,2026-12-31,1000,1
4,BOOKS5,5% off Books,PCT,5.000,,,12,2026-01-01,2026-12-31,,1
5,FREESHIP,Free shipping,FREESHIP,,,75.0000,,2026-01-01,2026-12-31,,1
6,VIP25,25% VIP,PCT,25.000,,200.0000,,2026-01-01,2026-06-30,100,1
7,EXPIRED5,old promo,PCT,5.000,,,,2024-01-01,2024-12-31,,0
8,SPRING20,20% off spring range,PCT,20.000,,,,2026-03-01,2026-05-31,,0
9,SUMMER15,15% off summer,PCT,15.000,,40.0000,,2026-06-01,2026-08-31,,1
10,TECH10,10% off technology,PCT,10.000,,,21,2026-01-01,2026-12-31,,1
11,AUDIO25,25% off audio,PCT,25.000,,60.0000,28,2026-05-01,2026-09-30,500,1
12,GAMING5,5% off gaming,PCT,5.000,,,29,2026-01-01,2026-12-31,,1
13,10OFF50,10 off when you spend 50,AMOUNT,,10.0000,50.0000,,2026-01-01,2026-12-31,2000,1
14,25OFF150,25 off when you spend 150,AMOUNT,,25.0000,150.0000,,2026-01-01,2026-12-31,800,1
15,50OFF300,50 off when you spend 300,AMOUNT,,50.0000,300.0000,,2026-04-01,2026-10-31,300,1
16,BOGOSOCKS,Buy one get one free,BOGO,,,,20,2026-01-01,2026-12-31,,1
17,BOGOBOOKS,Buy one get one on books,BOGO,,,,12,2026-02-01,2026-11-30,1000,1
18,SHIPFREE,Free shipping over 100,FREESHIP,,,100.0000,,2026-01-01,2026-12-31,,1
19,SHIPVIP,Free shipping for VIP,FREESHIP,,,,,2026-01-01,2026-12-31,,1
20,KITCHEN12,12% off kitchen,PCT,12.000,,,30,2026-06-01,2026-12-31,,1
21,BEAUTY18,18% off skincare,PCT,18.000,,35.0000,34,2026-05-15,2026-08-15,600,1
22,LAPSED30,Winback 30% off,PCT,30.000,,75.0000,,2026-07-01,2026-07-31,250,1
23,EXPIRED10,old 10% promo,PCT,10.000,,,,2025-01-01,2025-06-30,,0
24,MAXEDOUT,fully redeemed promo,PCT,5.000,,,,2026-01-01,2026-12-31,1,1
