FromCurrency,ToCurrency,RateDate,Rate
USD,AUD,2026-05-03,1.5195
USD,CAD,2026-05-03,1.3540
USD,CHF,2026-05-03,0.8881
USD,DKK,2026-05-03,6.8780
USD,EUR,2026-05-03,0.9264
USD,GBP,2026-05-03,0.7863
USD,JPY,2026-05-03,156.8395
USD,MXN,2026-05-03,18.2316
USD,NOK,2026-05-03,10.8788
USD,PLN,2026-05-03,4.0619
USD,SEK,2026-05-03,10.5835
USD,AUD,2026-05-04,1.5138
USD,CAD,2026-05-04,1.3514
USD,CHF,2026-05-04,0.8852
USD,DKK,2026-05-04,6.8707
USD,EUR,2026-05-04,0.9248
USD,GBP,2026-05-04,0.7891
USD,JPY,2026-05-04,156.9322
USD,MXN,2026-05-04,18.2633
USD,NOK,2026-05-04,10.8744
USD,PLN,2026-05-04,4.0537
USD,SEK,2026-05-04,10.5452
USD,AUD,2026-05-05,1.5188
USD,CAD,2026-05-05,1.3540
USD,CHF,2026-05-05,0.8825
USD,DKK,2026-05-05,6.8494
USD,EUR,2026-05-05,0.9228
USD,GBP,2026-05-05,0.7876
USD,JPY,2026-05-05,156.3110
USD,MXN,2026-05-05,18.2108
USD,NOK,2026-05-05,10.8804
USD,PLN,2026-05-05,4.0509
USD,SEK,2026-05-05,10.5596
USD,AUD,2026-05-06,1.5195
USD,CAD,2026-05-06,1.3527
USD,CHF,2026-05-06,0.8792
USD,DKK,2026-05-06,6.8485
USD,EUR,2026-05-06,0.9260
USD,GBP,2026-05-06,0.7855
USD,JPY,2026-05-06,156.4575
USD,MXN,2026-05-06,18.2646
USD,NOK,2026-05-06,10.8436
USD,PLN,2026-05-06,4.0607
USD,SEK,2026-05-06,10.5962
USD,AUD,2026-05-07,1.5159
USD,CAD,2026-05-07,1.3476
USD,CHF,2026-05-07,0.8771
USD,DKK,2026-05-07,6.8603
USD,EUR,2026-05-07,0.9296
USD,GBP,2026-05-07,0.7869
USD,JPY,2026-05-07,156.5173
USD,MXN,2026-05-07,18.2707
USD,NOK,2026-05-07,10.8523
USD,PLN,2026-05-07,4.0665
USD,SEK,2026-05-07,10.6367
USD,AUD,2026-05-08,1.5189
USD,CAD,2026-05-08,1.3488
USD,CHF,2026-05-08,0.8800
USD,DKK,2026-05-08,6.8624
USD,EUR,2026-05-08,0.9286
USD,GBP,2026-05-08,0.7863
USD,JPY,2026-05-08,155.9035
USD,MXN,2026-05-08,18.3361
USD,NOK,2026-05-08,10.8396
USD,PLN,2026-05-08,4.0700
USD,SEK,2026-05-08,10.6503
USD,AUD,2026-05-09,1.5142
USD,CAD,2026-05-09,1.3434
USD,CHF,2026-05-09,0.8796
USD,DKK,2026-05-09,6.8545
USD,EUR,2026-05-09,0.9313
USD,GBP,2026-05-09,0.7869
USD,JPY,2026-05-09,155.3380
USD,MXN,2026-05-09,18.3145
USD,NOK,2026-05-09,10.8156
USD,PLN,2026-05-09,4.0683
USD,SEK,2026-05-09,10.6282
USD,AUD,2026-05-10,1.5202
USD,CAD,2026-05-10,1.3394
USD,CHF,2026-05-10,0.8801
USD,DKK,2026-05-10,6.8393
USD,EUR,2026-05-10,0.9298
USD,GBP,2026-05-10,0.7848
USD,JPY,2026-05-10,155.2524
USD,MXN,2026-05-10,18.3523
USD,NOK,2026-05-10,10.7878
USD,PLN,2026-05-10,4.0782
USD,SEK,2026-05-10,10.6091
USD,AUD,2026-05-11,1.5249
USD,CAD,2026-05-11,1.3388
USD,CHF,2026-05-11,0.8805
USD,DKK,2026-05-11,6.8161
USD,EUR,2026-05-11,0.9270
USD,GBP,2026-05-11,0.7838
USD,JPY,2026-05-11,155.3091
USD,MXN,2026-05-11,18.3601
USD,NOK,2026-05-11,10.7506
USD,PLN,2026-05-11,4.0923
USD,SEK,2026-05-11,10.5866
USD,AUD,2026-05-12,1.5196
USD,CAD,2026-05-12,1.3334
USD,CHF,2026-05-12,0.8831
USD,DKK,2026-05-12,6.8186
USD,EUR,2026-05-12,0.9257
USD,GBP,2026-05-12,0.7843
USD,JPY,2026-05-12,155.2521
USD,MXN,2026-05-12,18.3536
USD,NOK,2026-05-12,10.7503
USD,PLN,2026-05-12,4.1067
USD,SEK,2026-05-12,10.5937
USD,AUD,2026-05-13,1.5242
USD,CAD,2026-05-13,1.3287
USD,CHF,2026-05-13,0.8843
USD,DKK,2026-05-13,6.8010
USD,EUR,2026-05-13,0.9283
USD,GBP,2026-05-13,0.7841
USD,JPY,2026-05-13,155.0730
USD,MXN,2026-05-13,18.3730
USD,NOK,2026-05-13,10.7087
USD,PLN,2026-05-13,4.1011
USD,SEK,2026-05-13,10.5659
USD,AUD,2026-05-14,1.5281
USD,CAD,2026-05-14,1.3245
USD,CHF,2026-05-14,0.8814
USD,DKK,2026-05-14,6.7806
USD,EUR,2026-05-14,0.9253
USD,GBP,2026-05-14,0.7832
USD,JPY,2026-05-14,155.5980
USD,MXN,2026-05-14,18.4196
USD,NOK,2026-05-14,10.6674
USD,PLN,2026-05-14,4.0861
USD,SEK,2026-05-14,10.5504
USD,AUD,2026-05-15,1.5269
USD,CAD,2026-05-15,1.3208
USD,CHF,2026-05-15,0.8834
USD,DKK,2026-05-15,6.7888
USD,EUR,2026-05-15,0.9218
USD,GBP,2026-05-15,0.7849
USD,JPY,2026-05-15,155.8065
USD,MXN,2026-05-15,18.4901
USD,NOK,2026-05-15,10.6573
USD,PLN,2026-05-15,4.0790
USD,SEK,2026-05-15,10.5649
USD,AUD,2026-05-16,1.5310
USD,CAD,2026-05-16,1.3240
USD,CHF,2026-05-16,0.8868
USD,DKK,2026-05-16,6.7857
USD,EUR,2026-05-16,0.9216
USD,GBP,2026-05-16,0.7833
USD,JPY,2026-05-16,155.4761
USD,MXN,2026-05-16,18.5296
USD,NOK,2026-05-16,10.6174
USD,PLN,2026-05-16,4.0761
USD,SEK,2026-05-16,10.5848
USD,AUD,2026-05-17,1.5303
USD,CAD,2026-05-17,1.3281
USD,CHF,2026-05-17,0.8903
USD,DKK,2026-05-17,6.8077
USD,EUR,2026-05-17,0.9200
USD,GBP,2026-05-17,0.7820
USD,JPY,2026-05-17,154.9154
USD,MXN,2026-05-17,18.5325
USD,NOK,2026-05-17,10.6410
USD,PLN,2026-05-17,4.0642
USD,SEK,2026-05-17,10.5724
USD,AUD,2026-05-18,1.5328
USD,CAD,2026-05-18,1.3243
USD,CHF,2026-05-18,0.8913
USD,DKK,2026-05-18,6.8258
USD,EUR,2026-05-18,0.9170
USD,GBP,2026-05-18,0.7812
USD,JPY,2026-05-18,154.3875
USD,MXN,2026-05-18,18.5448
USD,NOK,2026-05-18,10.6615
USD,PLN,2026-05-18,4.0522
USD,SEK,2026-05-18,10.5908
USD,AUD,2026-05-19,1.5291
USD,CAD,2026-05-19,1.3278
USD,CHF,2026-05-19,0.8903
USD,DKK,2026-05-19,6.8069
USD,EUR,2026-05-19,0.9142
USD,GBP,2026-05-19,0.7794
USD,JPY,2026-05-19,154.6974
USD,MXN,2026-05-19,18.4921
USD,NOK,2026-05-19,10.6269
USD,PLN,2026-05-19,4.0502
USD,SEK,2026-05-19,10.5985
USD,AUD,2026-05-20,1.5231
USD,CAD,2026-05-20,1.3289
USD,CHF,2026-05-20,0.8927
USD,DKK,2026-05-20,6.7996
USD,EUR,2026-05-20,0.9134
USD,GBP,2026-05-20,0.7807
USD,JPY,2026-05-20,155.0539
USD,MXN,2026-05-20,18.5069
USD,NOK,2026-05-20,10.6032
USD,PLN,2026-05-20,4.0635
USD,SEK,2026-05-20,10.5724
USD,AUD,2026-05-21,1.5257
USD,CAD,2026-05-21,1.3342
USD,CHF,2026-05-21,0.8937
USD,DKK,2026-05-21,6.7794
USD,EUR,2026-05-21,0.9122
USD,GBP,2026-05-21,0.7791
USD,JPY,2026-05-21,155.3238
USD,MXN,2026-05-21,18.5189
USD,NOK,2026-05-21,10.6382
USD,PLN,2026-05-21,4.0706
USD,SEK,2026-05-21,10.5345
USD,AUD,2026-05-22,1.5275
USD,CAD,2026-05-22,1.3312
USD,CHF,2026-05-22,0.8916
USD,DKK,2026-05-22,6.8006
USD,EUR,2026-05-22,0.9150
USD,GBP,2026-05-22,0.7803
USD,JPY,2026-05-22,155.8972
USD,MXN,2026-05-22,18.5754
USD,NOK,2026-05-22,10.5977
USD,PLN,2026-05-22,4.0563
USD,SEK,2026-05-22,10.5061
USD,AUD,2026-05-23,1.5227
USD,CAD,2026-05-23,1.3317
USD,CHF,2026-05-23,0.8951
USD,DKK,2026-05-23,6.7920
USD,EUR,2026-05-23,0.9137
USD,GBP,2026-05-23,0.7802
USD,JPY,2026-05-23,155.5659
USD,MXN,2026-05-23,18.6433
USD,NOK,2026-05-23,10.5611
USD,PLN,2026-05-23,4.0416
USD,SEK,2026-05-23,10.4871
USD,AUD,2026-05-24,1.5183
USD,CAD,2026-05-24,1.3340
USD,CHF,2026-05-24,0.8978
USD,DKK,2026-05-24,6.7929
USD,EUR,2026-05-24,0.9154
USD,GBP,2026-05-24,0.7795
USD,JPY,2026-05-24,156.1127
USD,MXN,2026-05-24,18.6508
USD,NOK,2026-05-24,10.6012
USD,PLN,2026-05-24,4.0361
USD,SEK,2026-05-24,10.5186
USD,AUD,2026-05-25,1.5206
USD,CAD,2026-05-25,1.3330
USD,CHF,2026-05-25,0.8982
USD,DKK,2026-05-25,6.8082
USD,EUR,2026-05-25,0.9185
USD,GBP,2026-05-25,0.7790
USD,JPY,2026-05-25,155.9682
USD,MXN,2026-05-25,18.6849
USD,NOK,2026-05-25,10.6205
USD,PLN,2026-05-25,4.0453
USD,SEK,2026-05-25,10.5409
USD,AUD,2026-05-26,1.5179
USD,CAD,2026-05-26,1.3378
USD,CHF,2026-05-26,0.9013
USD,DKK,2026-05-26,6.8072
USD,EUR,2026-05-26,0.9217
USD,GBP,2026-05-26,0.7811
USD,JPY,2026-05-26,155.4271
USD,MXN,2026-05-26,18.7344
USD,NOK,2026-05-26,10.6086
USD,PLN,2026-05-26,4.0590
USD,SEK,2026-05-26,10.5209
USD,AUD,2026-05-27,1.5170
USD,CAD,2026-05-27,1.3365
USD,CHF,2026-05-27,0.8999
USD,DKK,2026-05-27,6.8066
USD,EUR,2026-05-27,0.9240
USD,GBP,2026-05-27,0.7804
USD,JPY,2026-05-27,155.7852
USD,MXN,2026-05-27,18.7153
USD,NOK,2026-05-27,10.6447
USD,PLN,2026-05-27,4.0431
USD,SEK,2026-05-27,10.4818
USD,AUD,2026-05-28,1.5173
USD,CAD,2026-05-28,1.3332
USD,CHF,2026-05-28,0.8968
USD,DKK,2026-05-28,6.8295
USD,EUR,2026-05-28,0.9203
USD,GBP,2026-05-28,0.7827
USD,JPY,2026-05-28,155.5628
USD,MXN,2026-05-28,18.7389
USD,NOK,2026-05-28,10.6310
USD,PLN,2026-05-28,4.0408
USD,SEK,2026-05-28,10.4820
USD,AUD,2026-05-29,1.5168
USD,CAD,2026-05-29,1.3312
USD,CHF,2026-05-29,0.8957
USD,DKK,2026-05-29,6.8435
USD,EUR,2026-05-29,0.9182
USD,GBP,2026-05-29,0.7827
USD,JPY,2026-05-29,155.0230
USD,MXN,2026-05-29,18.7881
USD,NOK,2026-05-29,10.6148
USD,PLN,2026-05-29,4.0322
USD,SEK,2026-05-29,10.4841
USD,AUD,2026-05-30,1.5200
USD,CAD,2026-05-30,1.3346
USD,CHF,2026-05-30,0.8939
USD,DKK,2026-05-30,6.8316
USD,EUR,2026-05-30,0.9149
USD,GBP,2026-05-30,0.7837
USD,JPY,2026-05-30,154.7363
USD,MXN,2026-05-30,18.7131
USD,NOK,2026-05-30,10.5977
USD,PLN,2026-05-30,4.0310
USD,SEK,2026-05-30,10.4497
USD,AUD,2026-05-31,1.5223
USD,CAD,2026-05-31,1.3345
USD,CHF,2026-05-31,0.8932
USD,DKK,2026-05-31,6.8208
USD,EUR,2026-05-31,0.9185
USD,GBP,2026-05-31,0.7808
USD,JPY,2026-05-31,155.1930
USD,MXN,2026-05-31,18.6398
USD,NOK,2026-05-31,10.6322
USD,PLN,2026-05-31,4.0349
USD,SEK,2026-05-31,10.4468
USD,AUD,2026-06-01,1.5200
USD,CAD,2026-06-01,1.3369
USD,CHF,2026-06-01,0.8899
USD,DKK,2026-06-01,6.8227
USD,EUR,2026-06-01,0.9175
USD,GBP,2026-06-01,0.7798
USD,JPY,2026-06-01,154.9637
USD,MXN,2026-06-01,18.7083
USD,NOK,2026-06-01,10.5932
USD,PLN,2026-06-01,4.0357
USD,SEK,2026-06-01,10.4707
USD,AUD,2026-06-02,1.5166
USD,CAD,2026-06-02,1.3330
USD,CHF,2026-06-02,0.8917
USD,DKK,2026-06-02,6.8047
USD,EUR,2026-06-02,0.9188
USD,GBP,2026-06-02,0.7811
USD,JPY,2026-06-02,154.8916
USD,MXN,2026-06-02,18.6940
USD,NOK,2026-06-02,10.6180
USD,PLN,2026-06-02,4.0199
USD,SEK,2026-06-02,10.4966
USD,AUD,2026-06-03,1.5166
USD,CAD,2026-06-03,1.3320
USD,CHF,2026-06-03,0.8923
USD,DKK,2026-06-03,6.7964
USD,EUR,2026-06-03,0.9194
USD,GBP,2026-06-03,0.7839
USD,JPY,2026-06-03,155.1336
USD,MXN,2026-06-03,18.6572
USD,NOK,2026-06-03,10.6352
USD,PLN,2026-06-03,4.0192
USD,SEK,2026-06-03,10.5138
USD,AUD,2026-06-04,1.5197
USD,CAD,2026-06-04,1.3295
USD,CHF,2026-06-04,0.8920
USD,DKK,2026-06-04,6.8110
USD,EUR,2026-06-04,0.9191
USD,GBP,2026-06-04,0.7824
USD,JPY,2026-06-04,155.5410
USD,MXN,2026-06-04,18.6922
USD,NOK,2026-06-04,10.6772
USD,PLN,2026-06-04,4.0268
USD,SEK,2026-06-04,10.5331
USD,AUD,2026-06-05,1.5140
USD,CAD,2026-06-05,1.3322
USD,CHF,2026-06-05,0.8906
USD,DKK,2026-06-05,6.8170
USD,EUR,2026-06-05,0.9208
USD,GBP,2026-06-05,0.7809
USD,JPY,2026-06-05,156.0034
USD,MXN,2026-06-05,18.7567
USD,NOK,2026-06-05,10.6461
USD,PLN,2026-06-05,4.0181
USD,SEK,2026-06-05,10.5191
USD,AUD,2026-06-06,1.5184
USD,CAD,2026-06-06,1.3327
USD,CHF,2026-06-06,0.8920
USD,DKK,2026-06-06,6.8434
USD,EUR,2026-06-06,0.9198
USD,GBP,2026-06-06,0.7814
USD,JPY,2026-06-06,156.5995
USD,MXN,2026-06-06,18.7194
USD,NOK,2026-06-06,10.6752
USD,PLN,2026-06-06,4.0099
USD,SEK,2026-06-06,10.4932
USD,AUD,2026-06-07,1.5167
USD,CAD,2026-06-07,1.3318
USD,CHF,2026-06-07,0.8890
USD,DKK,2026-06-07,6.8609
USD,EUR,2026-06-07,0.9179
USD,GBP,2026-06-07,0.7791
USD,JPY,2026-06-07,157.0864
USD,MXN,2026-06-07,18.6878
USD,NOK,2026-06-07,10.6783
USD,PLN,2026-06-07,4.0067
USD,SEK,2026-06-07,10.5161
USD,AUD,2026-06-08,1.5145
USD,CAD,2026-06-08,1.3337
USD,CHF,2026-06-08,0.8911
USD,DKK,2026-06-08,6.8481
USD,EUR,2026-06-08,0.9149
USD,GBP,2026-06-08,0.7777
USD,JPY,2026-06-08,156.8862
USD,MXN,2026-06-08,18.6385
USD,NOK,2026-06-08,10.6829
USD,PLN,2026-06-08,4.0218
USD,SEK,2026-06-08,10.4775
USD,AUD,2026-06-09,1.5139
USD,CAD,2026-06-09,1.3384
USD,CHF,2026-06-09,0.8922
USD,DKK,2026-06-09,6.8425
USD,EUR,2026-06-09,0.9124
USD,GBP,2026-06-09,0.7768
USD,JPY,2026-06-09,157.1421
USD,MXN,2026-06-09,18.6178
USD,NOK,2026-06-09,10.6601
USD,PLN,2026-06-09,4.0175
USD,SEK,2026-06-09,10.5057
USD,AUD,2026-06-10,1.5126
USD,CAD,2026-06-10,1.3425
USD,CHF,2026-06-10,0.8925
USD,DKK,2026-06-10,6.8637
USD,EUR,2026-06-10,0.9140
USD,GBP,2026-06-10,0.7776
USD,JPY,2026-06-10,157.1069
USD,MXN,2026-06-10,18.6300
USD,NOK,2026-06-10,10.6266
USD,PLN,2026-06-10,4.0168
USD,SEK,2026-06-10,10.4809
USD,AUD,2026-06-11,1.5125
USD,CAD,2026-06-11,1.3463
USD,CHF,2026-06-11,0.8956
USD,DKK,2026-06-11,6.8574
USD,EUR,2026-06-11,0.9135
USD,GBP,2026-06-11,0.7787
USD,JPY,2026-06-11,157.3780
USD,MXN,2026-06-11,18.6933
USD,NOK,2026-06-11,10.6385
USD,PLN,2026-06-11,4.0262
USD,SEK,2026-06-11,10.4760
USD,AUD,2026-06-12,1.5132
USD,CAD,2026-06-12,1.3422
USD,CHF,2026-06-12,0.8922
USD,DKK,2026-06-12,6.8616
USD,EUR,2026-06-12,0.9115
USD,GBP,2026-06-12,0.7760
USD,JPY,2026-06-12,157.0172
USD,MXN,2026-06-12,18.6447
USD,NOK,2026-06-12,10.6405
USD,PLN,2026-06-12,4.0159
USD,SEK,2026-06-12,10.4920
USD,AUD,2026-06-13,1.5142
USD,CAD,2026-06-13,1.3435
USD,CHF,2026-06-13,0.8923
USD,DKK,2026-06-13,6.8790
USD,EUR,2026-06-13,0.9122
USD,GBP,2026-06-13,0.7752
USD,JPY,2026-06-13,156.7190
USD,MXN,2026-06-13,18.6323
USD,NOK,2026-06-13,10.6101
USD,PLN,2026-06-13,4.0058
USD,SEK,2026-06-13,10.4708
USD,AUD,2026-06-14,1.5097
USD,CAD,2026-06-14,1.3464
USD,CHF,2026-06-14,0.8891
USD,DKK,2026-06-14,6.9016
USD,EUR,2026-06-14,0.9126
USD,GBP,2026-06-14,0.7772
USD,JPY,2026-06-14,156.3141
USD,MXN,2026-06-14,18.6391
USD,NOK,2026-06-14,10.5699
USD,PLN,2026-06-14,3.9907
USD,SEK,2026-06-14,10.4823
USD,AUD,2026-06-15,1.5128
USD,CAD,2026-06-15,1.3482
USD,CHF,2026-06-15,0.8906
USD,DKK,2026-06-15,6.8745
USD,EUR,2026-06-15,0.9151
USD,GBP,2026-06-15,0.7785
USD,JPY,2026-06-15,156.5123
USD,MXN,2026-06-15,18.6873
USD,NOK,2026-06-15,10.5355
USD,PLN,2026-06-15,3.9787
USD,SEK,2026-06-15,10.4543
USD,AUD,2026-06-16,1.5139
USD,CAD,2026-06-16,1.3501
USD,CHF,2026-06-16,0.8939
USD,DKK,2026-06-16,6.8801
USD,EUR,2026-06-16,0.9118
USD,GBP,2026-06-16,0.7759
USD,JPY,2026-06-16,156.0306
USD,MXN,2026-06-16,18.6136
USD,NOK,2026-06-16,10.5532
USD,PLN,2026-06-16,3.9630
USD,SEK,2026-06-16,10.4727
USD,AUD,2026-06-17,1.5169
USD,CAD,2026-06-17,1.3515
USD,CHF,2026-06-17,0.8945
USD,DKK,2026-06-17,6.8578
USD,EUR,2026-06-17,0.9111
USD,GBP,2026-06-17,0.7747
USD,JPY,2026-06-17,156.5892
USD,MXN,2026-06-17,18.6384
USD,NOK,2026-06-17,10.5578
USD,PLN,2026-06-17,3.9592
USD,SEK,2026-06-17,10.4607
USD,AUD,2026-06-18,1.5229
USD,CAD,2026-06-18,1.3505
USD,CHF,2026-06-18,0.8957
USD,DKK,2026-06-18,6.8735
USD,EUR,2026-06-18,0.9098
USD,GBP,2026-06-18,0.7745
USD,JPY,2026-06-18,156.0428
USD,MXN,2026-06-18,18.6014
USD,NOK,2026-06-18,10.5561
USD,PLN,2026-06-18,3.9465
USD,SEK,2026-06-18,10.4568
USD,AUD,2026-06-19,1.5267
USD,CAD,2026-06-19,1.3545
USD,CHF,2026-06-19,0.8988
USD,DKK,2026-06-19,6.8521
USD,EUR,2026-06-19,0.9113
USD,GBP,2026-06-19,0.7765
USD,JPY,2026-06-19,156.1494
USD,MXN,2026-06-19,18.6573
USD,NOK,2026-06-19,10.5629
USD,PLN,2026-06-19,3.9376
USD,SEK,2026-06-19,10.4894
USD,AUD,2026-06-20,1.5240
USD,CAD,2026-06-20,1.3546
USD,CHF,2026-06-20,0.9007
USD,DKK,2026-06-20,6.8664
USD,EUR,2026-06-20,0.9144
USD,GBP,2026-06-20,0.7755
USD,JPY,2026-06-20,155.5353
USD,MXN,2026-06-20,18.6216
USD,NOK,2026-06-20,10.5761
USD,PLN,2026-06-20,3.9465
USD,SEK,2026-06-20,10.4846
USD,AUD,2026-06-21,1.5293
USD,CAD,2026-06-21,1.3528
USD,CHF,2026-06-21,0.9007
USD,DKK,2026-06-21,6.8908
USD,EUR,2026-06-21,0.9172
USD,GBP,2026-06-21,0.7774
USD,JPY,2026-06-21,155.2087
USD,MXN,2026-06-21,18.5937
USD,NOK,2026-06-21,10.5483
USD,PLN,2026-06-21,3.9572
USD,SEK,2026-06-21,10.4533
USD,AUD,2026-06-22,1.5242
USD,CAD,2026-06-22,1.3516
USD,CHF,2026-06-22,0.8991
USD,DKK,2026-06-22,6.8814
USD,EUR,2026-06-22,0.9141
USD,GBP,2026-06-22,0.7782
USD,JPY,2026-06-22,155.0122
USD,MXN,2026-06-22,18.6006
USD,NOK,2026-06-22,10.5556
USD,PLN,2026-06-22,3.9479
USD,SEK,2026-06-22,10.4670
USD,AUD,2026-06-23,1.5229
USD,CAD,2026-06-23,1.3508
USD,CHF,2026-06-23,0.8961
USD,DKK,2026-06-23,6.8816
USD,EUR,2026-06-23,0.9134
USD,GBP,2026-06-23,0.7807
USD,JPY,2026-06-23,154.4509
USD,MXN,2026-06-23,18.6029
USD,NOK,2026-06-23,10.5185
USD,PLN,2026-06-23,3.9429
USD,SEK,2026-06-23,10.4967
USD,AUD,2026-06-24,1.5240
USD,CAD,2026-06-24,1.3551
USD,CHF,2026-06-24,0.8970
USD,DKK,2026-06-24,6.9049
USD,EUR,2026-06-24,0.9118
USD,GBP,2026-06-24,0.7779
USD,JPY,2026-06-24,153.9654
USD,MXN,2026-06-24,18.6281
USD,NOK,2026-06-24,10.5337
USD,PLN,2026-06-24,3.9382
USD,SEK,2026-06-24,10.4679
USD,AUD,2026-06-25,1.5203
USD,CAD,2026-06-25,1.3547
USD,CHF,2026-06-25,0.8939
USD,DKK,2026-06-25,6.9180
USD,EUR,2026-06-25,0.9112
USD,GBP,2026-06-25,0.7785
USD,JPY,2026-06-25,153.5258
USD,MXN,2026-06-25,18.6098
USD,NOK,2026-06-25,10.5285
USD,PLN,2026-06-25,3.9384
USD,SEK,2026-06-25,10.5093
USD,AUD,2026-06-26,1.5168
USD,CAD,2026-06-26,1.3531
USD,CHF,2026-06-26,0.8916
USD,DKK,2026-06-26,6.9018
USD,EUR,2026-06-26,0.9122
USD,GBP,2026-06-26,0.7792
USD,JPY,2026-06-26,153.3821
USD,MXN,2026-06-26,18.6491
USD,NOK,2026-06-26,10.5632
USD,PLN,2026-06-26,3.9348
USD,SEK,2026-06-26,10.5021
USD,AUD,2026-06-27,1.5208
USD,CAD,2026-06-27,1.3520
USD,CHF,2026-06-27,0.8925
USD,DKK,2026-06-27,6.9023
USD,EUR,2026-06-27,0.9092
USD,GBP,2026-06-27,0.7804
USD,JPY,2026-06-27,153.6997
USD,MXN,2026-06-27,18.6561
USD,NOK,2026-06-27,10.5341
USD,PLN,2026-06-27,3.9489
USD,SEK,2026-06-27,10.4905
USD,AUD,2026-06-28,1.5267
USD,CAD,2026-06-28,1.3560
USD,CHF,2026-06-28,0.8891
USD,DKK,2026-06-28,6.9211
USD,EUR,2026-06-28,0.9104
USD,GBP,2026-06-28,0.7790
USD,JPY,2026-06-28,153.2637
USD,MXN,2026-06-28,18.5967
USD,NOK,2026-06-28,10.5028
USD,PLN,2026-06-28,3.9363
USD,SEK,2026-06-28,10.4534
USD,AUD,2026-06-29,1.5292
USD,CAD,2026-06-29,1.3581
USD,CHF,2026-06-29,0.8893
USD,DKK,2026-06-29,6.9346
USD,EUR,2026-06-29,0.9104
USD,GBP,2026-06-29,0.7807
USD,JPY,2026-06-29,153.2002
USD,MXN,2026-06-29,18.6600
USD,NOK,2026-06-29,10.4916
USD,PLN,2026-06-29,3.9401
USD,SEK,2026-06-29,10.4317
USD,AUD,2026-06-30,1.5344
USD,CAD,2026-06-30,1.3583
USD,CHF,2026-06-30,0.8916
USD,DKK,2026-06-30,6.9143
USD,EUR,2026-06-30,0.9104
USD,GBP,2026-06-30,0.7789
USD,JPY,2026-06-30,153.2903
USD,MXN,2026-06-30,18.5990
USD,NOK,2026-06-30,10.5082
USD,PLN,2026-06-30,3.9253
USD,SEK,2026-06-30,10.4539
USD,AUD,2026-07-01,1.5388
USD,CAD,2026-07-01,1.3621
USD,CHF,2026-07-01,0.8894
USD,DKK,2026-07-01,6.9315
USD,EUR,2026-07-01,0.9109
USD,GBP,2026-07-01,0.7782
USD,JPY,2026-07-01,153.3249
USD,MXN,2026-07-01,18.5352
USD,NOK,2026-07-01,10.5411
USD,PLN,2026-07-01,3.9206
USD,SEK,2026-07-01,10.4141
USD,AUD,2026-07-02,1.5427
USD,CAD,2026-07-02,1.3581
USD,CHF,2026-07-02,0.8928
USD,DKK,2026-07-02,6.9129
USD,EUR,2026-07-02,0.9096
USD,GBP,2026-07-02,0.7776
USD,JPY,2026-07-02,153.8199
USD,MXN,2026-07-02,18.4634
USD,NOK,2026-07-02,10.5232
USD,PLN,2026-07-02,3.9312
USD,SEK,2026-07-02,10.3843
USD,AUD,2026-07-03,1.5448
USD,CAD,2026-07-03,1.3559
USD,CHF,2026-07-03,0.8904
USD,DKK,2026-07-03,6.9121
USD,EUR,2026-07-03,0.9095
USD,GBP,2026-07-03,0.7782
USD,JPY,2026-07-03,154.1703
USD,MXN,2026-07-03,18.4757
USD,NOK,2026-07-03,10.4972
USD,PLN,2026-07-03,3.9205
USD,SEK,2026-07-03,10.3815
USD,AUD,2026-07-04,1.5409
USD,CAD,2026-07-04,1.3576
USD,CHF,2026-07-04,0.8927
USD,DKK,2026-07-04,6.9017
USD,EUR,2026-07-04,0.9079
USD,GBP,2026-07-04,0.7797
USD,JPY,2026-07-04,153.8499
USD,MXN,2026-07-04,18.4690
USD,NOK,2026-07-04,10.5251
USD,PLN,2026-07-04,3.9286
USD,SEK,2026-07-04,10.3665
USD,AUD,2026-07-05,1.5352
USD,CAD,2026-07-05,1.3528
USD,CHF,2026-07-05,0.8946
USD,DKK,2026-07-05,6.8751
USD,EUR,2026-07-05,0.9079
USD,GBP,2026-07-05,0.7825
USD,JPY,2026-07-05,153.2392
USD,MXN,2026-07-05,18.5065
USD,NOK,2026-07-05,10.5485
USD,PLN,2026-07-05,3.9406
USD,SEK,2026-07-05,10.3944
USD,AUD,2026-07-06,1.5314
USD,CAD,2026-07-06,1.3514
USD,CHF,2026-07-06,0.8971
USD,DKK,2026-07-06,6.8855
USD,EUR,2026-07-06,0.9060
USD,GBP,2026-07-06,0.7849
USD,JPY,2026-07-06,153.1567
USD,MXN,2026-07-06,18.5679
USD,NOK,2026-07-06,10.5204
USD,PLN,2026-07-06,3.9432
USD,SEK,2026-07-06,10.3643
USD,AUD,2026-07-07,1.5258
USD,CAD,2026-07-07,1.3497
USD,CHF,2026-07-07,0.8967
USD,DKK,2026-07-07,6.8783
USD,EUR,2026-07-07,0.9092
USD,GBP,2026-07-07,0.7845
USD,JPY,2026-07-07,153.4763
USD,MXN,2026-07-07,18.5250
USD,NOK,2026-07-07,10.5412
USD,PLN,2026-07-07,3.9508
USD,SEK,2026-07-07,10.3269
USD,AUD,2026-07-08,1.5318
USD,CAD,2026-07-08,1.3455
USD,CHF,2026-07-08,0.8970
USD,DKK,2026-07-08,6.8685
USD,EUR,2026-07-08,0.9082
USD,GBP,2026-07-08,0.7853
USD,JPY,2026-07-08,153.0310
USD,MXN,2026-07-08,18.5236
USD,NOK,2026-07-08,10.5405
USD,PLN,2026-07-08,3.9633
USD,SEK,2026-07-08,10.3016
USD,AUD,2026-07-09,1.5377
USD,CAD,2026-07-09,1.3491
USD,CHF,2026-07-09,0.8993
USD,DKK,2026-07-09,6.8856
USD,EUR,2026-07-09,0.9115
USD,GBP,2026-07-09,0.7880
USD,JPY,2026-07-09,152.9731
USD,MXN,2026-07-09,18.5301
USD,NOK,2026-07-09,10.5270
USD,PLN,2026-07-09,3.9697
USD,SEK,2026-07-09,10.2660
USD,AUD,2026-07-10,1.5381
USD,CAD,2026-07-10,1.3508
USD,CHF,2026-07-10,0.9002
USD,DKK,2026-07-10,6.9130
USD,EUR,2026-07-10,0.9086
USD,GBP,2026-07-10,0.7873
USD,JPY,2026-07-10,152.5771
USD,MXN,2026-07-10,18.4618
USD,NOK,2026-07-10,10.4863
USD,PLN,2026-07-10,3.9705
USD,SEK,2026-07-10,10.3044
USD,AUD,2026-07-11,1.5405
USD,CAD,2026-07-11,1.3553
USD,CHF,2026-07-11,0.9022
USD,DKK,2026-07-11,6.8915
USD,EUR,2026-07-11,0.9060
USD,GBP,2026-07-11,0.7888
USD,JPY,2026-07-11,152.5917
USD,MXN,2026-07-11,18.4243
USD,NOK,2026-07-11,10.4926
USD,PLN,2026-07-11,3.9763
USD,SEK,2026-07-11,10.2860
USD,AUD,2026-07-12,1.5420
USD,CAD,2026-07-12,1.3538
USD,CHF,2026-07-12,0.8988
USD,DKK,2026-07-12,6.8678
USD,EUR,2026-07-12,0.9094
USD,GBP,2026-07-12,0.7907
USD,JPY,2026-07-12,152.3857
USD,MXN,2026-07-12,18.3808
USD,NOK,2026-07-12,10.4531
USD,PLN,2026-07-12,3.9856
USD,SEK,2026-07-12,10.2964
USD,AUD,2026-07-13,1.5385
USD,CAD,2026-07-13,1.3534
USD,CHF,2026-07-13,0.8966
USD,DKK,2026-07-13,6.8815
USD,EUR,2026-07-13,0.9069
USD,GBP,2026-07-13,0.7905
USD,JPY,2026-07-13,152.5008
USD,MXN,2026-07-13,18.3795
USD,NOK,2026-07-13,10.4405
USD,PLN,2026-07-13,3.9992
USD,SEK,2026-07-13,10.2851
USD,AUD,2026-07-14,1.5343
USD,CAD,2026-07-14,1.3491
USD,CHF,2026-07-14,0.8973
USD,DKK,2026-07-14,6.8776
USD,EUR,2026-07-14,0.9071
USD,GBP,2026-07-14,0.7934
USD,JPY,2026-07-14,152.5470
USD,MXN,2026-07-14,18.3466
USD,NOK,2026-07-14,10.4361
USD,PLN,2026-07-14,4.0078
USD,SEK,2026-07-14,10.2688
USD,AUD,2026-07-15,1.5302
USD,CAD,2026-07-15,1.3471
USD,CHF,2026-07-15,0.8975
USD,DKK,2026-07-15,6.8673
USD,EUR,2026-07-15,0.9068
USD,GBP,2026-07-15,0.7957
USD,JPY,2026-07-15,152.0732
USD,MXN,2026-07-15,18.3092
USD,NOK,2026-07-15,10.4339
USD,PLN,2026-07-15,4.0214
USD,SEK,2026-07-15,10.2885
USD,AUD,2026-07-16,1.5310
USD,CAD,2026-07-16,1.3495
USD,CHF,2026-07-16,0.8949
USD,DKK,2026-07-16,6.8622
USD,EUR,2026-07-16,0.9046
USD,GBP,2026-07-16,0.7949
USD,JPY,2026-07-16,151.4895
USD,MXN,2026-07-16,18.3682
USD,NOK,2026-07-16,10.4308
USD,PLN,2026-07-16,4.0202
USD,SEK,2026-07-16,10.2755
USD,AUD,2026-07-17,1.5329
USD,CAD,2026-07-17,1.3539
USD,CHF,2026-07-17,0.8982
USD,DKK,2026-07-17,6.8731
USD,EUR,2026-07-17,0.9020
USD,GBP,2026-07-17,0.7977
USD,JPY,2026-07-17,151.2399
USD,MXN,2026-07-17,18.4338
USD,NOK,2026-07-17,10.4240
USD,PLN,2026-07-17,4.0068
USD,SEK,2026-07-17,10.2913
USD,AUD,2026-07-18,1.5325
USD,CAD,2026-07-18,1.3502
USD,CHF,2026-07-18,0.8990
USD,DKK,2026-07-18,6.8799
USD,EUR,2026-07-18,0.8991
USD,GBP,2026-07-18,0.7998
USD,JPY,2026-07-18,151.0086
USD,MXN,2026-07-18,18.4868
USD,NOK,2026-07-18,10.3874
USD,PLN,2026-07-18,4.0222
USD,SEK,2026-07-18,10.2724
USD,AUD,2026-07-19,1.5272
USD,CAD,2026-07-19,1.3532
USD,CHF,2026-07-19,0.8970
USD,DKK,2026-07-19,6.8962
USD,EUR,2026-07-19,0.8980
USD,GBP,2026-07-19,0.7974
USD,JPY,2026-07-19,151.4392
USD,MXN,2026-07-19,18.5531
USD,NOK,2026-07-19,10.3776
USD,PLN,2026-07-19,4.0190
USD,SEK,2026-07-19,10.2701
USD,AUD,2026-07-20,1.5314
USD,CAD,2026-07-20,1.3548
USD,CHF,2026-07-20,0.8945
USD,DKK,2026-07-20,6.8879
USD,EUR,2026-07-20,0.8983
USD,GBP,2026-07-20,0.7949
USD,JPY,2026-07-20,151.1632
USD,MXN,2026-07-20,18.4884
USD,NOK,2026-07-20,10.3417
USD,PLN,2026-07-20,4.0307
USD,SEK,2026-07-20,10.2375
USD,AUD,2026-07-21,1.5298
USD,CAD,2026-07-21,1.3601
USD,CHF,2026-07-21,0.8952
USD,DKK,2026-07-21,6.8996
USD,EUR,2026-07-21,0.8962
USD,GBP,2026-07-21,0.7948
USD,JPY,2026-07-21,150.9314
USD,MXN,2026-07-21,18.4721
USD,NOK,2026-07-21,10.3512
USD,PLN,2026-07-21,4.0370
USD,SEK,2026-07-21,10.2240
USD,AUD,2026-07-22,1.5339
USD,CAD,2026-07-22,1.3566
USD,CHF,2026-07-22,0.8987
USD,DKK,2026-07-22,6.9227
USD,EUR,2026-07-22,0.8976
USD,GBP,2026-07-22,0.7925
USD,JPY,2026-07-22,150.4078
USD,MXN,2026-07-22,18.4397
USD,NOK,2026-07-22,10.3607
USD,PLN,2026-07-22,4.0360
USD,SEK,2026-07-22,10.2056
USD,AUD,2026-07-23,1.5307
USD,CAD,2026-07-23,1.3565
USD,CHF,2026-07-23,0.9019
USD,DKK,2026-07-23,6.9191
USD,EUR,2026-07-23,0.8941
USD,GBP,2026-07-23,0.7930
USD,JPY,2026-07-23,150.1826
USD,MXN,2026-07-23,18.4467
USD,NOK,2026-07-23,10.3630
USD,PLN,2026-07-23,4.0404
USD,SEK,2026-07-23,10.2203
USD,AUD,2026-07-24,1.5328
USD,CAD,2026-07-24,1.3540
USD,CHF,2026-07-24,0.8992
USD,DKK,2026-07-24,6.9424
USD,EUR,2026-07-24,0.8965
USD,GBP,2026-07-24,0.7945
USD,JPY,2026-07-24,149.8011
USD,MXN,2026-07-24,18.4816
USD,NOK,2026-07-24,10.3329
USD,PLN,2026-07-24,4.0381
USD,SEK,2026-07-24,10.2556
USD,AUD,2026-07-25,1.5332
USD,CAD,2026-07-25,1.3504
USD,CHF,2026-07-25,0.8977
USD,DKK,2026-07-25,6.9283
USD,EUR,2026-07-25,0.8994
USD,GBP,2026-07-25,0.7930
USD,JPY,2026-07-25,149.2643
USD,MXN,2026-07-25,18.4722
USD,NOK,2026-07-25,10.3077
USD,PLN,2026-07-25,4.0249
USD,SEK,2026-07-25,10.2251
USD,AUD,2026-07-26,1.5280
USD,CAD,2026-07-26,1.3493
USD,CHF,2026-07-26,0.8994
USD,DKK,2026-07-26,6.9335
USD,EUR,2026-07-26,0.8970
USD,GBP,2026-07-26,0.7937
USD,JPY,2026-07-26,149.7205
USD,MXN,2026-07-26,18.5427
USD,NOK,2026-07-26,10.3254
USD,PLN,2026-07-26,4.0193
USD,SEK,2026-07-26,10.2567
USD,AUD,2026-07-27,1.5223
USD,CAD,2026-07-27,1.3482
USD,CHF,2026-07-27,0.8958
USD,DKK,2026-07-27,6.9287
USD,EUR,2026-07-27,0.8944
USD,GBP,2026-07-27,0.7946
USD,JPY,2026-07-27,149.4007
USD,MXN,2026-07-27,18.5930
USD,NOK,2026-07-27,10.3561
USD,PLN,2026-07-27,4.0138
USD,SEK,2026-07-27,10.2576
USD,AUD,2026-07-28,1.5262
USD,CAD,2026-07-28,1.3494
USD,CHF,2026-07-28,0.8967
USD,DKK,2026-07-28,6.9488
USD,EUR,2026-07-28,0.8927
USD,GBP,2026-07-28,0.7939
USD,JPY,2026-07-28,149.2309
USD,MXN,2026-07-28,18.6576
USD,NOK,2026-07-28,10.3308
USD,PLN,2026-07-28,4.0062
USD,SEK,2026-07-28,10.2877
USD,AUD,2026-07-29,1.5311
USD,CAD,2026-07-29,1.3480
USD,CHF,2026-07-29,0.8962
USD,DKK,2026-07-29,6.9666
USD,EUR,2026-07-29,0.8958
USD,GBP,2026-07-29,0.7936
USD,JPY,2026-07-29,148.7956
USD,MXN,2026-07-29,18.6282
USD,NOK,2026-07-29,10.2921
USD,PLN,2026-07-29,4.0130
USD,SEK,2026-07-29,10.2883
USD,AUD,2026-07-30,1.5336
USD,CAD,2026-07-30,1.3480
USD,CHF,2026-07-30,0.8952
USD,DKK,2026-07-30,6.9699
USD,EUR,2026-07-30,0.8987
USD,GBP,2026-07-30,0.7956
USD,JPY,2026-07-30,148.7326
USD,MXN,2026-07-30,18.5766
USD,NOK,2026-07-30,10.2685
USD,PLN,2026-07-30,4.0011
USD,SEK,2026-07-30,10.2679
USD,AUD,2026-07-31,1.5384
USD,CAD,2026-07-31,1.3427
USD,CHF,2026-07-31,0.8940
USD,DKK,2026-07-31,6.9775
USD,EUR,2026-07-31,0.8995
USD,GBP,2026-07-31,0.7936
USD,JPY,2026-07-31,148.8647
USD,MXN,2026-07-31,18.5270
USD,NOK,2026-07-31,10.3073
USD,PLN,2026-07-31,3.9919
USD,SEK,2026-07-31,10.2883
