WarehouseId,ProductId,QtyOnHand,QtyAllocated,QtyOnOrder,ReorderPoint,ReorderQty
1,1,0,0,0,20,100
1,2,0,0,0,20,100
2,2,0,0,0,15,80
1,3,25,0,0,20,100
1,4,140,0,0,20,100
2,4,90,0,0,15,80
1,5,140,5,0,20,100
1,6,60,5,0,20,100
2,6,90,0,0,15,80
1,7,300,10,0,20,100
1,8,25,0,0,20,100
2,8,90,0,0,15,80
1,9,60,0,0,20,100
1,10,25,0,0,20,100
2,10,200,0,0,15,80
1,11,60,0,0,20,100
1,12,300,0,0,20,100
2,12,30,0,0,15,80
1,13,300,10,0,20,100
1,14,12,5,0,20,100
2,14,0,0,0,15,80
1,15,12,5,0,20,100
1,16,300,10,0,20,100
2,16,8,0,0,15,80
1,17,25,10,0,20,100
1,18,12,5,0,20,100
2,18,200,0,0,15,80
1,19,300,10,0,20,100
1,20,25,5,0,20,100
2,20,8,0,0,15,80
1,21,140,0,0,20,100
1,22,60,10,0,20,100
2,22,8,0,0,15,80
1,23,300,10,0,20,100
1,24,0,0,0,20,100
2,24,90,0,0,15,80
1,25,140,10,0,20,100
1,26,25,0,0,20,100
2,26,90,0,0,15,80
1,27,0,0,0,20,100
1,28,60,5,0,20,100
2,28,0,0,0,15,80
1,29,300,10,0,20,100
1,30,0,0,0,20,100
2,30,0,0,0,15,80
1,31,140,0,0,20,100
1,32,25,0,0,20,100
2,32,0,0,0,15,80
1,33,25,5,0,20,100
1,34,12,10,0,20,100
2,34,0,0,0,15,80
1,35,300,5,0,20,100
1,36,300,10,0,20,100
2,36,30,0,0,15,80
1,37,140,10,0,20,100
1,38,300,0,0,20,100
2,38,200,0,0,15,80
1,39,0,0,0,20,100
1,40,140,5,0,20,100
2,40,8,0,0,15,80
1,41,140,0,0,20,100
1,42,25,0,0,20,100
2,42,0,0,0,15,80
1,43,25,0,0,20,100
1,44,140,5,0,20,100
2,44,0,0,0,15,80
1,45,0,0,0,20,100
1,46,300,0,0,20,100
2,46,30,0,0,15,80
1,47,12,5,0,20,100
1,48,25,0,0,20,100
2,48,8,0,0,15,80
1,49,60,10,0,20,100
1,50,60,0,0,20,100
2,50,8,0,0,15,80
1,51,5,0,0,20,100
1,52,60,10,0,20,100
2,52,200,0,0,15,80
1,53,140,0,0,20,100
1,54,25,0,0,20,100
2,54,8,0,0,15,80
1,55,25,5,0,20,100
1,56,25,5,0,20,100
2,56,0,0,0,15,80
1,57,300,10,0,20,100
1,58,12,0,0,20,100
2,58,0,0,0,15,80
1,59,25,5,0,20,100
1,60,60,5,0,20,100
2,60,90,0,0,15,80
1,61,30,3,0,15,200
1,66,60,1,100,15,200
1,68,0,0,100,25,100
1,69,400,62,50,25,50
1,71,120,22,50,20,50
1,75,0,0,100,20,100
1,76,400,59,50,20,80
1,77,0,0,0,10,200
1,78,400,40,0,15,200
1,79,5,1,100,15,200
1,80,0,0,100,25,100
1,81,12,2,50,40,200
1,82,120,15,50,10,50
1,85,30,2,0,10,50
1,86,5,1,100,25,80
1,87,250,51,50,15,50
1,88,250,20,0,15,100
1,89,120,20,0,40,200
1,90,5,0,50,10,100
1,91,30,1,0,15,80
1,92,0,0,100,10,50
1,95,0,0,0,25,100
1,96,120,3,0,25,80
1,101,400,11,0,10,100
1,102,5,0,50,25,100
1,103,0,0,100,25,80
1,105,60,13,0,25,200
1,108,250,45,0,25,200
1,109,5,0,0,10,200
1,110,0,0,50,10,100
1,111,30,3,0,15,100
1,112,120,3,0,10,50
1,114,0,0,0,25,80
1,115,250,25,50,15,50
1,116,0,0,0,10,50
1,117,12,0,0,25,100
1,118,120,6,100,10,50
1,120,60,0,100,10,50
1,122,400,100,0,15,50
1,127,120,4,0,20,50
1,129,400,85,50,25,200
1,130,0,0,100,10,80
1,131,5,1,0,15,50
1,132,120,9,100,25,80
1,133,400,53,100,25,100
1,134,400,12,0,10,200
1,135,0,0,100,10,80
1,136,400,48,100,25,100
1,140,400,66,0,15,80
1,141,0,0,0,40,80
1,144,12,1,0,15,200
1,145,60,3,100,15,80
1,147,30,6,0,40,200
1,150,30,0,0,20,80
1,151,0,0,0,20,80
1,152,5,1,100,10,100
1,153,0,0,50,10,200
1,154,5,1,100,40,100
1,155,30,3,0,10,100
1,156,5,0,50,10,50
1,157,0,0,0,15,80
1,158,0,0,50,40,100
1,159,12,2,100,25,50
1,160,120,7,100,10,80
1,165,60,0,100,25,50
1,166,250,8,50,40,100
1,167,5,0,0,25,80
1,168,0,0,50,25,50
1,169,120,19,0,20,100
1,170,0,0,0,15,200
1,173,60,5,0,20,80
1,174,5,1,0,15,80
1,183,0,0,50,15,100
1,187,30,5,50,20,200
1,189,12,2,0,10,50
1,192,30,6,0,40,100
1,193,0,0,0,40,50
1,198,60,0,0,15,80
1,202,5,0,0,40,80
1,206,12,0,100,15,80
1,208,0,0,50,25,100
1,210,120,12,0,25,80
1,211,30,6,50,25,200
1,213,60,2,50,15,80
1,217,30,0,0,40,80
1,220,0,0,0,15,200
1,221,120,30,50,20,50
1,224,30,2,100,40,80
1,225,0,0,0,25,100
1,226,5,0,0,25,80
1,227,120,12,0,40,200
1,228,0,0,0,40,100
1,230,400,59,0,40,200
1,233,400,75,0,20,200
1,234,0,0,100,20,80
1,235,0,0,0,25,100
1,237,60,15,50,25,200
1,238,400,15,0,20,100
1,239,30,6,100,40,50
1,240,0,0,0,40,50
1,241,250,14,50,10,200
1,243,5,1,0,20,50
1,246,60,8,0,15,200
1,252,0,0,0,40,50
1,253,120,13,0,10,100
1,254,30,3,50,20,200
1,256,30,5,0,25,80
1,257,5,1,0,25,80
1,259,60,6,100,20,100
1,260,30,4,0,25,100
1,262,0,0,0,10,50
1,265,0,0,0,10,100
1,266,0,0,0,10,50
1,269,400,16,0,15,50
1,270,30,6,50,10,100
1,274,400,49,0,20,200
1,275,400,39,50,15,80
1,276,250,46,0,15,80
1,277,0,0,50,15,50
1,278,30,0,50,20,50
1,280,0,0,0,10,80
1,281,0,0,0,20,100
1,282,0,0,0,10,100
1,285,120,24,50,20,200
1,286,0,0,0,10,100
1,287,5,0,50,25,80
1,288,0,0,50,15,100
1,290,120,5,0,15,50
1,291,400,48,0,10,200
1,292,120,9,0,25,80
1,293,0,0,0,40,200
1,294,5,1,0,25,100
1,295,400,80,100,25,50
1,297,5,1,0,15,100
1,298,250,15,50,15,50
1,300,250,42,100,20,80
1,302,60,9,0,40,80
1,305,60,3,0,20,100
1,306,12,3,100,15,200
1,307,60,9,0,10,100
1,308,400,100,100,10,50
1,309,0,0,50,20,50
1,312,400,21,0,20,50
1,317,30,6,0,10,200
1,318,120,0,50,15,200
1,319,250,11,0,20,50
1,320,60,9,100,10,50
1,322,60,9,50,20,200
1,323,60,13,0,25,200
1,326,12,2,0,10,200
1,328,0,0,50,20,50
1,330,400,14,0,40,80
1,331,12,1,100,40,80
1,332,250,2,0,40,80
1,333,12,1,0,10,200
1,335,400,8,50,10,80
1,336,400,35,0,15,50
1,337,5,0,0,40,200
1,338,60,15,0,40,100
1,341,250,23,0,10,200
1,342,120,30,0,25,50
1,343,60,5,100,20,50
1,344,250,39,0,15,100
1,346,0,0,0,25,200
1,347,400,24,0,40,80
1,349,5,0,0,15,50
1,355,30,4,0,40,200
1,358,12,0,0,20,100
1,360,5,0,100,40,50
1,361,5,1,0,15,100
1,362,250,37,0,40,50
1,364,12,1,0,10,100
1,365,0,0,100,20,100
1,368,250,58,0,10,200
1,370,120,25,100,15,50
1,377,0,0,50,10,80
1,378,400,32,0,15,80
1,380,60,8,50,25,200
1,381,120,2,0,40,100
1,383,250,0,0,40,200
1,384,5,1,0,25,100
1,385,12,0,0,10,80
1,388,120,15,0,40,80
1,389,0,0,0,40,200
1,390,250,4,0,40,200
1,392,12,2,0,15,80
1,393,400,23,0,10,50
1,395,12,0,0,40,100
1,396,5,0,0,15,200
1,397,400,0,100,40,200
1,401,60,11,0,20,200
1,405,120,28,0,10,100
1,409,250,32,0,40,100
1,412,0,0,0,10,80
1,413,120,25,50,20,50
1,416,60,0,0,10,100
1,417,120,3,0,20,80
1,418,120,26,0,15,50
1,419,60,6,0,10,200
1,420,5,0,0,15,200
1,421,250,16,0,25,80
1,422,400,21,0,15,100
1,424,30,6,0,15,80
1,429,30,6,100,10,50
1,430,60,2,50,40,80
1,431,5,1,50,40,80
1,437,120,30,0,40,200
1,438,120,16,0,10,100
1,440,120,5,0,15,80
1,444,5,1,0,15,200
1,445,5,1,0,40,80
1,446,30,6,0,40,100
1,447,5,0,50,40,50
1,449,250,29,0,20,200
1,450,400,22,100,20,80
1,451,12,3,0,40,200
1,453,60,5,50,25,80
1,454,120,17,0,40,200
1,456,60,0,100,40,50
1,457,60,6,0,40,50
1,461,120,22,0,25,50
1,462,120,15,100,25,80
1,464,5,0,100,20,80
1,465,0,0,0,25,200
1,466,30,4,0,40,100
1,468,5,0,100,10,100
1,471,60,3,50,40,50
1,472,60,4,100,40,50
1,474,250,49,0,40,100
1,475,400,31,0,40,80
1,477,400,67,0,25,80
1,478,30,0,100,10,50
1,479,60,14,50,20,100
1,480,12,3,50,15,50
1,482,400,37,0,40,100
1,485,60,11,50,20,50
1,486,5,1,50,15,80
1,488,250,50,0,25,80
1,489,60,10,100,10,200
1,494,0,0,100,20,200
1,495,60,12,100,40,200
1,496,12,1,100,40,50
1,501,400,41,0,15,200
1,503,5,1,0,25,200
1,505,0,0,0,20,80
1,506,0,0,100,40,200
1,507,12,0,0,40,50
1,508,30,3,0,15,100
1,509,120,9,100,20,80
1,512,0,0,0,20,100
1,513,0,0,100,10,80
1,514,5,1,50,25,50
1,516,0,0,0,10,50
1,517,5,0,0,40,100
1,522,0,0,0,15,50
1,524,60,13,0,20,200
1,526,250,38,50,25,100
1,527,0,0,0,20,100
1,528,250,36,0,10,50
1,534,250,59,0,25,200
1,537,0,0,100,25,200
1,538,60,4,0,25,200
1,539,120,0,0,25,80
1,540,60,10,0,20,200
1,542,12,2,0,25,50
1,544,60,8,0,25,200
1,545,5,1,0,25,50
1,546,30,5,0,40,200
1,547,250,22,50,20,80
1,548,0,0,0,10,100
1,551,0,0,50,10,200
1,552,12,1,0,40,80
1,554,0,0,0,15,100
1,555,30,2,100,10,100
1,560,12,3,0,40,100
1,561,60,0,0,25,200
1,562,0,0,0,25,80
1,564,0,0,0,25,100
1,565,0,0,50,10,100
1,568,0,0,0,15,200
1,570,12,1,50,20,200
1,571,0,0,0,15,200
1,572,0,0,100,40,50
1,574,5,1,100,25,100
1,576,0,0,0,25,50
1,578,400,28,0,20,200
1,581,250,11,50,20,50
1,584,0,0,50,25,200
1,585,0,0,0,20,50
1,591,12,0,0,25,50
1,594,0,0,100,25,200
1,599,60,11,0,20,80
1,600,60,15,50,15,80
2,1,0,0,50,40,80
2,3,5,1,0,15,100
2,5,120,20,50,15,200
2,7,12,0,0,25,100
2,9,400,75,100,40,50
2,11,0,0,0,25,50
2,13,0,0,50,25,80
2,19,400,89,0,20,100
2,23,250,1,0,20,50
2,27,60,9,50,10,50
2,29,0,0,0,15,50
2,33,60,13,0,20,100
2,35,120,12,50,40,100
2,37,0,0,0,25,80
2,39,30,0,0,40,80
2,43,250,9,50,10,200
2,51,30,4,100,15,200
2,55,0,0,0,20,50
2,57,12,2,0,10,200
2,59,0,0,0,15,80
2,62,400,14,0,20,100
2,63,5,0,0,25,200
2,65,5,1,0,20,80
2,66,0,0,0,15,100
2,67,30,0,0,20,50
2,68,12,1,100,15,100
2,70,120,25,0,20,200
2,71,0,0,0,40,80
2,73,12,3,50,25,100
2,74,60,5,100,40,200
2,76,0,0,50,40,50
2,78,0,0,0,40,50
2,83,12,3,0,40,200
2,85,120,21,0,10,100
2,86,400,27,100,20,100
2,89,5,0,50,20,200
2,91,400,26,50,25,100
2,92,0,0,0,10,50
2,93,0,0,0,25,50
2,94,0,0,50,15,50
2,96,30,1,0,10,80
2,99,5,0,100,25,200
2,101,30,0,50,15,100
2,102,400,85,0,40,80
2,103,60,10,0,40,80
2,107,5,0,0,15,200
2,108,0,0,0,40,100
2,110,0,0,0,25,100
2,111,120,22,0,40,100
2,114,60,14,0,20,50
2,115,400,75,50,40,80
2,117,400,58,0,20,200
2,118,400,24,100,15,80
2,123,120,29,0,15,100
2,124,120,14,50,25,100
2,125,12,0,0,10,100
2,128,5,0,0,15,80
2,131,120,9,0,15,200
2,132,400,46,100,10,80
2,136,0,0,0,25,100
2,137,250,34,50,40,100
2,139,120,12,0,20,200
2,141,12,1,0,10,80
2,143,250,7,0,20,100
2,144,250,34,0,20,50
2,145,400,23,0,40,200
2,146,0,0,0,40,200
2,147,12,3,100,20,200
2,148,250,43,0,25,200
2,149,120,29,0,15,200
2,151,250,58,0,20,80
2,154,120,9,50,25,50
2,157,400,79,0,40,80
2,158,400,69,0,20,80
2,160,250,12,100,10,100
2,161,250,10,50,15,200
2,162,0,0,0,40,50
2,164,30,7,0,25,50
2,169,400,100,100,40,100
2,170,12,0,50,40,100
2,171,250,21,100,25,100
2,172,0,0,100,20,80
2,177,12,3,0,25,50
2,178,30,3,50,25,50
2,179,120,7,100,20,100
2,183,120,5,100,25,80
2,187,400,20,100,40,200
2,193,0,0,0,25,200
2,197,0,0,50,10,80
2,199,120,28,100,40,100
2,201,5,0,0,20,80
2,202,120,25,0,40,200
2,205,30,0,0,40,100
2,207,5,0,0,40,80
2,208,5,1,0,15,100
2,209,60,11,100,10,200
2,211,400,54,50,40,80
2,212,0,0,0,10,100
2,214,30,2,0,40,50
2,217,120,23,0,40,80
2,218,5,1,0,10,200
2,221,0,0,0,10,80
2,223,12,3,0,25,100
2,224,120,17,100,25,50
2,225,30,4,0,10,50
2,229,12,1,50,25,100
2,232,120,3,0,15,80
2,233,0,0,0,25,200
2,239,12,3,0,25,80
2,240,0,0,50,10,50
2,242,120,29,0,15,50
2,243,60,4,50,10,80
2,244,5,0,50,15,100
2,245,60,5,50,10,80
2,246,0,0,0,40,80
2,247,250,50,0,10,200
2,249,0,0,100,25,50
2,250,400,5,100,20,50
2,254,5,0,0,40,100
2,258,5,1,0,40,80
2,259,5,1,100,15,100
2,260,30,7,0,25,80
2,262,400,86,0,25,100
2,264,0,0,100,25,50
2,266,60,4,0,40,100
2,268,250,46,0,15,200
2,271,5,1,50,20,50
2,274,12,2,100,10,50
2,275,400,35,100,40,200
2,276,0,0,0,40,80
2,279,250,2,0,20,200
2,280,60,15,0,20,100
2,281,5,0,0,20,80
2,283,60,6,0,25,80
2,285,0,0,100,15,100
2,286,120,2,0,40,50
2,287,30,4,0,15,80
2,289,12,3,50,10,50
2,291,400,45,50,40,100
2,292,5,1,0,15,200
2,293,0,0,50,20,200
2,295,60,7,100,10,50
2,296,250,30,0,10,100
2,298,400,90,0,15,50
2,301,0,0,50,10,200
2,304,12,2,0,15,100
2,305,400,34,0,20,50
2,306,12,0,0,15,100
2,307,0,0,0,25,50
2,311,0,0,50,15,50
2,312,0,0,0,40,200
2,314,5,0,0,10,100
2,315,0,0,0,40,80
2,319,250,21,0,15,200
2,323,250,58,0,10,200
2,324,5,0,0,20,100
2,325,30,0,0,10,80
2,328,30,1,50,40,100
2,331,5,0,0,15,50
2,334,250,56,0,15,80
2,335,250,40,100,20,200
2,336,400,18,0,20,200
2,337,5,1,50,15,80
2,339,0,0,0,10,80
2,340,400,21,0,25,50
2,341,120,30,50,10,200
2,344,250,52,0,40,80
2,345,120,19,0,40,80
2,346,12,0,0,40,100
2,349,0,0,0,25,80
2,350,0,0,0,15,50
2,353,5,0,0,15,50
2,359,120,25,0,10,80
2,362,12,0,0,15,50
2,366,5,0,50,40,100
2,367,5,1,50,15,80
2,368,120,6,50,15,200
2,369,250,28,0,10,50
2,371,12,1,100,25,80
2,372,400,42,50,20,50
2,373,120,18,0,40,50
2,374,120,26,0,10,80
2,375,12,2,100,40,200
2,376,400,31,50,20,50
2,377,0,0,0,15,200
2,378,120,1,100,15,80
2,381,0,0,0,10,200
2,382,12,2,50,10,80
2,383,120,30,100,40,200
2,384,0,0,0,20,50
2,385,30,2,100,25,80
2,386,5,1,0,10,100
2,388,5,0,0,15,200
2,390,0,0,0,20,80
2,391,0,0,50,40,200
2,392,400,28,50,20,50
2,394,30,6,100,15,100
2,397,120,4,0,25,200
2,400,250,10,0,40,80
2,401,30,0,0,25,100
2,402,400,78,0,25,100
2,403,60,13,0,10,100
2,404,0,0,100,10,50
2,407,120,8,50,40,200
2,408,60,5,0,40,50
2,409,120,20,0,20,80
2,410,5,1,50,25,80
2,414,5,0,100,40,100
2,415,12,3,0,20,50
2,417,120,3,100,10,200
2,419,400,52,0,25,100
2,421,400,69,0,10,100
2,422,250,18,0,40,50
2,424,30,0,50,40,100
2,427,12,2,0,10,50
2,430,0,0,0,15,200
2,431,0,0,50,15,100
2,433,12,0,0,40,100
2,435,30,0,0,20,100
2,438,0,0,50,10,100
2,441,250,49,50,40,200
2,442,400,1,0,10,100
2,444,5,1,100,20,50
2,447,250,38,0,15,80
2,448,30,7,100,25,100
2,449,250,48,0,25,50
2,450,60,5,0,25,200
2,452,0,0,0,25,80
2,453,400,40,0,15,100
2,454,250,56,100,15,200
2,457,5,0,0,15,100
2,458,400,53,100,20,50
2,461,30,0,0,10,100
2,463,120,11,0,25,50
2,465,120,15,0,15,100
2,466,120,12,0,10,50
2,467,60,13,0,20,50
2,468,400,96,0,40,100
2,469,250,39,0,25,80
2,470,30,1,0,20,100
2,471,400,45,50,10,100
2,474,0,0,0,10,100
2,475,400,83,0,25,50
2,478,30,6,0,10,100
2,480,0,0,100,10,200
2,481,0,0,50,40,80
2,483,0,0,50,10,100
2,484,12,0,0,10,50
2,485,0,0,0,40,100
2,487,250,41,0,20,80
2,491,5,1,50,25,50
2,493,400,32,0,40,50
2,494,400,45,100,15,100
2,495,250,11,50,15,200
2,496,120,3,50,15,50
2,500,5,0,0,25,200
2,502,120,23,0,40,80
2,506,12,3,0,40,50
2,507,60,12,0,20,200
2,508,5,0,100,10,200
2,509,120,11,50,40,50
2,510,60,5,0,25,50
2,511,0,0,0,20,50
2,512,12,3,0,25,100
2,513,0,0,0,40,100
2,514,5,0,100,20,100
2,516,5,0,50,20,50
2,518,0,0,50,20,80
2,519,12,0,100,15,100
2,520,60,7,0,10,100
2,522,12,0,0,15,80
2,524,30,0,0,20,100
2,526,0,0,0,25,100
2,528,60,15,50,20,80
2,529,0,0,0,20,100
2,530,250,7,0,40,100
2,533,12,3,0,15,100
2,535,250,0,0,20,200
2,538,12,1,100,40,100
2,540,250,34,0,25,200
2,541,0,0,0,10,200
2,542,0,0,0,15,50
2,544,120,12,0,20,50
2,545,250,2,100,40,50
2,553,5,1,0,15,200
2,554,120,2,50,15,100
2,555,60,8,100,25,200
2,556,30,6,0,15,50
2,558,250,37,0,10,200
2,559,400,8,50,25,50
2,561,400,98,0,25,50
2,562,12,2,0,25,50
2,563,0,0,0,25,50
2,564,120,27,0,25,80
2,572,400,87,100,25,50
2,574,120,7,50,15,100
2,576,0,0,0,20,200
2,579,5,1,50,10,100
2,581,120,27,50,40,50
2,582,250,46,0,15,50
2,583,12,2,50,40,100
2,584,0,0,0,40,50
2,587,30,6,0,15,100
2,588,12,1,0,15,100
2,589,250,37,100,20,50
2,592,5,1,0,25,100
2,595,0,0,50,40,80
2,597,0,0,0,20,80
3,3,5,0,50,40,200
3,4,12,2,0,40,50
3,5,0,0,0,15,80
3,7,60,9,0,25,50
3,8,60,6,0,15,50
3,13,400,56,100,25,50
3,14,400,12,0,20,100
3,16,250,27,0,15,200
3,17,30,0,50,40,50
3,20,400,96,0,40,80
3,23,5,0,0,25,100
3,27,30,6,0,10,80
3,28,120,16,100,25,80
3,30,0,0,50,15,100
3,32,5,1,50,15,50
3,35,60,5,50,10,50
3,42,0,0,100,25,50
3,43,5,1,100,15,50
3,47,250,55,100,40,50
3,52,30,0,50,25,50
3,56,400,37,0,40,100
3,57,0,0,0,10,80
3,59,0,0,0,40,200
3,60,30,5,0,15,100
3,61,120,30,100,10,200
3,62,0,0,0,20,80
3,63,5,0,50,10,80
3,64,12,0,50,25,100
3,65,400,80,0,15,80
3,66,30,0,50,40,200
3,67,400,61,0,25,100
3,68,30,2,50,10,80
3,69,120,28,0,10,50
3,71,12,0,100,10,50
3,72,0,0,0,40,100
3,73,400,85,0,40,100
3,74,400,97,0,15,80
3,75,0,0,100,25,80
3,76,12,0,0,15,50
3,78,0,0,0,20,50
3,81,60,9,50,15,50
3,82,120,28,50,15,50
3,84,250,33,0,20,80
3,85,5,1,0,10,100
3,86,400,42,50,15,200
3,90,0,0,0,40,80
3,91,250,25,50,10,100
3,93,250,20,0,20,100
3,94,400,45,50,10,200
3,96,60,6,0,10,50
3,97,12,1,0,15,100
3,99,400,76,0,20,200
3,101,400,54,0,15,200
3,102,12,0,50,20,200
3,103,250,20,0,15,200
3,104,400,22,0,25,80
3,105,30,3,100,40,50
3,106,60,0,50,15,200
3,107,400,48,50,15,80
3,108,5,1,100,10,200
3,110,0,0,0,20,200
3,111,60,14,0,25,80
3,115,12,0,0,25,100
3,116,5,0,0,20,80
3,117,12,1,50,10,200
3,118,12,3,50,20,80
3,120,400,93,100,10,100
3,123,120,22,0,10,50
3,125,12,2,50,10,100
3,127,30,6,50,10,80
3,128,0,0,50,10,50
3,130,120,22,0,25,200
3,131,30,3,50,25,200
3,134,60,15,0,20,200
3,136,120,20,0,20,100
3,140,120,28,0,25,100
3,141,0,0,0,25,50
3,142,12,1,0,25,80
3,144,400,19,100,20,200
3,146,12,2,100,10,80
3,147,30,5,0,40,50
3,149,120,14,0,15,50
3,151,120,27,100,25,200
3,152,60,12,50,20,200
3,155,12,0,0,15,100
3,157,0,0,0,25,200
3,158,0,0,50,20,200
3,159,0,0,100,15,100
3,161,0,0,0,20,50
3,163,5,1,0,10,80
3,165,5,0,100,15,100
3,166,400,5,0,15,200
3,167,0,0,0,40,100
3,169,120,18,0,25,200
3,170,400,30,0,15,50
3,174,0,0,0,40,100
3,177,12,0,50,40,50
3,178,60,4,0,40,100
3,181,5,0,50,40,100
3,185,30,3,0,10,50
3,186,250,34,0,40,50
3,191,120,26,100,40,100
3,192,0,0,50,10,100
3,194,250,40,0,10,100
3,195,250,2,0,25,50
3,196,250,11,0,20,200
3,197,400,54,50,10,50
3,198,5,1,50,20,50
3,200,60,5,0,20,80
3,201,12,1,0,20,100
3,202,250,48,0,10,200
3,204,0,0,0,15,100
3,211,0,0,0,20,100
3,212,120,0,0,20,80
3,213,400,13,0,25,200
3,218,0,0,50,40,50
3,220,12,1,100,15,50
3,221,5,0,50,15,80
3,223,0,0,0,40,80
3,225,60,13,100,15,80
3,226,250,25,100,20,100
3,227,120,3,50,25,200
3,228,400,2,100,15,100
3,232,30,4,50,20,200
3,233,0,0,50,15,100
3,234,12,2,0,40,50
3,235,400,26,50,25,50
3,236,400,16,0,15,200
3,237,250,59,0,20,50
3,238,5,0,0,25,50
3,239,12,0,0,25,100
3,240,400,63,0,40,200
3,243,12,0,0,10,50
3,246,0,0,0,40,200
3,247,250,45,50,40,50
3,249,0,0,0,20,80
3,250,120,2,100,25,50
3,253,0,0,0,25,80
3,256,5,1,0,20,100
3,257,5,1,0,25,200
3,258,12,0,0,40,80
3,260,60,5,0,20,80
3,262,250,24,50,10,80
3,263,120,2,0,20,100
3,264,60,12,50,25,200
3,267,5,1,50,10,50
3,269,5,0,0,20,100
3,270,0,0,100,10,50
3,271,30,4,50,10,200
3,274,60,6,0,40,50
3,275,400,17,0,15,100
3,277,250,49,50,40,100
3,278,60,8,0,40,100
3,280,12,3,0,15,100
3,281,250,37,0,15,80
3,286,250,41,0,40,50
3,288,5,1,0,20,80
3,289,0,0,100,25,200
3,290,12,3,0,10,200
3,293,60,12,0,25,100
3,294,30,7,0,25,80
3,296,30,1,100,15,200
3,297,30,2,100,25,100
3,299,120,21,0,15,200
3,300,400,63,0,10,200
3,302,12,3,100,15,100
3,303,0,0,0,10,100
3,304,250,16,50,25,200
3,307,12,1,100,10,80
3,309,12,0,50,40,200
3,314,250,52,100,40,80
3,315,30,7,100,25,100
3,318,5,0,100,15,50
3,321,0,0,100,10,100
3,323,0,0,0,20,200
3,324,120,21,0,10,80
3,325,400,39,0,40,200
3,326,0,0,0,15,200
3,330,250,20,100,15,50
3,332,0,0,0,20,80
3,335,12,0,0,10,100
3,336,5,1,0,20,50
3,338,12,1,0,15,50
3,340,400,32,100,15,50
3,341,0,0,0,15,100
3,342,0,0,50,10,100
3,343,60,8,0,40,100
3,344,250,29,100,40,100
3,345,120,10,100,15,100
3,346,250,10,50,15,50
3,348,250,18,50,40,200
3,351,30,5,0,25,200
3,352,120,10,50,15,50
3,353,30,6,100,25,200
3,355,250,49,0,15,100
3,356,12,1,100,15,200
3,358,5,1,0,10,200
3,359,400,64,0,40,50
3,360,0,0,100,15,200
3,362,5,0,0,25,200
3,363,400,6,50,15,100
3,366,12,2,100,15,50
3,368,250,28,0,20,50
3,372,30,7,0,25,50
3,373,250,31,0,40,80
3,378,0,0,0,20,100
3,379,120,24,50,15,80
3,382,12,1,0,10,80
3,383,5,0,100,40,50
3,384,0,0,100,10,200
3,385,120,1,0,40,200
3,386,120,22,50,25,50
3,389,120,28,50,10,80
3,390,5,1,0,15,80
3,401,0,0,100,40,100
3,403,400,25,50,25,200
3,405,120,30,0,15,50
3,406,12,2,0,25,50
3,409,0,0,0,40,50
3,410,400,50,100,40,100
3,412,0,0,0,40,200
3,413,400,84,0,25,200
3,419,30,6,0,20,200
3,420,5,1,50,25,200
3,422,120,5,50,10,100
3,424,120,30,0,10,50
3,425,30,6,50,10,100
3,427,5,1,50,10,100
3,433,0,0,0,40,80
3,434,0,0,50,40,80
3,435,250,26,100,10,50
3,437,60,11,100,25,50
3,438,5,1,0,20,100
3,442,12,3,100,15,200
3,445,120,0,0,40,100
3,447,400,50,0,40,200
3,448,0,0,100,25,200
3,451,30,4,0,10,200
3,452,120,6,50,40,50
3,458,250,35,0,40,100
3,459,120,6,50,20,80
3,462,0,0,0,10,100
3,463,5,1,100,10,80
3,464,0,0,0,40,50
3,465,400,56,0,25,80
3,469,0,0,50,10,50
3,471,30,0,0,25,80
3,472,250,19,100,15,200
3,474,120,22,0,10,80
3,476,5,0,0,15,80
3,477,0,0,100,40,80
3,479,0,0,100,40,50
3,482,30,6,0,25,100
3,483,120,23,0,15,80
3,484,120,1,0,15,100
3,486,5,0,0,20,100
3,487,0,0,50,25,50
3,489,5,0,0,15,80
3,490,30,4,50,25,50
3,491,250,50,0,25,50
3,492,400,32,0,25,100
3,494,0,0,50,40,80
3,497,120,26,0,10,200
3,499,0,0,0,40,200
3,500,0,0,0,10,50
3,503,0,0,0,25,100
3,507,0,0,0,15,50
3,508,0,0,50,15,50
3,509,400,70,0,10,100
3,510,12,2,50,15,200
3,511,60,4,0,10,200
3,512,12,3,50,40,50
3,514,12,0,0,10,80
3,517,250,2,0,15,100
3,518,30,3,50,40,80
3,519,400,25,0,25,80
3,520,60,13,50,15,100
3,523,5,1,0,40,80
3,525,0,0,0,40,50
3,527,400,78,50,40,100
3,529,250,29,0,10,200
3,530,400,94,0,15,80
3,531,250,21,0,10,50
3,532,400,83,50,10,100
3,533,0,0,0,15,50
3,536,120,22,0,40,200
3,538,30,6,100,40,100
3,539,60,14,0,15,80
3,540,30,3,0,25,100
3,541,60,14,50,40,80
3,542,12,1,50,15,50
3,544,30,1,100,20,50
3,546,12,2,0,25,80
3,547,30,6,0,25,100
3,548,12,1,50,15,50
3,550,12,2,0,10,200
3,551,60,10,0,25,100
3,552,250,39,0,25,80
3,554,400,44,0,10,100
3,556,60,5,100,40,200
3,558,60,4,50,25,100
3,560,120,17,50,10,80
3,563,400,35,50,40,200
3,564,400,28,0,10,200
3,565,60,7,0,40,50
3,566,400,71,0,10,200
3,570,30,6,0,15,80
3,572,400,20,50,25,50
3,573,30,4,0,40,80
3,574,0,0,50,15,200
3,577,250,20,100,25,80
3,582,30,4,0,15,100
3,588,60,14,0,10,50
3,589,250,20,100,15,200
3,590,30,7,0,15,50
3,591,250,27,50,10,50
3,594,400,5,50,15,100
3,595,400,21,0,25,80
3,597,400,96,0,25,200
3,598,120,22,0,15,100
3,599,120,4,0,10,50
4,3,5,0,0,20,200
4,10,400,1,0,10,50
4,12,400,59,0,20,100
4,14,0,0,0,40,100
4,18,30,3,50,40,80
4,22,30,3,0,20,50
4,25,12,1,0,40,50
4,28,0,0,0,25,200
4,30,0,0,0,40,100
4,36,12,3,0,25,100
4,42,5,0,0,40,100
4,43,60,15,50,15,50
4,44,400,49,0,15,80
4,45,120,22,50,10,80
4,48,250,9,0,15,80
4,49,0,0,0,20,80
4,52,60,1,0,15,200
4,57,30,3,100,25,200
4,62,120,17,100,25,80
4,65,250,12,0,20,200
4,67,5,1,0,40,80
4,77,250,60,0,10,200
4,78,400,22,0,20,80
4,81,120,13,100,15,100
4,87,60,14,0,40,50
4,89,12,0,50,40,50
4,91,60,9,100,20,200
4,92,60,8,50,10,100
4,96,400,3,0,25,100
4,98,0,0,0,25,80
4,106,12,3,0,25,80
4,109,120,5,0,20,200
4,110,60,6,0,15,80
4,114,5,0,0,40,80
4,121,0,0,50,40,50
4,122,400,82,0,40,80
4,123,400,58,0,15,50
4,124,12,2,0,20,50
4,131,400,5,0,20,80
4,133,12,1,100,25,50
4,140,250,49,0,25,200
4,142,12,1,0,10,80
4,145,60,15,100,25,200
4,148,400,62,0,10,80
4,150,0,0,100,20,100
4,165,250,23,0,25,100
4,168,250,56,0,40,100
4,169,30,3,100,40,100
4,172,12,3,50,20,50
4,174,5,1,0,40,50
4,175,400,0,0,40,50
4,178,250,2,0,25,200
4,181,30,7,0,10,80
4,184,5,0,100,40,50
4,185,400,35,0,20,80
4,188,5,0,100,15,200
4,196,0,0,100,40,200
4,200,0,0,0,40,80
4,201,5,0,0,15,50
4,202,250,62,100,25,200
4,204,12,2,0,15,50
4,206,5,1,0,15,50
4,209,250,47,0,10,100
4,210,400,62,0,15,100
4,213,0,0,0,25,50
4,214,400,1,50,15,100
4,229,5,1,0,20,100
4,232,400,35,0,20,100
4,234,120,9,0,25,200
4,237,250,59,50,20,80
4,240,0,0,0,10,50
4,244,0,0,0,20,200
4,246,0,0,100,20,100
4,254,30,7,0,25,200
4,259,0,0,50,10,80
4,260,60,1,50,40,100
4,262,5,0,0,40,50
4,263,5,0,0,40,50
4,266,5,0,100,25,50
4,267,60,13,100,15,50
4,270,30,4,0,15,80
4,273,12,1,50,25,100
4,275,0,0,100,40,80
4,281,30,4,50,10,200
4,284,60,10,0,40,100
4,288,0,0,100,10,100
4,290,250,7,100,20,80
4,291,250,0,50,20,100
4,293,0,0,0,25,200
4,294,250,42,50,10,80
4,295,400,74,0,15,50
4,298,30,2,0,25,50
4,303,30,2,0,40,80
4,305,250,61,100,25,200
4,306,0,0,50,10,50
4,308,30,3,50,10,80
4,309,0,0,0,25,80
4,310,0,0,0,20,80
4,327,30,4,50,10,50
4,328,400,77,100,15,200
4,331,0,0,0,40,100
4,334,30,5,0,10,50
4,341,12,3,0,20,80
4,347,30,4,0,20,100
4,348,120,23,0,15,200
4,353,5,1,0,25,100
4,356,30,6,0,25,100
4,365,30,4,0,40,200
4,366,0,0,0,25,100
4,369,250,4,50,25,80
4,372,400,70,0,25,80
4,375,30,0,0,25,200
4,378,12,2,0,15,100
4,379,120,8,100,10,100
4,384,0,0,0,10,50
4,385,250,35,50,20,100
4,390,250,12,0,40,100
4,394,60,5,0,20,50
4,402,0,0,0,10,100
4,406,5,0,0,40,200
4,409,60,10,50,25,50
4,410,5,1,50,40,200
4,413,250,7,0,25,200
4,421,12,1,100,20,100
4,426,0,0,0,20,100
4,427,60,10,50,20,200
4,432,0,0,100,25,50
4,434,60,13,0,25,200
4,437,400,61,0,15,200
4,444,120,16,100,20,50
4,445,12,0,0,10,50
4,446,0,0,100,20,100
4,447,400,73,0,10,100
4,449,120,23,100,40,100
4,450,120,0,0,15,50
4,455,250,23,0,10,100
4,463,30,6,0,20,50
4,465,30,4,0,25,100
4,476,250,15,0,40,200
4,477,0,0,50,20,100
4,481,12,0,0,10,80
4,483,5,1,100,10,80
4,492,120,30,100,20,100
4,501,0,0,50,40,80
4,502,250,2,0,20,50
4,504,0,0,50,10,80
4,509,0,0,50,15,80
4,514,0,0,0,25,200
4,518,400,47,0,25,100
4,519,12,3,0,40,50
4,522,120,3,50,40,100
4,523,0,0,100,20,50
4,527,400,40,0,20,100
4,536,250,48,0,15,50
4,538,0,0,0,10,100
4,539,120,10,100,15,50
4,544,0,0,50,40,100
4,547,12,0,100,10,50
4,551,400,37,0,10,200
4,554,0,0,50,10,100
4,556,120,15,0,25,50
4,557,0,0,0,40,200
4,561,250,53,0,15,50
4,563,60,4,0,20,50
4,566,30,1,0,10,100
4,569,60,3,0,20,100
4,571,30,5,0,25,80
4,572,120,15,50,10,200
4,573,250,56,50,15,200
4,576,12,0,0,25,80
4,580,250,28,0,40,50
4,581,400,100,100,20,100
4,582,250,61,0,25,100
4,584,60,10,0,20,80
4,588,30,7,0,10,100
4,589,12,2,100,40,200
4,590,12,0,0,40,80
4,591,400,67,50,10,200
4,592,400,63,100,40,100
4,593,5,1,0,15,50
4,594,5,1,0,25,100
5,1,0,0,0,20,50
5,4,30,4,0,20,80
5,18,250,60,100,15,200
5,21,120,28,0,25,50
5,22,5,1,0,25,50
5,25,5,0,0,40,100
5,26,400,40,0,25,50
5,27,12,2,50,25,200
5,29,250,14,50,25,80
5,32,60,11,100,25,50
5,35,12,3,50,10,200
5,40,0,0,0,20,200
5,46,60,13,0,25,200
5,50,12,0,100,20,50
5,51,5,0,50,10,80
5,54,400,87,100,10,80
5,60,400,94,0,15,100
5,67,12,2,0,10,80
5,75,30,2,0,25,50
5,78,60,2,50,10,100
5,79,400,42,100,40,200
5,85,60,15,0,15,100
5,89,30,6,50,15,50
5,91,5,1,100,40,50
5,93,5,1,100,15,100
5,94,120,26,0,25,200
5,97,250,8,0,15,100
5,99,5,0,0,20,80
5,101,5,0,50,15,80
5,104,0,0,100,15,200
5,105,0,0,0,15,80
5,106,60,8,0,25,50
5,108,0,0,50,10,80
5,113,0,0,100,25,50
5,115,250,27,100,20,200
5,117,120,28,50,40,50
5,119,400,36,50,25,100
5,121,30,4,0,25,50
5,122,250,37,100,40,80
5,124,400,84,100,20,80
5,126,0,0,0,40,200
5,127,0,0,0,15,100
5,135,12,2,0,15,50
5,136,30,3,0,10,80
5,137,400,45,50,40,50
5,139,120,13,100,25,50
5,142,5,0,50,10,50
5,145,0,0,0,20,50
5,146,250,22,50,10,200
5,147,400,44,0,40,100
5,150,120,30,0,15,80
5,151,120,2,100,15,80
5,153,250,43,0,10,200
5,155,0,0,0,25,80
5,156,30,6,0,25,200
5,158,30,5,100,15,50
5,159,5,0,0,10,50
5,162,12,0,0,20,100
5,164,0,0,0,25,100
5,166,5,0,0,40,200
5,167,120,18,100,20,50
5,173,120,0,100,40,80
5,177,0,0,0,10,200
5,179,30,0,50,15,100
5,189,0,0,0,40,100
5,190,0,0,0,40,200
5,194,30,0,0,20,50
5,196,0,0,50,15,100
5,200,5,0,0,10,80
5,207,60,9,0,25,50
5,209,250,57,0,25,80
5,210,30,5,0,40,80
5,211,120,11,0,40,80
5,216,60,7,0,25,80
5,223,400,3,0,10,200
5,227,400,45,100,25,200
5,228,400,88,100,20,100
5,229,12,3,0,25,200
5,230,60,15,50,10,200
5,232,12,0,0,15,200
5,233,400,93,0,10,80
5,234,0,0,0,40,80
5,235,250,42,0,15,100
5,242,12,0,0,10,200
5,246,400,10,0,20,50
5,257,5,0,0,40,50
5,259,400,61,0,20,100
5,260,30,1,0,15,200
5,262,400,59,0,10,200
5,266,12,1,0,10,200
5,267,12,2,50,25,80
5,268,250,6,50,40,50
5,281,12,0,0,40,50
5,284,5,1,0,20,80
5,286,12,0,0,25,80
5,288,120,26,0,25,100
5,289,400,25,0,20,50
5,295,60,5,0,10,50
5,296,250,20,100,15,200
5,297,60,13,0,10,100
5,299,5,1,0,10,50
5,300,30,0,100,20,200
5,303,5,1,100,10,50
5,305,5,1,0,10,100
5,307,30,1,0,15,200
5,308,12,1,0,20,80
5,309,60,0,0,15,200
5,313,0,0,100,20,50
5,320,400,86,0,25,200
5,321,30,6,0,40,100
5,323,250,46,0,25,80
5,328,0,0,0,40,80
5,329,60,5,0,40,100
5,333,0,0,50,15,100
5,337,0,0,0,20,200
5,339,5,1,0,20,80
5,340,0,0,0,40,50
5,347,120,24,100,15,200
5,350,30,3,0,20,50
5,361,250,40,50,40,80
5,371,60,6,50,25,100
5,372,5,1,0,40,200
5,374,0,0,50,15,200
5,375,120,12,0,20,100
5,376,0,0,0,10,80
5,382,120,13,100,40,100
5,383,0,0,0,20,80
5,384,60,3,0,10,100
5,390,250,0,100,15,50
5,398,5,1,50,15,200
5,400,0,0,0,40,80
5,403,12,2,0,25,50
5,404,250,29,0,25,50
5,410,250,29,100,40,200
5,415,400,76,100,10,200
5,419,0,0,0,15,100
5,422,12,0,0,10,80
5,429,60,1,100,20,200
5,431,400,5,50,20,80
5,439,12,0,100,20,200
5,443,60,15,0,15,100
5,444,250,50,0,25,100
5,445,0,0,0,15,200
5,446,60,14,50,25,50
5,447,0,0,100,10,50
5,456,12,0,0,20,100
5,461,0,0,100,40,80
5,466,60,4,0,40,100
5,468,60,9,50,20,50
5,475,120,11,0,20,80
5,479,30,4,0,25,80
5,482,12,2,50,15,200
5,484,60,15,0,40,100
5,493,250,16,0,40,50
5,504,5,1,50,10,80
5,505,0,0,100,20,80
5,506,400,46,0,25,50
5,511,120,0,50,25,200
5,512,5,1,0,15,100
5,514,30,6,50,25,50
5,524,400,20,0,25,100
5,529,400,20,100,25,50
5,531,0,0,50,40,50
5,534,60,13,0,40,200
5,535,400,18,50,20,200
5,536,60,10,0,20,50
5,538,120,26,0,15,50
5,539,120,5,100,10,50
5,541,12,2,50,15,50
5,542,0,0,50,15,200
5,543,12,2,0,10,100
5,545,5,0,0,10,200
5,548,0,0,0,20,200
5,549,30,2,0,20,100
5,556,12,3,50,15,200
5,559,0,0,0,40,200
5,564,5,1,50,10,80
5,565,400,46,50,40,50
5,566,0,0,0,40,100
5,567,30,7,0,20,50
5,568,5,0,0,10,200
5,570,0,0,50,40,50
5,572,400,72,0,15,100
5,575,120,9,0,25,100
5,578,400,13,0,10,200
5,579,0,0,100,25,80
5,580,0,0,50,10,80
5,584,250,59,0,25,50
5,592,400,38,100,20,100
5,594,0,0,0,25,200
5,595,0,0,0,20,80
5,597,12,1,50,15,80
5,598,60,1,0,15,200
6,1,0,0,50,25,80
6,4,12,1,0,40,100
6,5,250,32,50,20,100
6,8,0,0,0,25,200
6,12,5,1,100,15,50
6,13,250,22,100,40,80
6,19,400,28,0,25,200
6,23,60,13,0,10,100
6,38,120,27,0,25,200
6,41,60,5,0,10,50
6,48,0,0,50,40,80
6,49,0,0,0,40,50
6,50,250,34,0,20,50
6,52,120,9,0,20,50
6,57,5,1,0,15,100
6,60,30,2,0,40,200
6,62,400,9,0,20,200
6,65,60,3,0,25,80
6,66,30,3,0,15,80
6,67,5,0,0,10,200
6,72,12,0,50,25,200
6,74,30,5,100,25,100
6,79,60,3,50,20,200
6,80,12,2,50,15,80
6,83,400,73,0,15,50
6,84,120,0,0,15,100
6,93,5,1,50,25,50
6,94,0,0,0,20,200
6,98,250,30,0,15,200
6,106,5,0,0,20,50
6,107,12,2,0,25,100
6,109,120,24,100,15,50
6,115,30,6,0,10,80
6,116,5,1,0,25,200
6,119,0,0,0,20,200
6,122,0,0,0,20,80
6,123,12,0,100,20,50
6,127,0,0,0,40,80
6,136,5,0,0,15,100
6,137,400,71,100,40,200
6,139,30,5,0,10,50
6,141,250,60,100,10,80
6,145,0,0,50,10,80
6,149,30,0,100,10,80
6,150,400,49,0,20,100
6,159,30,5,50,15,100
6,160,12,0,0,25,200
6,165,250,51,50,40,80
6,171,5,0,0,15,200
6,173,12,0,100,10,80
6,174,400,30,0,40,80
6,177,12,0,50,10,200
6,183,5,1,100,40,50
6,189,400,60,0,20,50
6,190,60,13,0,40,80
6,191,12,0,100,10,200
6,201,30,6,50,40,80
6,206,60,7,50,15,80
6,207,250,15,0,40,100
6,212,30,6,0,20,100
6,214,0,0,0,20,200
6,219,400,69,0,40,80
6,222,12,1,0,15,80
6,227,0,0,100,15,50
6,232,0,0,0,15,50
6,233,0,0,0,10,50
6,237,400,81,0,25,200
6,238,250,46,100,25,100
6,241,120,6,50,10,200
6,243,120,1,0,40,50
6,245,120,26,0,20,100
6,253,30,1,100,25,100
6,259,30,3,0,40,80
6,260,0,0,0,25,80
6,261,12,0,0,20,80
6,264,60,5,0,40,50
6,266,400,67,50,40,50
6,272,0,0,100,25,200
6,278,400,92,100,20,50
6,279,60,0,100,25,200
6,284,0,0,100,15,50
6,287,5,0,50,15,50
6,288,5,0,50,20,100
6,296,120,9,0,25,80
6,299,12,2,0,40,80
6,303,250,27,0,15,80
6,304,12,1,0,20,200
6,307,250,20,0,15,100
6,312,120,21,100,10,200
6,315,0,0,0,40,80
6,317,0,0,50,10,80
6,320,120,0,50,25,80
6,327,250,49,0,15,100
6,328,250,57,100,15,80
6,331,60,10,100,40,50
6,334,60,4,0,20,200
6,335,0,0,0,15,100
6,343,0,0,0,40,50
6,345,5,1,0,10,200
6,347,5,0,0,40,200
6,349,0,0,50,20,100
6,352,120,2,50,20,200
6,356,120,14,0,10,80
6,357,0,0,0,10,100
6,360,12,1,0,40,200
6,361,12,0,0,25,200
6,362,60,3,0,15,100
6,363,120,24,0,15,80
6,367,120,0,50,25,80
6,369,120,3,0,15,80
6,371,12,2,0,40,200
6,375,0,0,100,15,80
6,378,60,6,0,20,80
6,382,120,15,0,25,200
6,384,0,0,0,20,200
6,386,400,84,0,40,200
6,390,12,0,0,40,100
6,392,250,62,50,40,50
6,407,30,7,100,25,80
6,415,0,0,0,40,200
6,421,12,0,0,20,200
6,422,30,4,50,25,50
6,429,400,58,100,15,50
6,430,0,0,100,40,200
6,433,0,0,0,15,100
6,434,30,3,0,15,50
6,443,400,82,0,20,200
6,445,60,9,100,15,100
6,446,12,1,100,20,100
6,451,400,83,0,20,200
6,452,0,0,0,40,50
6,460,0,0,0,40,100
6,462,12,2,50,25,80
6,465,5,0,0,25,100
6,469,400,93,50,25,80
6,472,400,91,50,15,200
6,473,30,2,50,40,200
6,474,400,62,0,40,50
6,476,12,3,50,40,50
6,478,12,1,50,25,200
6,479,120,21,100,20,100
6,488,5,0,50,10,200
6,491,400,89,50,10,200
6,493,60,0,100,15,80
6,496,30,0,100,20,80
6,500,30,0,50,15,200
6,508,5,0,0,15,50
6,510,60,3,0,25,50
6,511,0,0,0,40,50
6,512,400,58,100,10,80
6,514,120,1,100,10,50
6,516,0,0,0,20,100
6,527,60,8,0,25,200
6,531,12,2,0,25,100
6,534,12,3,0,15,50
6,536,0,0,50,40,80
6,538,60,4,0,15,100
6,540,60,7,0,15,80
6,544,250,16,100,40,50
6,545,12,1,100,10,80
6,548,0,0,0,15,100
6,552,60,3,0,10,100
6,558,60,0,50,15,80
6,565,250,60,50,25,50
6,567,0,0,100,20,200
6,569,5,1,100,25,80
6,578,5,1,0,25,200
6,582,12,2,100,40,50
6,585,250,36,0,20,100
6,589,0,0,0,10,80
6,594,120,0,50,15,100
7,1,5,1,50,25,80
7,2,12,0,0,10,50
7,4,0,0,0,20,100
7,5,12,0,50,25,200
7,10,60,11,100,20,200
7,11,0,0,100,15,80
7,15,400,27,0,10,50
7,20,5,0,0,25,100
7,25,0,0,0,25,200
7,27,60,6,100,10,80
7,39,60,5,0,20,100
7,41,30,4,0,40,80
7,43,30,4,100,20,80
7,44,0,0,0,20,100
7,45,12,2,50,10,80
7,51,250,62,0,15,80
7,52,120,28,0,40,50
7,55,0,0,50,20,50
7,57,0,0,50,15,200
7,59,30,7,0,20,80
7,63,0,0,0,10,50
7,64,120,2,50,20,100
7,65,400,86,100,15,200
7,66,60,5,100,25,200
7,69,12,1,50,15,100
7,72,12,3,0,25,200
7,77,12,1,50,20,50
7,80,30,6,0,15,100
7,82,5,1,0,15,80
7,89,120,2,0,25,50
7,91,400,6,0,20,50
7,92,250,42,100,10,80
7,108,250,36,100,25,80
7,112,12,3,50,40,100
7,115,0,0,0,25,100
7,117,12,0,0,25,50
7,118,400,51,50,10,50
7,119,12,2,0,40,100
7,121,30,3,0,40,80
7,124,0,0,50,10,200
7,126,400,94,0,10,80
7,128,30,1,50,20,80
7,133,0,0,100,20,50
7,135,120,14,50,15,80
7,137,5,1,100,25,200
7,140,60,5,50,10,80
7,141,0,0,0,10,50
7,145,120,6,0,10,50
7,152,30,2,100,40,100
7,155,60,3,100,20,200
7,162,0,0,0,10,100
7,163,12,0,0,25,80
7,164,0,0,0,40,50
7,166,5,1,100,15,100
7,167,12,1,0,15,200
7,168,400,82,50,40,50
7,169,120,28,0,20,80
7,171,30,6,50,10,50
7,180,400,47,0,40,200
7,182,30,2,0,15,80
7,184,12,2,0,20,200
7,186,120,1,50,15,50
7,187,5,0,0,25,80
7,188,250,7,100,15,100
7,191,5,1,0,25,200
7,201,400,98,0,10,80
7,203,400,87,50,40,100
7,207,250,45,0,15,100
7,218,250,57,50,15,200
7,219,0,0,0,15,100
7,220,5,0,0,40,200
7,221,12,3,50,20,100
7,222,0,0,0,10,200
7,238,400,6,100,15,50
7,239,0,0,0,40,80
7,243,30,1,100,25,100
7,252,5,0,100,10,200
7,254,60,5,0,15,80
7,257,60,4,0,40,200
7,258,0,0,0,20,200
7,261,60,2,0,40,100
7,262,60,6,50,15,100
7,264,0,0,50,20,200
7,265,0,0,50,10,50
7,266,0,0,0,15,80
7,267,30,7,100,15,100
7,269,120,9,0,20,200
7,273,0,0,0,10,100
7,274,400,69,100,25,50
7,278,30,7,0,10,200
7,279,5,0,50,40,200
7,287,30,5,50,15,80
7,289,5,1,50,20,50
7,290,0,0,50,10,50
7,298,120,26,0,10,80
7,303,5,1,0,10,200
7,304,0,0,100,20,200
7,305,5,0,0,25,80
7,306,5,1,0,20,100
7,310,12,3,50,20,200
7,312,0,0,0,40,50
7,315,60,6,0,15,80
7,317,120,29,100,10,100
7,320,0,0,100,15,80
7,321,30,1,0,10,100
7,329,0,0,0,10,80
7,336,5,0,0,15,50
7,345,400,8,0,40,100
7,349,120,7,0,25,100
7,353,120,21,100,10,80
7,354,60,5,100,40,80
7,358,0,0,0,40,200
7,359,12,3,0,15,50
7,360,60,6,0,15,200
7,363,0,0,0,20,80
7,368,12,1,100,40,200
7,370,60,13,0,40,100
7,372,60,1,0,25,100
7,374,400,85,100,10,100
7,376,5,0,0,40,200
7,379,120,14,0,15,80
7,380,30,3,0,15,200
7,382,0,0,0,25,50
7,383,120,18,0,40,100
7,397,12,0,0,40,100
7,398,30,6,0,40,100
7,401,0,0,50,40,100
7,411,60,0,0,20,80
7,415,12,1,50,40,100
7,427,0,0,0,40,80
7,428,0,0,0,25,80
7,430,0,0,0,20,100
7,439,30,5,50,25,200
7,447,250,12,0,25,50
7,449,0,0,100,20,80
7,452,400,10,0,40,80
7,453,0,0,100,10,80
7,456,60,13,0,15,200
7,461,120,0,100,15,100
7,466,120,3,50,15,50
7,469,0,0,0,15,100
7,470,400,34,0,10,200
7,473,120,8,50,10,50
7,483,400,31,50,25,50
7,486,120,11,0,40,50
7,494,120,29,0,10,80
7,495,12,3,50,10,50
7,501,12,2,0,15,200
7,502,0,0,0,10,80
7,504,12,0,100,40,50
7,507,5,0,0,40,100
7,508,400,6,50,15,50
7,509,250,61,100,10,100
7,511,0,0,0,40,100
7,514,30,0,0,15,80
7,515,5,0,100,25,100
7,516,250,23,100,40,80
7,518,30,2,50,10,50
7,522,60,0,100,40,50
7,523,5,0,50,25,100
7,524,250,42,50,10,80
7,526,12,3,100,25,80
7,527,250,51,0,40,80
7,529,400,0,0,15,100
7,532,30,2,50,40,200
7,534,12,2,100,20,100
7,540,30,0,0,20,200
7,541,400,45,50,20,80
7,542,120,29,50,20,100
7,544,250,26,0,10,100
7,546,60,2,0,20,50
7,550,60,4,0,20,200
7,552,250,21,0,40,50
7,557,0,0,0,10,80
7,560,0,0,0,10,100
7,563,250,19,100,25,100
7,566,12,0,50,25,100
7,570,5,1,0,10,80
7,581,60,6,0,15,80
7,582,30,3,0,40,100
7,584,250,52,0,10,100
7,590,0,0,50,10,100
7,592,400,87,50,25,50
7,595,5,1,100,15,100
7,600,5,0,50,15,200
8,5,0,0,0,10,200
8,11,12,1,0,15,80
8,12,250,13,0,20,100
8,16,30,0,0,10,80
8,18,0,0,0,40,200
8,23,400,71,50,15,80
8,24,60,0,0,25,200
8,27,60,0,0,25,100
8,29,0,0,0,10,100
8,39,250,9,0,25,80
8,40,0,0,0,10,100
8,41,120,2,100,15,100
8,51,120,18,0,15,100
8,53,0,0,0,10,80
8,58,400,71,0,10,100
8,61,120,18,50,40,80
8,63,12,0,0,15,80
8,64,30,3,50,20,200
8,70,60,12,50,20,80
8,72,400,36,0,40,200
8,78,120,8,50,40,200
8,79,0,0,0,10,80
8,80,12,1,0,15,50
8,82,60,12,100,40,50
8,91,30,1,0,15,200
8,93,400,31,50,15,80
8,97,5,1,0,25,80
8,99,30,7,0,20,50
8,105,120,19,0,40,200
8,106,0,0,0,20,200
8,108,250,10,0,20,50
8,111,12,0,0,40,200
8,113,0,0,0,10,200
8,115,60,13,50,25,200
8,119,30,2,100,25,50
8,120,0,0,0,15,100
8,121,60,14,0,25,50
8,122,0,0,50,15,80
8,123,60,15,0,20,100
8,127,5,0,100,15,200
8,130,12,1,50,40,100
8,131,250,56,0,15,200
8,132,30,4,0,15,200
8,137,250,10,0,25,80
8,140,5,0,0,20,100
8,142,12,1,0,40,100
8,145,250,9,100,15,80
8,146,5,0,0,25,100
8,149,0,0,0,25,50
8,152,120,1,100,10,100
8,153,12,2,0,25,50
8,156,0,0,50,40,200
8,159,0,0,50,25,200
8,162,12,3,0,15,200
8,168,60,4,0,20,80
8,179,120,7,0,40,80
8,181,120,27,0,10,50
8,185,5,1,0,25,200
8,186,0,0,0,25,80
8,191,12,2,0,15,80
8,192,250,12,50,20,100
8,193,0,0,0,20,200
8,196,60,14,100,40,50
8,198,400,18,0,40,200
8,199,30,5,50,40,80
8,207,0,0,50,25,200
8,211,12,1,100,25,200
8,213,30,7,0,25,80
8,214,12,1,100,10,200
8,215,12,0,0,20,50
8,218,0,0,0,10,200
8,223,400,58,0,10,50
8,227,0,0,0,40,100
8,228,30,3,0,10,100
8,230,120,5,0,25,100
8,232,30,2,0,20,50
8,233,250,51,100,40,200
8,239,5,0,100,25,100
8,240,0,0,0,10,100
8,249,0,0,0,20,100
8,254,5,0,50,25,200
8,256,5,0,0,25,200
8,258,60,5,100,40,100
8,262,400,29,0,10,100
8,265,400,53,0,40,80
8,267,60,3,0,25,80
8,268,0,0,0,10,80
8,269,120,27,100,10,200
8,275,250,13,0,15,200
8,281,30,4,50,25,80
8,283,120,4,0,25,100
8,287,12,0,0,40,50
8,288,250,46,0,15,100
8,290,250,14,100,40,100
8,294,250,42,0,25,100
8,297,5,1,0,10,80
8,298,250,0,50,25,50
8,303,0,0,50,40,100
8,304,30,7,0,15,100
8,309,120,0,0,20,80
8,311,12,2,0,20,80
8,320,120,16,0,40,100
8,328,60,14,50,20,50
8,330,0,0,50,40,100
8,339,0,0,0,10,80
8,342,30,5,0,10,100
8,345,30,5,50,25,50
8,354,60,8,100,25,100
8,356,5,1,0,25,80
8,361,12,0,0,10,50
8,363,60,8,100,25,100
8,365,400,8,50,40,200
8,367,250,0,100,20,200
8,368,30,4,0,10,50
8,372,12,2,50,40,100
8,374,0,0,0,10,200
8,376,5,1,100,15,100
8,380,60,0,0,10,50
8,381,60,10,0,40,100
8,382,400,0,50,25,50
8,383,12,2,0,10,200
8,384,250,19,0,10,200
8,388,120,25,100,20,200
8,390,5,0,50,10,200
8,393,12,0,100,20,80
8,399,12,3,0,20,50
8,402,12,1,0,10,200
8,403,30,0,100,25,200
8,414,30,6,0,25,50
8,416,5,1,0,40,80
8,417,12,1,50,20,50
8,419,400,47,0,25,50
8,420,5,0,0,10,200
8,422,0,0,50,25,200
8,423,120,24,0,40,200
8,426,5,0,50,40,200
8,429,0,0,0,25,100
8,430,60,8,0,25,50
8,431,400,53,0,10,100
8,435,400,95,100,15,50
8,436,250,13,0,20,200
8,437,0,0,0,10,50
8,440,60,0,0,10,50
8,451,30,7,0,20,200
8,452,250,60,0,20,200
8,453,120,6,0,15,100
8,454,0,0,50,20,50
8,461,12,2,100,20,100
8,462,30,3,0,40,50
8,464,250,55,100,25,50
8,479,5,1,0,40,100
8,483,400,23,0,10,100
8,485,60,14,100,20,200
8,487,5,1,100,15,50
8,488,250,4,0,15,200
8,490,5,1,0,10,100
8,495,12,2,50,20,200
8,503,0,0,50,15,80
8,508,0,0,50,15,80
8,510,30,6,0,10,100
8,512,0,0,100,20,100
8,513,400,16,100,20,50
8,515,250,50,0,25,200
8,517,120,3,0,15,200
8,523,30,3,0,40,80
8,524,0,0,0,10,100
8,526,120,24,0,20,100
8,528,400,39,0,25,50
8,529,120,17,100,40,200
8,531,0,0,0,40,50
8,533,0,0,0,25,50
8,536,0,0,0,10,80
8,540,12,1,0,15,200
8,541,250,46,50,40,200
8,554,30,7,50,40,80
8,558,250,8,0,15,100
8,560,120,3,100,20,200
8,563,30,3,0,10,100
8,576,30,2,100,25,200
8,581,0,0,0,15,200
8,587,60,8,100,25,200
8,593,120,25,0,20,100
8,599,0,0,0,10,80
9,6,0,0,0,25,100
9,10,0,0,0,15,100
9,11,120,30,50,40,100
9,14,400,12,0,25,80
9,15,5,0,0,25,200
9,16,250,17,50,25,200
9,23,250,24,0,40,100
9,25,0,0,0,25,200
9,28,12,0,0,20,80
9,34,250,57,100,15,50
9,40,30,0,100,15,200
9,41,12,1,0,15,80
9,54,120,19,0,25,100
9,60,30,2,100,40,100
9,62,120,19,100,20,100
9,65,12,0,100,25,50
9,67,12,2,50,15,100
9,69,120,15,0,40,80
9,72,5,0,100,25,80
9,73,5,1,50,10,100
9,75,0,0,100,25,200
9,79,0,0,0,10,80
9,81,30,0,0,10,50
9,83,0,0,0,15,80
9,89,60,7,100,10,80
9,90,120,8,0,25,50
9,91,30,0,0,10,200
9,98,12,3,50,20,200
9,106,400,24,100,25,100
9,111,120,6,50,20,100
9,116,120,25,0,20,50
9,120,250,36,0,25,80
9,125,30,4,100,40,50
9,127,0,0,100,10,200
9,133,60,10,50,15,200
9,135,30,5,0,25,50
9,137,60,8,100,20,80
9,138,5,1,50,40,100
9,140,0,0,0,40,200
9,141,0,0,50,10,80
9,145,120,30,0,10,80
9,147,12,1,0,15,80
9,150,0,0,0,20,80
9,152,120,26,0,10,50
9,153,30,7,50,10,200
9,157,0,0,100,25,80
9,158,250,53,0,25,50
9,159,30,6,50,15,100
9,160,5,0,100,15,200
9,162,12,0,0,40,100
9,166,30,7,0,10,100
9,169,250,22,0,20,50
9,175,5,1,100,10,200
9,178,12,3,0,40,80
9,181,0,0,100,40,100
9,183,400,89,100,25,50
9,185,0,0,100,20,200
9,188,60,12,100,25,100
9,191,30,5,0,40,50
9,203,0,0,0,40,80
9,204,0,0,0,10,200
9,208,60,0,0,25,100
9,209,0,0,50,25,200
9,219,250,59,0,40,50
9,226,120,30,0,10,80
9,233,120,15,0,10,80
9,234,60,15,0,20,50
9,237,30,2,0,25,100
9,250,120,2,50,25,50
9,251,12,3,0,10,100
9,256,0,0,0,25,100
9,258,120,7,50,15,100
9,259,250,17,0,25,50
9,260,120,30,0,40,50
9,264,60,10,0,10,80
9,265,250,25,0,20,80
9,270,120,23,0,10,50
9,271,5,1,100,20,80
9,280,60,0,0,15,200
9,286,120,15,100,15,80
9,287,30,1,0,15,100
9,290,12,0,100,10,200
9,291,12,0,0,40,200
9,298,60,3,100,40,50
9,301,400,0,0,10,200
9,302,0,0,0,20,100
9,304,60,4,50,10,80
9,310,0,0,100,10,200
9,315,250,62,0,10,80
9,316,5,0,50,25,100
9,318,5,0,100,20,200
9,321,120,0,50,20,200
9,324,0,0,0,15,100
9,325,400,95,50,20,100
9,327,60,7,0,20,80
9,328,250,59,50,40,200
9,330,60,13,100,20,80
9,333,250,32,0,10,50
9,334,120,11,0,20,80
9,335,0,0,100,20,100
9,336,12,3,50,20,50
9,339,60,10,100,20,200
9,340,30,4,50,40,80
9,343,5,1,0,20,200
9,344,12,3,0,10,200
9,345,0,0,0,10,200
9,347,400,3,0,10,80
9,348,30,0,100,10,50
9,356,12,2,50,15,100
9,362,60,14,100,15,100
9,367,5,0,0,40,100
9,368,12,3,0,10,200
9,369,30,2,50,40,100
9,372,120,19,100,40,200
9,376,0,0,0,10,80
9,377,0,0,0,15,100
9,381,400,28,0,10,80
9,383,12,3,50,10,200
9,389,12,2,0,10,80
9,392,12,0,100,15,80
9,395,30,3,0,10,80
9,396,5,0,50,40,50
9,402,60,1,0,25,50
9,405,250,19,0,40,100
9,406,30,2,0,15,100
9,410,60,8,100,10,80
9,419,12,3,100,25,50
9,420,0,0,0,15,100
9,421,0,0,0,20,50
9,424,30,3,50,40,100
9,425,12,0,50,25,100
9,428,120,19,0,20,100
9,434,250,38,50,20,100
9,436,250,5,0,15,80
9,439,400,79,100,20,80
9,440,5,0,0,15,200
9,445,0,0,50,15,80
9,446,400,41,50,10,100
9,449,5,1,100,10,80
9,455,30,5,0,10,200
9,459,0,0,100,40,50
9,461,0,0,50,20,50
9,466,120,26,0,20,50
9,467,250,14,50,20,80
9,470,250,38,100,15,200
9,472,0,0,0,40,200
9,475,5,0,100,10,200
9,480,5,0,50,40,100
9,496,250,30,0,40,200
9,498,30,5,0,10,100
9,499,0,0,0,40,100
9,504,0,0,50,15,100
9,505,30,6,0,10,50
9,506,250,23,0,20,80
9,510,120,21,50,15,50
9,511,60,12,0,25,80
9,513,30,7,0,15,50
9,516,250,2,0,10,100
9,518,0,0,50,40,80
9,519,60,1,0,15,80
9,520,0,0,0,25,50
9,521,0,0,100,40,50
9,524,250,13,0,25,100
9,525,120,19,100,40,200
9,530,250,16,0,15,200
9,533,250,8,0,40,80
9,534,12,2,100,20,100
9,543,120,2,0,15,200
9,553,250,14,50,40,50
9,560,60,5,0,25,80
9,567,120,10,0,10,50
9,568,12,1,50,40,200
9,571,30,6,0,10,80
9,572,250,56,50,15,80
9,575,400,69,0,20,100
9,577,5,1,0,25,200
9,579,400,30,0,15,50
9,583,5,0,50,25,50
9,594,250,11,0,20,200
9,596,5,0,0,10,50
9,597,250,42,100,10,100
9,598,60,2,0,15,200
10,2,60,4,0,15,100
10,4,30,3,0,25,80
10,5,60,1,0,40,200
10,6,400,5,0,40,50
10,10,400,41,0,20,50
10,11,250,41,100,10,80
10,12,30,2,100,15,100
10,22,60,5,100,20,100
10,23,5,1,0,25,100
10,30,250,46,50,15,200
10,48,5,1,0,25,200
10,50,60,15,100,20,80
10,53,0,0,100,40,80
10,54,12,3,100,10,80
10,56,0,0,50,10,50
10,57,120,20,0,40,100
10,59,400,78,0,15,200
10,63,5,1,0,40,200
10,64,5,1,0,10,100
10,68,120,18,0,25,80
10,74,0,0,0,20,200
10,76,60,5,50,25,80
10,79,120,13,50,40,50
10,81,30,1,0,20,200
10,85,12,3,0,25,200
10,86,60,11,0,15,200
10,90,250,25,50,15,100
10,92,5,0,0,25,80
10,100,5,1,0,20,200
10,105,400,81,0,15,50
10,107,12,1,100,20,80
10,116,0,0,50,25,80
10,119,5,0,50,10,50
10,120,250,15,100,25,100
10,127,250,39,0,40,80
10,131,0,0,0,40,200
10,141,5,0,50,40,80
10,144,5,1,50,40,80
10,146,0,0,0,20,200
10,148,250,34,100,25,50
10,151,0,0,0,15,50
10,154,60,8,100,15,100
10,157,0,0,0,40,50
10,158,12,2,0,40,50
10,160,0,0,0,10,50
10,164,12,3,50,25,50
10,168,60,13,100,40,50
10,169,250,17,0,40,80
10,173,250,58,0,15,200
10,174,0,0,0,40,200
10,177,0,0,50,10,200
10,181,60,9,0,25,80
10,186,0,0,100,20,200
10,189,5,1,0,40,50
10,190,5,0,0,15,50
10,195,0,0,100,40,50
10,197,0,0,100,40,80
10,198,60,5,0,20,100
10,201,5,0,0,25,80
10,202,120,16,100,10,50
10,208,12,2,0,20,50
10,210,60,11,0,20,100
10,211,400,50,0,10,80
10,214,120,12,100,20,80
10,217,0,0,100,40,80
10,218,120,8,0,10,100
10,219,250,53,50,20,100
10,220,250,17,0,15,50
10,221,120,15,50,20,80
10,225,250,22,100,40,200
10,226,120,12,0,15,100
10,227,30,1,100,15,200
10,235,12,3,0,10,80
10,236,60,9,100,20,100
10,237,5,1,0,40,200
10,239,12,1,0,40,100
10,243,120,9,100,20,50
10,247,60,5,100,40,100
10,252,5,1,0,20,100
10,266,5,0,0,15,50
10,286,0,0,50,40,50
10,287,30,7,0,25,200
10,295,250,24,0,10,100
10,296,5,1,50,20,50
10,297,120,30,0,15,50
10,301,0,0,0,40,80
10,304,0,0,0,40,100
10,306,30,1,0,20,50
10,308,0,0,50,15,50
10,309,0,0,50,40,50
10,311,60,6,100,20,200
10,313,0,0,100,25,100
10,315,12,1,50,40,200
10,321,30,1,0,40,50
10,324,400,21,50,10,200
10,326,60,2,0,25,200
10,329,0,0,0,15,100
10,330,250,19,0,25,200
10,336,120,25,100,10,80
10,340,250,16,0,25,80
10,343,250,19,0,15,50
10,346,120,23,0,10,100
10,349,0,0,0,15,100
10,350,60,1,0,25,200
10,352,0,0,0,25,80
10,354,400,43,0,20,80
10,358,250,29,0,10,80
10,361,0,0,0,10,200
10,366,0,0,0,40,100
10,374,250,29,0,20,80
10,378,0,0,0,10,80
10,380,12,1,100,15,100
10,385,0,0,0,10,200
10,388,60,14,50,15,200
10,389,0,0,0,40,100
10,390,5,0,100,10,50
10,391,30,3,50,20,200
10,392,0,0,0,40,50
10,394,120,23,0,40,200
10,399,400,51,0,10,100
10,402,250,17,50,40,50
10,405,12,2,0,20,80
10,407,30,2,0,10,50
10,411,0,0,50,40,100
10,415,0,0,50,25,100
10,417,60,9,0,10,100
10,419,120,0,0,25,50
10,430,30,7,0,15,50
10,435,0,0,50,25,100
10,442,0,0,100,40,100
10,443,0,0,0,40,50
10,449,30,2,50,20,200
10,451,0,0,100,10,200
10,453,120,26,0,15,200
10,454,12,3,100,10,80
10,455,0,0,0,20,200
10,458,30,7,50,15,80
10,461,400,17,0,25,80
10,467,400,97,0,10,200
10,469,0,0,50,40,80
10,478,250,53,0,20,200
10,481,0,0,50,15,200
10,482,0,0,100,25,100
10,484,250,40,50,40,200
10,485,30,3,0,20,200
10,486,30,4,0,15,50
10,487,30,1,0,40,200
10,488,250,45,0,20,200
10,495,0,0,50,25,80
10,505,60,3,0,40,80
10,507,400,86,50,10,200
10,508,12,0,0,40,200
10,509,60,11,0,20,100
10,511,30,7,100,25,50
10,514,30,5,100,15,200
10,516,120,4,0,10,100
10,517,12,2,100,15,80
10,519,5,1,50,10,200
10,522,0,0,50,15,200
10,524,0,0,0,15,50
10,527,0,0,0,10,200
10,528,12,1,0,15,50
10,539,30,5,0,25,80
10,540,30,7,0,10,100
10,544,120,9,0,20,80
10,546,400,75,0,20,100
10,551,12,0,0,40,100
10,555,12,3,0,15,80
10,558,30,0,0,20,100
10,560,0,0,100,40,200
10,567,0,0,50,20,50
10,569,0,0,0,40,80
10,583,400,56,0,15,80
10,584,250,16,0,25,50
10,585,0,0,0,10,50
10,587,30,4,0,15,50
10,589,60,6,0,15,50
10,590,250,24,0,40,50
10,592,30,5,100,25,100
